{"type":"FeatureCollection","features":[{"type":"Feature","properties":{"u":"278505356","v":"9279255469","key":"0","osmid":333789819,"name":"Basey-Sohoton Road","ref":"670","highway":"primary","length":248.11259520684195,"oneway":false},"geometry":{"type":"LineString","coordinates":[[125.070129,11.2897173],[125.06946,11.2875846]]}},{"type":"Feature","properties":{"u":"278505356","v":"8318250119","key":"0","osmid":894884451,"name":"Basey-Sohoton Road","ref":null,"highway":"secondary","length":71.40583123102881,"oneway":false},"geometry":{"type":"LineString","coordinates":[[125.070129,11.2897173],[125.0700791,11.2903576]]}},{"type":"Feature","properties":{"u":"278505356","v":"1170095477","key":"0","osmid":61414431,"name":"Basey-Marabut Road","ref":"670","highway":"primary","length":67.3440714192063,"oneway":false},"geometry":{"type":"LineString","coordinates":[[125.070129,11.2897173],[125.0702348,11.2899632],[125.0702607,11.2900019],[125.0703252,11.2900985],[125.0704469,11.2902292]]}},{"type":"Feature","properties":{"u":"278505358","v":"1107290380","key":"0","osmid":337410401,"name":"Cong. Valeriano C. Yancha Street","ref":null,"highway":"tertiary","length":33.037122417402855,"oneway":false},"geometry":{"type":"LineString","coordinates":[[125.0682322,11.2837497],[125.0685341,11.2837746]]}},{"type":"Feature","properties":{"u":"278505358","v":"1107290307","key":"0","osmid":325737545,"name":"Basey-Sohoton Road","ref":"670","highway":"primary","length":55.234332941878506,"oneway":false},"geometry":{"type":"LineString","coordinates":[[125.0682322,11.2837497],[125.0682586,11.2838341],[125.0683014,11.2839874],[125.0683669,11.2842285]]}},{"type":"Feature","properties":{"u":"278505358","v":"1107290389","key":"0","osmid":325737545,"name":"Basey-Sohoton Road","ref":"670","highway":"primary","length":60.2153101784007,"oneway":false},"geometry":{"type":"LineString","coordinates":[[125.0682322,11.2837497],[125.068244,11.2835919],[125.0682786,11.2832101]]}},{"type":"Feature","properties":{"u":"278505358","v":"2530912165","key":"0","osmid":[245997280,245997281,899728951],"name":"Cag-orom Tres","ref":null,"highway":"service","length":116.39737245670278,"oneway":false},"geometry":{"type":"LineString","coordinates":[[125.0682322,11.2837497],[125.0678899,11.2837351],[125.0678406,11.2837336],[125.0677055,11.2837302],[125.0675775,11.283731],[125.0674742,11.2837579],[125.067375,11.2838198],[125.0672536,11.2839604]]}},{"type":"Feature","properties":{"u":"278505361","v":"1107290236","key":"0","osmid":95489220,"name":"Serafin Marabut Street","ref":null,"highway":"tertiary","length":52.665917393766236,"oneway":false},"geometry":{"type":"LineString","coordinates":[[125.0669888,11.2818259],[125.0671182,11.2817503],[125.0672911,11.2816428],[125.0673715,11.2815456]]}},{"type":"Feature","properties":{"u":"278505361","v":"1107290096","key":"0","osmid":325737545,"name":"Basey-Sohoton Road","ref":"670","highway":"primary","length":54.00953809519616,"oneway":false},"geometry":{"type":"LineString","coordinates":[[125.0669888,11.2818259],[125.0671859,11.2819048],[125.0674289,11.2820459]]}},{"type":"Feature","properties":{"u":"278505361","v":"2534977804","key":"0","osmid":325737545,"name":"Basey-Sohoton Road","ref":"670","highway":"primary","length":212.82479308246502,"oneway":false},"geometry":{"type":"LineString","coordinates":[[125.0669888,11.2818259],[125.0666293,11.2818207],[125.0663933,11.2818746],[125.0662485,11.2819575],[125.0661103,11.2820824],[125.0659709,11.282306],[125.0657791,11.2826414],[125.0656241,11.2829325]]}},{"type":"Feature","properties":{"u":"278505378","v":"8382562389","key":"0","osmid":245072660,"name":"Tingid Basey Economic Road","ref":null,"highway":"residential","length":254.5016894721731,"oneway":false},"geometry":{"type":"LineString","coordinates":[[125.0325787,11.2815471],[125.0326612,11.2810615],[125.0326243,11.2808514],[125.0324875,11.2803779],[125.0322877,11.2799833],[125.0320932,11.2793613]]}},{"type":"Feature","properties":{"u":"278505378","v":"8382944745","key":"0","osmid":387032401,"name":"San Juanico-Basey Road","ref":"670","highway":"primary","length":1284.3320500345394,"oneway":false},"geometry":{"type":"LineString","coordinates":[[125.0325787,11.2815471],[125.0341332,11.2834339],[125.0342711,11.2835726],[125.0344555,11.283701],[125.0358833,11.2843119],[125.0361309,11.2843682],[125.0363473,11.2843891],[125.0371277,11.2843277],[125.0373885,11.2843493],[125.0400941,11.2849665],[125.0408012,11.2850848],[125.0414619,11.285153],[125.0431036,11.2852852]]}},{"type":"Feature","properties":{"u":"278505378","v":"8382614597","key":"0","osmid":387032401,"name":"San Juanico-Basey Road","ref":"670","highway":"primary","length":174.55531595290864,"oneway":false},"geometry":{"type":"LineString","coordinates":[[125.0325787,11.2815471],[125.0323851,11.2814064],[125.0321703,11.2812971],[125.0319179,11.2812472],[125.0316277,11.2812183],[125.0312993,11.2812394],[125.0310686,11.2813025]]}},{"type":"Feature","properties":{"u":"278505381","v":"1684194061","key":"0","osmid":156132404,"name":null,"ref":null,"highway":"tertiary","length":73.18570599526853,"oneway":false},"geometry":{"type":"LineString","coordinates":[[125.0203951,11.2844557],[125.0197613,11.2846722]]}},{"type":"Feature","properties":{"u":"278505381","v":"8382610957","key":"0","osmid":387032401,"name":"San Juanico-Basey Road","ref":"670","highway":"primary","length":82.30951890684524,"oneway":false},"geometry":{"type":"LineString","coordinates":[[125.0203951,11.2844557],[125.0210935,11.2841749]]}},{"type":"Feature","properties":{"u":"278505381","v":"2526452750","key":"0","osmid":387032401,"name":"San Juanico-Basey Road","ref":"670","highway":"primary","length":89.3931828186305,"oneway":false},"geometry":{"type":"LineString","coordinates":[[125.0203951,11.2844557],[125.020274,11.2845509],[125.0201639,11.2846779],[125.0200928,11.2847815],[125.020026,11.284914],[125.0200003,11.2849835],[125.0199841,11.285121]]}},{"type":"Feature","properties":{"u":"278505659","v":"2524491268","key":"0","osmid":245214943,"name":"Butalid Street","ref":null,"highway":"residential","length":97.90350618601315,"oneway":false},"geometry":{"type":"LineString","coordinates":[[125.1474496,11.2796403],[125.1473049,11.2795911],[125.1470319,11.2791962],[125.1468974,11.2789801]]}},{"type":"Feature","properties":{"u":"278505659","v":"278505660","key":"0","osmid":[245374028,245446869,245446871],"name":"Basey-Marabut Road","ref":"670","highway":"primary","length":244.9838527501421,"oneway":false},"geometry":{"type":"LineString","coordinates":[[125.1474496,11.2796403],[125.1474833,11.2797408],[125.1476081,11.2800143],[125.1476662,11.2801282],[125.1481473,11.2811265],[125.1481695,11.2812037],[125.1481741,11.2813034],[125.1481661,11.2813701],[125.1481435,11.2814391],[125.1481037,11.2815068],[125.1479856,11.2816291]]}},{"type":"Feature","properties":{"u":"278505659","v":"4953817669","key":"0","osmid":245374028,"name":"Basey-Marabut Road","ref":"670","highway":"primary","length":965.5149108586663,"oneway":false},"geometry":{"type":"LineString","coordinates":[[125.1474496,11.2796403],[125.147472,11.2793448],[125.1476096,11.2791258],[125.1478862,11.278797],[125.1482028,11.2784976],[125.1513516,11.2756883],[125.1516042,11.2754096],[125.1517734,11.2751243],[125.1518792,11.2748168],[125.1519545,11.2745825],[125.1521179,11.273902],[125.1521916,11.2736654],[125.1525002,11.2728416]]}},{"type":"Feature","properties":{"u":"278505660","v":"8318090266","key":"0","osmid":245446871,"name":"Basey-Marabut Road","ref":"670","highway":"primary","length":2333.9437311190386,"oneway":false},"geometry":{"type":"LineString","coordinates":[[125.1479856,11.2816291],[125.1478273,11.2817304],[125.1451711,11.2831411],[125.1448278,11.2832805],[125.1441295,11.2834609],[125.1438207,11.2835736],[125.143548,11.2837846],[125.1433459,11.2839815],[125.1431715,11.2840992],[125.1429865,11.2841795],[125.1427893,11.2842196],[125.1423923,11.2842868],[125.1421992,11.2843498],[125.1401718,11.2851424],[125.1379315,11.2859684],[125.1374754,11.286117],[125.13453,11.2868582],[125.1319847,11.287459],[125.1311304,11.2876354],[125.1282313,11.2880662],[125.1278481,11.2881638]]}},{"type":"Feature","properties":{"u":"278505660","v":"278505659","key":"0","osmid":[245374028,245446869,245446871],"name":"Basey-Marabut Road","ref":"670","highway":"primary","length":244.98385275014212,"oneway":false},"geometry":{"type":"LineString","coordinates":[[125.1479856,11.2816291],[125.1481037,11.2815068],[125.1481435,11.2814391],[125.1481661,11.2813701],[125.1481741,11.2813034],[125.1481695,11.2812037],[125.1481473,11.2811265],[125.1476662,11.2801282],[125.1476081,11.2800143],[125.1474833,11.2797408],[125.1474496,11.2796403]]}},{"type":"Feature","properties":{"u":"278505660","v":"1170164897","key":"0","osmid":953254491,"name":null,"ref":null,"highway":"tertiary","length":1546.1914342705531,"oneway":false},"geometry":{"type":"LineString","coordinates":[[125.1479856,11.2816291],[125.1482037,11.2817973],[125.1485349,11.2820587],[125.1487075,11.2821252],[125.1491294,11.2821955],[125.1504291,11.2823491],[125.1507404,11.282444],[125.1509611,11.2826079],[125.1511533,11.2828161],[125.1513078,11.2830408],[125.1514916,11.2834051],[125.1515807,11.283673],[125.1516223,11.2839606],[125.1515298,11.2846739],[125.1513795,11.2851925],[125.1513124,11.2854384],[125.1512848,11.2856974],[125.1513467,11.2859051],[125.1514394,11.2860608],[125.1518633,11.2866326],[125.1525213,11.2872464],[125.152687,11.2875199],[125.1528192,11.2877331],[125.1534997,11.2886761],[125.1538185,11.2893381],[125.1539501,11.289556],[125.1555311,11.2907014],[125.155947,11.2910939],[125.15603,11.2913195]]}},{"type":"Feature","properties":{"u":"278505664","v":"12971310207","key":"0","osmid":245446871,"name":"Basey-Marabut Road","ref":"670","highway":"primary","length":883.0454430491026,"oneway":false},"geometry":{"type":"LineString","coordinates":[[125.1276657,11.2882072],[125.1199762,11.2906979]]}},{"type":"Feature","properties":{"u":"278505664","v":"12971310207","key":"1","osmid":[894868892,900642005],"name":null,"ref":null,"highway":"residential","length":903.0567906805913,"oneway":false},"geometry":{"type":"LineString","coordinates":[[125.1276657,11.2882072],[125.1274793,11.2881532],[125.1272419,11.2881559],[125.1265874,11.2882229],[125.1251833,11.2883742],[125.1245235,11.2885307],[125.124265,11.2886122],[125.1236078,11.2888569],[125.1231464,11.2890094],[125.1221111,11.289362],[125.1215356,11.2897039],[125.1201046,11.2905457],[125.1199762,11.2906979]]}},{"type":"Feature","properties":{"u":"278505664","v":"8318090266","key":"0","osmid":245446871,"name":"Basey-Marabut Road","ref":"670","highway":"primary","length":20.466712899029403,"oneway":false},"geometry":{"type":"LineString","coordinates":[[125.1276657,11.2882072],[125.1278481,11.2881638]]}},{"type":"Feature","properties":{"u":"278505668","v":"2526403117","key":"0","osmid":61414429,"name":"Basey-Marabut Road","ref":"670","highway":"primary","length":23.84959615609738,"oneway":false},"geometry":{"type":"LineString","coordinates":[[125.1197729,11.2962019],[125.1198216,11.2959928]]}},{"type":"Feature","properties":{"u":"278505668","v":"4953817648","key":"0","osmid":61414429,"name":"Basey-Marabut Road","ref":"670","highway":"primary","length":357.37223687133513,"oneway":false},"geometry":{"type":"LineString","coordinates":[[125.1197729,11.2962019],[125.1196911,11.2963751],[125.119566,11.29654],[125.1177588,11.2985595],[125.1176542,11.2986405]]}},{"type":"Feature","properties":{"u":"278505668","v":"4953819054","key":"0","osmid":[245454889,245442595],"name":null,"ref":null,"highway":"secondary","length":1031.742269900964,"oneway":false},"geometry":{"type":"LineString","coordinates":[[125.1197729,11.2962019],[125.1199815,11.2962011],[125.1202891,11.2962088],[125.1207885,11.2963262],[125.12902,11.2981193]]}},{"type":"Feature","properties":{"u":"278505757","v":"8318341302","key":"0","osmid":387032401,"name":"San Juanico-Basey Road","ref":"670","highway":"primary","length":64.49592796779608,"oneway":false},"geometry":{"type":"LineString","coordinates":[[125.0584531,11.2872708],[125.0588736,11.2868629]]}},{"type":"Feature","properties":{"u":"278505757","v":"1170095219","key":"0","osmid":387032401,"name":"San Juanico-Basey Road","ref":"670","highway":"primary","length":38.20587176112729,"oneway":false},"geometry":{"type":"LineString","coordinates":[[125.0584531,11.2872708],[125.0581624,11.2874626]]}},{"type":"Feature","properties":{"u":"278505757","v":"6572139357","key":"0","osmid":[246097553,246096082,246095859,246095860,246096083],"name":"Dolongan-Basey Road","ref":"670","highway":"secondary","length":697.2386941500959,"oneway":false},"geometry":{"type":"LineString","coordinates":[[125.0584531,11.2872708],[125.0584156,11.2881224],[125.0584062,11.2884358],[125.0583766,11.2890176],[125.0583615,11.2892672],[125.058299,11.2895682],[125.0581674,11.2900024],[125.0580836,11.2902248],[125.057613,11.2918912],[125.0575731,11.2919988],[125.0573435,11.2928008],[125.0571787,11.2933766]]}},{"type":"Feature","properties":{"u":"766787005","v":"2525668794","key":"0","osmid":245356317,"name":null,"ref":null,"highway":"tertiary","length":335.1884669737041,"oneway":false},"geometry":{"type":"LineString","coordinates":[[125.000873,11.3044249],[125.0007085,11.3039278],[125.000558,11.3037142],[125.0002219,11.3034441],[124.999949,11.3031759],[124.9996046,11.3030562],[124.9994621,11.3030016],[124.9993063,11.3029508],[124.9992475,11.3028854],[124.9991749,11.302703],[124.9991155,11.3025467],[124.9990643,11.3024063],[124.9991064,11.3022528]]}},{"type":"Feature","properties":{"u":"766787005","v":"2525615067","key":"0","osmid":387032401,"name":"San Juanico-Basey Road","ref":"670","highway":"primary","length":1256.9221928458514,"oneway":false},"geometry":{"type":"LineString","coordinates":[[125.000873,11.3044249],[125.001467,11.304248],[125.0016498,11.3041625],[125.0018161,11.3040586],[125.0019623,11.3039455],[125.0022506,11.3036891],[125.0023673,11.3036194],[125.0024363,11.3035839],[125.0025503,11.3035451],[125.0026697,11.3035286],[125.0029557,11.3035257],[125.004131,11.3035507],[125.0044218,11.3035082],[125.0046308,11.3034386],[125.0048028,11.3033642],[125.0049674,11.303252],[125.0050872,11.3031582],[125.0055403,11.3026708],[125.0056953,11.3025625],[125.0059022,11.3024498],[125.0061456,11.3023925],[125.0078992,11.3024616],[125.0082019,11.3024525],[125.0084592,11.3024158],[125.008702,11.302373],[125.00916,11.3022083],[125.0115444,11.3013075]]}},{"type":"Feature","properties":{"u":"1107290005","v":"1107290009","key":"0","osmid":337410399,"name":"Serafin Marabut Street","ref":null,"highway":"tertiary","length":55.85993359974192,"oneway":false},"geometry":{"type":"LineString","coordinates":[[125.0708713,11.2838382],[125.0708634,11.2833359]]}},{"type":"Feature","properties":{"u":"1107290005","v":"1107290132","key":"0","osmid":337410401,"name":"Cong. Valeriano C. Yancha Street","ref":null,"highway":"tertiary","length":66.71049992978827,"oneway":false},"geometry":{"type":"LineString","coordinates":[[125.0708713,11.2838382],[125.0702597,11.2838242]]}},{"type":"Feature","properties":{"u":"1107290005","v":"2533972639","key":"0","osmid":[953624613,95489205],"name":null,"ref":null,"highway":"residential","length":116.5865995112246,"oneway":false},"geometry":{"type":"LineString","coordinates":[[125.0708713,11.2838382],[125.07117,11.2838502],[125.0712253,11.2839172],[125.071226,11.2840973],[125.0711,11.2844466],[125.0709795,11.2844377]]}},{"type":"Feature","properties":{"u":"1107290005","v":"2533972626","key":"0","osmid":337410434,"name":null,"ref":null,"highway":"tertiary","length":64.51115262130135,"oneway":false},"geometry":{"type":"LineString","coordinates":[[125.0708713,11.2838382],[125.0709013,11.2843067],[125.0708983,11.2844174]]}},{"type":"Feature","properties":{"u":"1107290007","v":"1107290434","key":"0","osmid":95489157,"name":null,"ref":null,"highway":"residential","length":48.95924173416797,"oneway":false},"geometry":{"type":"LineString","coordinates":[[125.0672294,11.2795436],[125.0671292,11.2796424],[125.0670733,11.2796923],[125.0669671,11.2798938]]}},{"type":"Feature","properties":{"u":"1107290009","v":"1107290327","key":"0","osmid":95489194,"name":"Colonel Luciano A. Abia Street","ref":null,"highway":"residential","length":55.813271305560654,"oneway":false},"geometry":{"type":"LineString","coordinates":[[125.0708634,11.2833359],[125.0703516,11.2833302]]}},{"type":"Feature","properties":{"u":"1107290009","v":"1107290005","key":"0","osmid":337410399,"name":"Serafin Marabut Street","ref":null,"highway":"tertiary","length":55.85993359974192,"oneway":false},"geometry":{"type":"LineString","coordinates":[[125.0708634,11.2833359],[125.0708713,11.2838382]]}},{"type":"Feature","properties":{"u":"1107290009","v":"1107290079","key":"0","osmid":337410399,"name":"Serafin Marabut Street","ref":null,"highway":"tertiary","length":48.42738957487883,"oneway":false},"geometry":{"type":"LineString","coordinates":[[125.0708634,11.2833359],[125.070824,11.2829021]]}},{"type":"Feature","properties":{"u":"1107290013","v":"4644489900","key":"0","osmid":95489187,"name":"San Roque Street","ref":null,"highway":"residential","length":64.27029048061259,"oneway":false},"geometry":{"type":"LineString","coordinates":[[125.0674009,11.2808788],[125.0679875,11.2809349]]}},{"type":"Feature","properties":{"u":"1107290013","v":"2534976942","key":"0","osmid":337410400,"name":"Serafin Marabut Street","ref":null,"highway":"tertiary","length":60.6754733757476,"oneway":false},"geometry":{"type":"LineString","coordinates":[[125.0674009,11.2808788],[125.0673835,11.2814242]]}},{"type":"Feature","properties":{"u":"1107290013","v":"1107290176","key":"0","osmid":337410400,"name":"Serafin Marabut Street","ref":null,"highway":"tertiary","length":43.76617381502325,"oneway":false},"geometry":{"type":"LineString","coordinates":[[125.0674009,11.2808788],[125.0674455,11.280697],[125.0674888,11.2804948]]}},{"type":"Feature","properties":{"u":"1107290024","v":"1107290136","key":"0","osmid":95489202,"name":null,"ref":null,"highway":"tertiary","length":43.20199756959565,"oneway":false},"geometry":{"type":"LineString","coordinates":[[125.0698492,11.2854124],[125.0694559,11.2853656]]}},{"type":"Feature","properties":{"u":"1107290024","v":"2533973394","key":"0","osmid":246351734,"name":"San Fernando Street","ref":null,"highway":"residential","length":45.86676276332321,"oneway":false},"geometry":{"type":"LineString","coordinates":[[125.0698492,11.2854124],[125.0697732,11.2858181]]}},{"type":"Feature","properties":{"u":"1107290024","v":"1107290098","key":"0","osmid":246351734,"name":"San Fernando Street","ref":null,"highway":"residential","length":77.24016107147258,"oneway":false},"geometry":{"type":"LineString","coordinates":[[125.0698492,11.2854124],[125.0700222,11.2847388]]}},{"type":"Feature","properties":{"u":"1107290024","v":"2533972979","key":"0","osmid":246351737,"name":null,"ref":null,"highway":"tertiary","length":136.4604461215023,"oneway":false},"geometry":{"type":"LineString","coordinates":[[125.0698492,11.2854124],[125.0704113,11.2854729],[125.0704904,11.2854493],[125.0707637,11.2849219]]}},{"type":"Feature","properties":{"u":"1107290031","v":"1107290223","key":"0","osmid":95489181,"name":"Trece Martires Street","ref":null,"highway":"residential","length":50.3799367343368,"oneway":false},"geometry":{"type":"LineString","coordinates":[[125.0697661,11.2828077],[125.0693058,11.2827688]]}},{"type":"Feature","properties":{"u":"1107290031","v":"1107290225","key":"0","osmid":95489181,"name":"Trece Martires Street","ref":null,"highway":"residential","length":66.76313508510441,"oneway":false},"geometry":{"type":"LineString","coordinates":[[125.0697661,11.2828077],[125.0703752,11.2828685]]}},{"type":"Feature","properties":{"u":"1107290031","v":"1107290431","key":"0","osmid":246351729,"name":"Suguijon Street","ref":null,"highway":"residential","length":36.25273919729202,"oneway":false},"geometry":{"type":"LineString","coordinates":[[125.0697661,11.2828077],[125.0698066,11.2824841]]}},{"type":"Feature","properties":{"u":"1107290031","v":"1107290091","key":"0","osmid":246351729,"name":"Suguijon Street","ref":null,"highway":"residential","length":57.25258378041467,"oneway":false},"geometry":{"type":"LineString","coordinates":[[125.0697661,11.2828077],[125.0697078,11.2833194]]}},{"type":"Feature","properties":{"u":"1107290039","v":"1107290173","key":"0","osmid":95489171,"name":"San Fernando Street","ref":null,"highway":"residential","length":54.470513913634306,"oneway":false},"geometry":{"type":"LineString","coordinates":[[125.0704151,11.2820682],[125.0704232,11.282558]]}},{"type":"Feature","properties":{"u":"1107290039","v":"1107290360","key":"0","osmid":95489171,"name":"San Fernando Street","ref":null,"highway":"residential","length":74.60358893853531,"oneway":false},"geometry":{"type":"LineString","coordinates":[[125.0704151,11.2820682],[125.0703938,11.2813976]]}},{"type":"Feature","properties":{"u":"1107290039","v":"1107290104","key":"0","osmid":387034277,"name":"Calle Veteranos","ref":null,"highway":"residential","length":41.02958327026718,"oneway":false},"geometry":{"type":"LineString","coordinates":[[125.0704151,11.2820682],[125.0707912,11.2820789]]}},{"type":"Feature","properties":{"u":"1107290039","v":"1107290150","key":"0","osmid":387034277,"name":"Calle Veteranos","ref":null,"highway":"residential","length":59.91892344273818,"oneway":false},"geometry":{"type":"LineString","coordinates":[[125.0704151,11.2820682],[125.0704051,11.2820671],[125.0698688,11.2820103]]}},{"type":"Feature","properties":{"u":"1107290044","v":"12284512686","key":"0","osmid":95489176,"name":null,"ref":null,"highway":"residential","length":61.35788983070684,"oneway":false},"geometry":{"type":"LineString","coordinates":[[125.0700446,11.2806397],[125.0700745,11.2805528],[125.070127,11.2802747],[125.0701558,11.2800997]]}},{"type":"Feature","properties":{"u":"1107290044","v":"1107290409","key":"0","osmid":337410399,"name":"Serafin Marabut Street","ref":null,"highway":"tertiary","length":124.14712452314106,"oneway":false},"geometry":{"type":"LineString","coordinates":[[125.0700446,11.2806397],[125.0701409,11.2806751],[125.0704204,11.2807926],[125.0705789,11.2809356],[125.0706634,11.281075],[125.0707271,11.2814133]]}},{"type":"Feature","properties":{"u":"1107290044","v":"1107290094","key":"0","osmid":337410399,"name":"Serafin Marabut Street","ref":null,"highway":"tertiary","length":33.11243584311225,"oneway":false},"geometry":{"type":"LineString","coordinates":[[125.0700446,11.2806397],[125.069867,11.2805745],[125.0697959,11.2805599],[125.0697554,11.2805516]]}},{"type":"Feature","properties":{"u":"1107290051","v":"1107290144","key":"0","osmid":95489184,"name":null,"ref":null,"highway":"residential","length":43.464828307286616,"oneway":false},"geometry":{"type":"LineString","coordinates":[[125.066416,11.2797167],[125.0667966,11.2798328]]}},{"type":"Feature","properties":{"u":"1107290053","v":"1107290063","key":"0","osmid":246351727,"name":"Bungansakit Street","ref":null,"highway":"residential","length":54.9259553976327,"oneway":false},"geometry":{"type":"LineString","coordinates":[[125.06915,11.2837918],[125.0690605,11.2842779]]}},{"type":"Feature","properties":{"u":"1107290053","v":"1107290131","key":"0","osmid":246351727,"name":"Bungansakit Street","ref":null,"highway":"residential","length":58.270243372908325,"oneway":false},"geometry":{"type":"LineString","coordinates":[[125.06915,11.2837918],[125.0692186,11.2832721]]}},{"type":"Feature","properties":{"u":"1107290053","v":"1107290238","key":"0","osmid":337410401,"name":"Cong. Valeriano C. Yancha Street","ref":null,"highway":"tertiary","length":27.65435385440693,"oneway":false},"geometry":{"type":"LineString","coordinates":[[125.06915,11.2837918],[125.0688965,11.2837847]]}},{"type":"Feature","properties":{"u":"1107290053","v":"1107290365","key":"0","osmid":337410401,"name":"Cong. Valeriano C. Yancha Street","ref":null,"highway":"tertiary","length":55.39590670818257,"oneway":false},"geometry":{"type":"LineString","coordinates":[[125.06915,11.2837918],[125.0696578,11.283806]]}},{"type":"Feature","properties":{"u":"1107290063","v":"1107290088","key":"0","osmid":95489183,"name":null,"ref":null,"highway":"residential","length":58.77882255042105,"oneway":false},"geometry":{"type":"LineString","coordinates":[[125.0690605,11.2842779],[125.0695992,11.2842594]]}},{"type":"Feature","properties":{"u":"1107290063","v":"1107290265","key":"0","osmid":246351727,"name":"Bungansakit Street","ref":null,"highway":"residential","length":37.580777456955175,"oneway":false},"geometry":{"type":"LineString","coordinates":[[125.0690605,11.2842779],[125.0689993,11.2846105]]}},{"type":"Feature","properties":{"u":"1107290063","v":"1107290053","key":"0","osmid":246351727,"name":"Bungansakit Street","ref":null,"highway":"residential","length":54.9259553976327,"oneway":false},"geometry":{"type":"LineString","coordinates":[[125.0690605,11.2842779],[125.06915,11.2837918]]}},{"type":"Feature","properties":{"u":"1107290077","v":"1107290157","key":"0","osmid":95489187,"name":"San Roque Street","ref":null,"highway":"residential","length":30.349399754833208,"oneway":false},"geometry":{"type":"LineString","coordinates":[[125.0688383,11.2810715],[125.0691091,11.2811345]]}},{"type":"Feature","properties":{"u":"1107290077","v":"4644489900","key":"0","osmid":95489187,"name":"San Roque Street","ref":null,"highway":"residential","length":94.01212625106739,"oneway":false},"geometry":{"type":"LineString","coordinates":[[125.0688383,11.2810715],[125.0679875,11.2809349]]}},{"type":"Feature","properties":{"u":"1107290077","v":"1107290271","key":"0","osmid":95489225,"name":"San Lorenzo Ruiz Street","ref":null,"highway":"residential","length":36.50287020449464,"oneway":false},"geometry":{"type":"LineString","coordinates":[[125.0688383,11.2810715],[125.0688934,11.2807477]]}},{"type":"Feature","properties":{"u":"1107290077","v":"1107290138","key":"0","osmid":[95489225,387034277],"name":["Calle Veteranos","San Lorenzo Ruiz Street"],"ref":null,"highway":"residential","length":111.4770571609771,"oneway":false},"geometry":{"type":"LineString","coordinates":[[125.0688383,11.2810715],[125.0687181,11.2817907],[125.0687362,11.2818404],[125.068958,11.2818793]]}},{"type":"Feature","properties":{"u":"1107290079","v":"1107290225","key":"0","osmid":95489181,"name":"Trece Martires Street","ref":null,"highway":"residential","length":49.082264517173144,"oneway":false},"geometry":{"type":"LineString","coordinates":[[125.070824,11.2829021],[125.0703752,11.2828685]]}},{"type":"Feature","properties":{"u":"1107290079","v":"1107290009","key":"0","osmid":337410399,"name":"Serafin Marabut Street","ref":null,"highway":"tertiary","length":48.42738957487883,"oneway":false},"geometry":{"type":"LineString","coordinates":[[125.070824,11.2829021],[125.0708634,11.2833359]]}},{"type":"Feature","properties":{"u":"1107290079","v":"1107290146","key":"0","osmid":337410399,"name":"Serafin Marabut Street","ref":null,"highway":"tertiary","length":35.42723868796116,"oneway":false},"geometry":{"type":"LineString","coordinates":[[125.070824,11.2829021],[125.0708257,11.2825835]]}},{"type":"Feature","properties":{"u":"1107290079","v":"2533971724","key":"0","osmid":95489181,"name":"Trece Martires Street","ref":null,"highway":"residential","length":50.81399683730154,"oneway":false},"geometry":{"type":"LineString","coordinates":[[125.070824,11.2829021],[125.0711951,11.2828861],[125.0712876,11.2829052]]}},{"type":"Feature","properties":{"u":"1107290088","v":"1107290323","key":"0","osmid":95489183,"name":null,"ref":null,"highway":"residential","length":56.72817549734286,"oneway":false},"geometry":{"type":"LineString","coordinates":[[125.0695992,11.2842594],[125.070117,11.2843086]]}},{"type":"Feature","properties":{"u":"1107290088","v":"1107290063","key":"0","osmid":95489183,"name":null,"ref":null,"highway":"residential","length":58.77882255042105,"oneway":false},"geometry":{"type":"LineString","coordinates":[[125.0695992,11.2842594],[125.0690605,11.2842779]]}},{"type":"Feature","properties":{"u":"1107290088","v":"1107290365","key":"0","osmid":246351732,"name":"Suguijon Street","ref":null,"highway":"residential","length":50.81919959934015,"oneway":false},"geometry":{"type":"LineString","coordinates":[[125.0695992,11.2842594],[125.0696578,11.283806]]}},{"type":"Feature","properties":{"u":"1107290088","v":"1107290353","key":"0","osmid":246351732,"name":"Suguijon Street","ref":null,"highway":"residential","length":46.44845213132687,"oneway":false},"geometry":{"type":"LineString","coordinates":[[125.0695992,11.2842594],[125.0695456,11.2846738]]}},{"type":"Feature","properties":{"u":"1107290091","v":"1107290327","key":"0","osmid":95489194,"name":"Colonel Luciano A. Abia Street","ref":null,"highway":"residential","length":70.21399891498565,"oneway":false},"geometry":{"type":"LineString","coordinates":[[125.0697078,11.2833194],[125.0703516,11.2833302]]}},{"type":"Feature","properties":{"u":"1107290091","v":"1107290131","key":"0","osmid":95489194,"name":"Colonel Luciano A. Abia Street","ref":null,"highway":"residential","length":53.60389505523779,"oneway":false},"geometry":{"type":"LineString","coordinates":[[125.0697078,11.2833194],[125.0692186,11.2832721]]}},{"type":"Feature","properties":{"u":"1107290091","v":"1107290031","key":"0","osmid":246351729,"name":"Suguijon Street","ref":null,"highway":"residential","length":57.25258378041467,"oneway":false},"geometry":{"type":"LineString","coordinates":[[125.0697078,11.2833194],[125.0697661,11.2828077]]}},{"type":"Feature","properties":{"u":"1107290091","v":"1107290365","key":"0","osmid":246351732,"name":"Suguijon Street","ref":null,"highway":"residential","length":54.381541086350325,"oneway":false},"geometry":{"type":"LineString","coordinates":[[125.0697078,11.2833194],[125.0696578,11.283806]]}},{"type":"Feature","properties":{"u":"1107290094","v":"1107290416","key":"0","osmid":95489203,"name":null,"ref":null,"highway":"service","length":48.69081173849642,"oneway":false},"geometry":{"type":"LineString","coordinates":[[125.0697554,11.2805516],[125.0698583,11.2801255]]}},{"type":"Feature","properties":{"u":"1107290094","v":"1107290044","key":"0","osmid":337410399,"name":"Serafin Marabut Street","ref":null,"highway":"tertiary","length":33.11243584311225,"oneway":false},"geometry":{"type":"LineString","coordinates":[[125.0697554,11.2805516],[125.0697959,11.2805599],[125.069867,11.2805745],[125.0700446,11.2806397]]}},{"type":"Feature","properties":{"u":"1107290094","v":"12284512666","key":"0","osmid":337410399,"name":"Serafin Marabut Street","ref":null,"highway":"tertiary","length":71.48928689943857,"oneway":false},"geometry":{"type":"LineString","coordinates":[[125.0697554,11.2805516],[125.0692924,11.2804751],[125.06911,11.2804391]]}},{"type":"Feature","properties":{"u":"1107290096","v":"3903824047","key":"0","osmid":325737545,"name":"Basey-Sohoton Road","ref":"670","highway":"primary","length":105.08253837125243,"oneway":false},"geometry":{"type":"LineString","coordinates":[[125.0674289,11.2820459],[125.0680912,11.2824817],[125.0682047,11.2826006]]}},{"type":"Feature","properties":{"u":"1107290096","v":"278505361","key":"0","osmid":325737545,"name":"Basey-Sohoton Road","ref":"670","highway":"primary","length":54.00953809519616,"oneway":false},"geometry":{"type":"LineString","coordinates":[[125.0674289,11.2820459],[125.0671859,11.2819048],[125.0669888,11.2818259]]}},{"type":"Feature","properties":{"u":"1107290096","v":"12283538969","key":"0","osmid":337410433,"name":"Serafin Marabut Street","ref":null,"highway":"tertiary","length":44.91606844593036,"oneway":false},"geometry":{"type":"LineString","coordinates":[[125.0674289,11.2820459],[125.0673905,11.2818694],[125.0673817,11.2816461]]}},{"type":"Feature","properties":{"u":"1107290098","v":"1107290353","key":"0","osmid":95489166,"name":null,"ref":null,"highway":"residential","length":52.471184430549016,"oneway":false},"geometry":{"type":"LineString","coordinates":[[125.0700222,11.2847388],[125.0695456,11.2846738]]}},{"type":"Feature","properties":{"u":"1107290098","v":"1107290024","key":"0","osmid":246351734,"name":"San Fernando Street","ref":null,"highway":"residential","length":77.24016107147258,"oneway":false},"geometry":{"type":"LineString","coordinates":[[125.0700222,11.2847388],[125.0698492,11.2854124]]}},{"type":"Feature","properties":{"u":"1107290098","v":"1107290323","key":"0","osmid":246351734,"name":"San Fernando Street","ref":null,"highway":"residential","length":48.94036028053959,"oneway":false},"geometry":{"type":"LineString","coordinates":[[125.0700222,11.2847388],[125.070117,11.2843086]]}},{"type":"Feature","properties":{"u":"1107290098","v":"7207205231","key":"0","osmid":246351726,"name":null,"ref":null,"highway":"residential","length":61.591638607431506,"oneway":false},"geometry":{"type":"LineString","coordinates":[[125.0700222,11.2847388],[125.0703603,11.2848132],[125.0705714,11.2848678]]}},{"type":"Feature","properties":{"u":"1107290104","v":"1107290146","key":"0","osmid":337410399,"name":"Serafin Marabut Street","ref":null,"highway":"tertiary","length":56.23502153351115,"oneway":false},"geometry":{"type":"LineString","coordinates":[[125.0707912,11.2820789],[125.0708257,11.2825835]]}},{"type":"Feature","properties":{"u":"1107290104","v":"1107290409","key":"0","osmid":337410399,"name":"Serafin Marabut Street","ref":null,"highway":"tertiary","length":74.34078823103006,"oneway":false},"geometry":{"type":"LineString","coordinates":[[125.0707912,11.2820789],[125.0707271,11.2814133]]}},{"type":"Feature","properties":{"u":"1107290104","v":"1107290039","key":"0","osmid":387034277,"name":"Calle Veteranos","ref":null,"highway":"residential","length":41.02958327026718,"oneway":false},"geometry":{"type":"LineString","coordinates":[[125.0707912,11.2820789],[125.0704151,11.2820682]]}},{"type":"Feature","properties":{"u":"1107290104","v":"10258216671","key":"0","osmid":[277023984,387034277],"name":"Calle Veteranos","ref":null,"highway":"residential","length":88.76434144392083,"oneway":false},"geometry":{"type":"LineString","coordinates":[[125.0707912,11.2820789],[125.0715284,11.282081],[125.0715301,11.2821563]]}},{"type":"Feature","properties":{"u":"1107290117","v":"1107290349","key":"0","osmid":95489187,"name":"San Roque Street","ref":null,"highway":"residential","length":35.175240567911246,"oneway":false},"geometry":{"type":"LineString","coordinates":[[125.069971,11.2813237],[125.0696551,11.2812597]]}},{"type":"Feature","properties":{"u":"1107290117","v":"1107290360","key":"0","osmid":245955562,"name":"San Roque Street","ref":null,"highway":"residential","length":46.831472012178104,"oneway":false},"geometry":{"type":"LineString","coordinates":[[125.069971,11.2813237],[125.0703938,11.2813976]]}},{"type":"Feature","properties":{"u":"1107290117","v":"1107290150","key":"0","osmid":246351729,"name":"Suguijon Street","ref":null,"highway":"residential","length":77.15566012663513,"oneway":false},"geometry":{"type":"LineString","coordinates":[[125.069971,11.2813237],[125.0698688,11.2820103]]}},{"type":"Feature","properties":{"u":"1107290131","v":"1107290091","key":"0","osmid":95489194,"name":"Colonel Luciano A. Abia Street","ref":null,"highway":"residential","length":53.60389505523779,"oneway":false},"geometry":{"type":"LineString","coordinates":[[125.0692186,11.2832721],[125.0697078,11.2833194]]}},{"type":"Feature","properties":{"u":"1107290131","v":"1107290421","key":"0","osmid":95489194,"name":"Colonel Luciano A. Abia Street","ref":null,"highway":"residential","length":25.72046773338083,"oneway":false},"geometry":{"type":"LineString","coordinates":[[125.0692186,11.2832721],[125.0689834,11.2832547]]}},{"type":"Feature","properties":{"u":"1107290131","v":"1107290223","key":"0","osmid":95489221,"name":"Bungansakit Street","ref":null,"highway":"residential","length":56.76654923439533,"oneway":false},"geometry":{"type":"LineString","coordinates":[[125.0692186,11.2832721],[125.0693058,11.2827688]]}},{"type":"Feature","properties":{"u":"1107290131","v":"1107290053","key":"0","osmid":246351727,"name":"Bungansakit Street","ref":null,"highway":"residential","length":58.270243372908325,"oneway":false},"geometry":{"type":"LineString","coordinates":[[125.0692186,11.2832721],[125.06915,11.2837918]]}},{"type":"Feature","properties":{"u":"1107290132","v":"1107290323","key":"0","osmid":246351734,"name":"San Fernando Street","ref":null,"highway":"residential","length":56.06559094539208,"oneway":false},"geometry":{"type":"LineString","coordinates":[[125.0702597,11.2838242],[125.070117,11.2843086]]}},{"type":"Feature","properties":{"u":"1107290132","v":"1107290327","key":"0","osmid":246351734,"name":"San Fernando Street","ref":null,"highway":"residential","length":55.83701529065983,"oneway":false},"geometry":{"type":"LineString","coordinates":[[125.0702597,11.2838242],[125.0703516,11.2833302]]}},{"type":"Feature","properties":{"u":"1107290132","v":"1107290365","key":"0","osmid":337410401,"name":"Cong. Valeriano C. Yancha Street","ref":null,"highway":"tertiary","length":65.66578679883023,"oneway":false},"geometry":{"type":"LineString","coordinates":[[125.0702597,11.2838242],[125.0696578,11.283806]]}},{"type":"Feature","properties":{"u":"1107290132","v":"1107290005","key":"0","osmid":337410401,"name":"Cong. Valeriano C. Yancha Street","ref":null,"highway":"tertiary","length":66.71049992978827,"oneway":false},"geometry":{"type":"LineString","coordinates":[[125.0702597,11.2838242],[125.0708713,11.2838382]]}},{"type":"Feature","properties":{"u":"1107290135","v":"1107290418","key":"0","osmid":95489216,"name":"J. Cabañas Street","ref":null,"highway":"residential","length":31.464745558955716,"oneway":false},"geometry":{"type":"LineString","coordinates":[[125.0688518,11.2823393],[125.0691378,11.2823768]]}},{"type":"Feature","properties":{"u":"1107290135","v":"1107290138","key":"0","osmid":246351728,"name":"Pio K. Tabunda Street","ref":null,"highway":"residential","length":52.44434025153746,"oneway":false},"geometry":{"type":"LineString","coordinates":[[125.0688518,11.2823393],[125.068958,11.2818793]]}},{"type":"Feature","properties":{"u":"1107290135","v":"1107290375","key":"0","osmid":246351728,"name":"Pio K. Tabunda Street","ref":null,"highway":"residential","length":43.539791037631915,"oneway":false},"geometry":{"type":"LineString","coordinates":[[125.0688518,11.2823393],[125.0687465,11.282717]]}},{"type":"Feature","properties":{"u":"1107290136","v":"1107290024","key":"0","osmid":95489202,"name":null,"ref":null,"highway":"tertiary","length":43.20199756959565,"oneway":false},"geometry":{"type":"LineString","coordinates":[[125.0694559,11.2853656],[125.0698492,11.2854124]]}},{"type":"Feature","properties":{"u":"1107290136","v":"2533973404","key":"0","osmid":246351732,"name":"Suguijon Street","ref":null,"highway":"residential","length":47.25788908444929,"oneway":false},"geometry":{"type":"LineString","coordinates":[[125.0694559,11.2853656],[125.069402,11.2857873]]}},{"type":"Feature","properties":{"u":"1107290136","v":"1107290299","key":"0","osmid":95489202,"name":null,"ref":null,"highway":"tertiary","length":81.07997550254947,"oneway":false},"geometry":{"type":"LineString","coordinates":[[125.0694559,11.2853656],[125.0694123,11.2853636],[125.0687145,11.2853105]]}},{"type":"Feature","properties":{"u":"1107290136","v":"1107290353","key":"0","osmid":246351732,"name":"Suguijon Street","ref":null,"highway":"residential","length":77.54427012905845,"oneway":false},"geometry":{"type":"LineString","coordinates":[[125.0694559,11.2853656],[125.0695388,11.284729],[125.0695456,11.2846738]]}},{"type":"Feature","properties":{"u":"1107290138","v":"1107290157","key":"0","osmid":246351728,"name":"Pio K. Tabunda Street","ref":null,"highway":"residential","length":84.44126236125607,"oneway":false},"geometry":{"type":"LineString","coordinates":[[125.068958,11.2818793],[125.0691091,11.2811345]]}},{"type":"Feature","properties":{"u":"1107290138","v":"1107290135","key":"0","osmid":246351728,"name":"Pio K. Tabunda Street","ref":null,"highway":"residential","length":52.44434025153746,"oneway":false},"geometry":{"type":"LineString","coordinates":[[125.068958,11.2818793],[125.0688518,11.2823393]]}},{"type":"Feature","properties":{"u":"1107290138","v":"1107290194","key":"0","osmid":387034277,"name":"Calle Veteranos","ref":null,"highway":"residential","length":29.91457955442193,"oneway":false},"geometry":{"type":"LineString","coordinates":[[125.068958,11.2818793],[125.0692282,11.2819258]]}},{"type":"Feature","properties":{"u":"1107290138","v":"1107290077","key":"0","osmid":[95489225,387034277],"name":["Calle Veteranos","San Lorenzo Ruiz Street"],"ref":null,"highway":"residential","length":111.4770571609771,"oneway":false},"geometry":{"type":"LineString","coordinates":[[125.068958,11.2818793],[125.0687362,11.2818404],[125.0687181,11.2817907],[125.0688383,11.2810715]]}},{"type":"Feature","properties":{"u":"1107290144","v":"1107290434","key":"0","osmid":95489184,"name":null,"ref":null,"highway":"residential","length":19.79117056452588,"oneway":false},"geometry":{"type":"LineString","coordinates":[[125.0667966,11.2798328],[125.0669671,11.2798938]]}},{"type":"Feature","properties":{"u":"1107290144","v":"1107290051","key":"0","osmid":95489184,"name":null,"ref":null,"highway":"residential","length":43.464828307286616,"oneway":false},"geometry":{"type":"LineString","coordinates":[[125.0667966,11.2798328],[125.066416,11.2797167]]}},{"type":"Feature","properties":{"u":"1107290144","v":"1107290283","key":"0","osmid":95489215,"name":null,"ref":null,"highway":"residential","length":55.68067398455982,"oneway":false},"geometry":{"type":"LineString","coordinates":[[125.0667966,11.2798328],[125.0668589,11.2796322],[125.066871,11.2795275],[125.0668589,11.2793422]]}},{"type":"Feature","properties":{"u":"1107290146","v":"1107290173","key":"0","osmid":95489216,"name":"J. Cabañas Street","ref":null,"highway":"residential","length":43.982570217002035,"oneway":false},"geometry":{"type":"LineString","coordinates":[[125.0708257,11.2825835],[125.0704232,11.282558]]}},{"type":"Feature","properties":{"u":"1107290146","v":"1107290079","key":"0","osmid":337410399,"name":"Serafin Marabut Street","ref":null,"highway":"tertiary","length":35.42723868796116,"oneway":false},"geometry":{"type":"LineString","coordinates":[[125.0708257,11.2825835],[125.070824,11.2829021]]}},{"type":"Feature","properties":{"u":"1107290146","v":"1107290104","key":"0","osmid":337410399,"name":"Serafin Marabut Street","ref":null,"highway":"tertiary","length":56.23502153351115,"oneway":false},"geometry":{"type":"LineString","coordinates":[[125.0708257,11.2825835],[125.0707912,11.2820789]]}},{"type":"Feature","properties":{"u":"1107290146","v":"10258216671","key":"0","osmid":[95489216,277023984],"name":["J. Cabañas Street","Calle Veteranos"],"ref":null,"highway":"residential","length":120.04499165246793,"oneway":false},"geometry":{"type":"LineString","coordinates":[[125.0708257,11.2825835],[125.0713328,11.2825678],[125.0714937,11.2825651],[125.0715383,11.2825104],[125.0715301,11.2821563]]}},{"type":"Feature","properties":{"u":"1107290150","v":"1107290117","key":"0","osmid":246351729,"name":"Suguijon Street","ref":null,"highway":"residential","length":77.15566012663513,"oneway":false},"geometry":{"type":"LineString","coordinates":[[125.0698688,11.2820103],[125.069971,11.2813237]]}},{"type":"Feature","properties":{"u":"1107290150","v":"1107290191","key":"0","osmid":387034277,"name":"Calle Veteranos","ref":null,"highway":"residential","length":38.302357943071016,"oneway":false},"geometry":{"type":"LineString","coordinates":[[125.0698688,11.2820103],[125.06952,11.2819697]]}},{"type":"Feature","properties":{"u":"1107290150","v":"1107290431","key":"0","osmid":246351729,"name":"Suguijon Street","ref":null,"highway":"residential","length":53.14427071493219,"oneway":false},"geometry":{"type":"LineString","coordinates":[[125.0698688,11.2820103],[125.0698203,11.2824195],[125.0698066,11.2824841]]}},{"type":"Feature","properties":{"u":"1107290150","v":"1107290039","key":"0","osmid":387034277,"name":"Calle Veteranos","ref":null,"highway":"residential","length":59.91892344273818,"oneway":false},"geometry":{"type":"LineString","coordinates":[[125.0698688,11.2820103],[125.0704051,11.2820671],[125.0704151,11.2820682]]}},{"type":"Feature","properties":{"u":"1107290157","v":"1107290425","key":"0","osmid":95489187,"name":"San Roque Street","ref":null,"highway":"residential","length":29.76353940980853,"oneway":false},"geometry":{"type":"LineString","coordinates":[[125.0691091,11.2811345],[125.0693744,11.2811974]]}},{"type":"Feature","properties":{"u":"1107290157","v":"1107290077","key":"0","osmid":95489187,"name":"San Roque Street","ref":null,"highway":"residential","length":30.349399754833208,"oneway":false},"geometry":{"type":"LineString","coordinates":[[125.0691091,11.2811345],[125.0688383,11.2810715]]}},{"type":"Feature","properties":{"u":"1107290157","v":"1107290138","key":"0","osmid":246351728,"name":"Pio K. Tabunda Street","ref":null,"highway":"residential","length":84.44126236125607,"oneway":false},"geometry":{"type":"LineString","coordinates":[[125.0691091,11.2811345],[125.068958,11.2818793]]}},{"type":"Feature","properties":{"u":"1107290159","v":"1107290431","key":"0","osmid":95489216,"name":"J. Cabañas Street","ref":null,"highway":"residential","length":46.04982814166603,"oneway":false},"geometry":{"type":"LineString","coordinates":[[125.0693898,11.2824175],[125.0698066,11.2824841]]}},{"type":"Feature","properties":{"u":"1107290159","v":"1107290418","key":"0","osmid":95489216,"name":"J. Cabañas Street","ref":null,"highway":"residential","length":27.849818858608906,"oneway":false},"geometry":{"type":"LineString","coordinates":[[125.0693898,11.2824175],[125.0691378,11.2823768]]}},{"type":"Feature","properties":{"u":"1107290159","v":"1107290223","key":"0","osmid":95489221,"name":"Bungansakit Street","ref":null,"highway":"residential","length":40.122415734677794,"oneway":false},"geometry":{"type":"LineString","coordinates":[[125.0693898,11.2824175],[125.0693058,11.2827688]]}},{"type":"Feature","properties":{"u":"1107290159","v":"1107290191","key":"0","osmid":95489221,"name":"Bungansakit Street","ref":null,"highway":"residential","length":51.77776493771691,"oneway":false},"geometry":{"type":"LineString","coordinates":[[125.0693898,11.2824175],[125.06952,11.2819697]]}},{"type":"Feature","properties":{"u":"1107290173","v":"1107290225","key":"0","osmid":95489171,"name":"San Fernando Street","ref":null,"highway":"residential","length":34.920577509719365,"oneway":false},"geometry":{"type":"LineString","coordinates":[[125.0704232,11.282558],[125.0703752,11.2828685]]}},{"type":"Feature","properties":{"u":"1107290173","v":"1107290039","key":"0","osmid":95489171,"name":"San Fernando Street","ref":null,"highway":"residential","length":54.470513913634306,"oneway":false},"geometry":{"type":"LineString","coordinates":[[125.0704232,11.282558],[125.0704151,11.2820682]]}},{"type":"Feature","properties":{"u":"1107290173","v":"1107290146","key":"0","osmid":95489216,"name":"J. Cabañas Street","ref":null,"highway":"residential","length":43.982570217002035,"oneway":false},"geometry":{"type":"LineString","coordinates":[[125.0704232,11.282558],[125.0708257,11.2825835]]}},{"type":"Feature","properties":{"u":"1107290173","v":"1107290431","key":"0","osmid":95489216,"name":"J. Cabañas Street","ref":null,"highway":"residential","length":67.73813779003613,"oneway":false},"geometry":{"type":"LineString","coordinates":[[125.0704232,11.282558],[125.0698066,11.2824841]]}},{"type":"Feature","properties":{"u":"1107290176","v":"3903840251","key":"0","osmid":245955561,"name":"San Miguel Street","ref":null,"highway":"residential","length":65.21062237123427,"oneway":false},"geometry":{"type":"LineString","coordinates":[[125.0674888,11.2804948],[125.0680712,11.2806279]]}},{"type":"Feature","properties":{"u":"1107290176","v":"1107290257","key":"0","osmid":337410400,"name":"Serafin Marabut Street","ref":null,"highway":"tertiary","length":40.44182522395128,"oneway":false},"geometry":{"type":"LineString","coordinates":[[125.0674888,11.2804948],[125.0675852,11.2801436]]}},{"type":"Feature","properties":{"u":"1107290176","v":"1107290013","key":"0","osmid":337410400,"name":"Serafin Marabut Street","ref":null,"highway":"tertiary","length":43.76617381502325,"oneway":false},"geometry":{"type":"LineString","coordinates":[[125.0674888,11.2804948],[125.0674455,11.280697],[125.0674009,11.2808788]]}},{"type":"Feature","properties":{"u":"1107290176","v":"1107290352","key":"0","osmid":953624580,"name":"San Miguel Street","ref":null,"highway":"tertiary","length":79.9687868459941,"oneway":false},"geometry":{"type":"LineString","coordinates":[[125.0674888,11.2804948],[125.0673744,11.2804657],[125.0667945,11.2802644]]}},{"type":"Feature","properties":{"u":"1107290183","v":"1107290375","key":"0","osmid":95489181,"name":"Trece Martires Street","ref":null,"highway":"residential","length":35.50715892586635,"oneway":false},"geometry":{"type":"LineString","coordinates":[[125.0690686,11.2827638],[125.0687465,11.282717]]}},{"type":"Feature","properties":{"u":"1107290183","v":"1107290223","key":"0","osmid":95489181,"name":"Trece Martires Street","ref":null,"highway":"residential","length":25.871704194502552,"oneway":false},"geometry":{"type":"LineString","coordinates":[[125.0690686,11.2827638],[125.0693058,11.2827688]]}},{"type":"Feature","properties":{"u":"1107290183","v":"1107290418","key":"0","osmid":246351731,"name":"Katipunan Street","ref":null,"highway":"residential","length":43.68910452159188,"oneway":false},"geometry":{"type":"LineString","coordinates":[[125.0690686,11.2827638],[125.0691378,11.2823768]]}},{"type":"Feature","properties":{"u":"1107290183","v":"1107290421","key":"0","osmid":246351731,"name":"Katipunan Street","ref":null,"highway":"residential","length":55.370682119966254,"oneway":false},"geometry":{"type":"LineString","coordinates":[[125.0690686,11.2827638],[125.0689834,11.2832547]]}},{"type":"Feature","properties":{"u":"1107290189","v":"1107290380","key":"0","osmid":95489159,"name":"Pio K. Tabunda Street","ref":null,"highway":"residential","length":62.0677041992342,"oneway":false},"geometry":{"type":"LineString","coordinates":[[125.0686347,11.2832252],[125.0685341,11.2837746]]}},{"type":"Feature","properties":{"u":"1107290189","v":"1107290421","key":"0","osmid":95489194,"name":"Colonel Luciano A. Abia Street","ref":null,"highway":"residential","length":38.165531718393304,"oneway":false},"geometry":{"type":"LineString","coordinates":[[125.0686347,11.2832252],[125.0689834,11.2832547]]}},{"type":"Feature","properties":{"u":"1107290189","v":"1107290389","key":"0","osmid":95489194,"name":"Colonel Luciano A. Abia Street","ref":null,"highway":"residential","length":38.86753088242955,"oneway":false},"geometry":{"type":"LineString","coordinates":[[125.0686347,11.2832252],[125.0682786,11.2832101]]}},{"type":"Feature","properties":{"u":"1107290189","v":"1107290375","key":"0","osmid":246351728,"name":"Pio K. Tabunda Street","ref":null,"highway":"residential","length":57.80946740222485,"oneway":false},"geometry":{"type":"LineString","coordinates":[[125.0686347,11.2832252],[125.0687465,11.282717]]}},{"type":"Feature","properties":{"u":"1107290191","v":"1107290159","key":"0","osmid":95489221,"name":"Bungansakit Street","ref":null,"highway":"residential","length":51.77776493771691,"oneway":false},"geometry":{"type":"LineString","coordinates":[[125.06952,11.2819697],[125.0693898,11.2824175]]}},{"type":"Feature","properties":{"u":"1107290191","v":"1107290349","key":"0","osmid":95489221,"name":"Bungansakit Street","ref":null,"highway":"residential","length":80.31129680142935,"oneway":false},"geometry":{"type":"LineString","coordinates":[[125.06952,11.2819697],[125.0696551,11.2812597]]}},{"type":"Feature","properties":{"u":"1107290191","v":"1107290150","key":"0","osmid":387034277,"name":"Calle Veteranos","ref":null,"highway":"residential","length":38.302357943071016,"oneway":false},"geometry":{"type":"LineString","coordinates":[[125.06952,11.2819697],[125.0698688,11.2820103]]}},{"type":"Feature","properties":{"u":"1107290191","v":"1107290194","key":"0","osmid":387034277,"name":"Calle Veteranos","ref":null,"highway":"residential","length":32.191991269503276,"oneway":false},"geometry":{"type":"LineString","coordinates":[[125.06952,11.2819697],[125.0692282,11.2819258]]}},{"type":"Feature","properties":{"u":"1107290194","v":"1107290425","key":"0","osmid":246351731,"name":"Katipunan Street","ref":null,"highway":"residential","length":82.54862488211971,"oneway":false},"geometry":{"type":"LineString","coordinates":[[125.0692282,11.2819258],[125.0693744,11.2811974]]}},{"type":"Feature","properties":{"u":"1107290194","v":"1107290418","key":"0","osmid":246351731,"name":"Katipunan Street","ref":null,"highway":"residential","length":51.10867271987566,"oneway":false},"geometry":{"type":"LineString","coordinates":[[125.0692282,11.2819258],[125.0691378,11.2823768]]}},{"type":"Feature","properties":{"u":"1107290194","v":"1107290191","key":"0","osmid":387034277,"name":"Calle Veteranos","ref":null,"highway":"residential","length":32.191991269503276,"oneway":false},"geometry":{"type":"LineString","coordinates":[[125.0692282,11.2819258],[125.06952,11.2819697]]}},{"type":"Feature","properties":{"u":"1107290194","v":"1107290138","key":"0","osmid":387034277,"name":"Calle Veteranos","ref":null,"highway":"residential","length":29.91457955442193,"oneway":false},"geometry":{"type":"LineString","coordinates":[[125.0692282,11.2819258],[125.068958,11.2818793]]}},{"type":"Feature","properties":{"u":"1107290217","v":"1107290257","key":"0","osmid":95489170,"name":null,"ref":null,"highway":"residential","length":37.61385006787023,"oneway":false},"geometry":{"type":"LineString","coordinates":[[125.0676566,11.2798129],[125.0676357,11.279904],[125.0676253,11.2799423],[125.0676148,11.2799874],[125.0675966,11.2800664],[125.0675852,11.2801436]]}},{"type":"Feature","properties":{"u":"1107290223","v":"1107290183","key":"0","osmid":95489181,"name":"Trece Martires Street","ref":null,"highway":"residential","length":25.871704194502552,"oneway":false},"geometry":{"type":"LineString","coordinates":[[125.0693058,11.2827688],[125.0690686,11.2827638]]}},{"type":"Feature","properties":{"u":"1107290223","v":"1107290031","key":"0","osmid":95489181,"name":"Trece Martires Street","ref":null,"highway":"residential","length":50.3799367343368,"oneway":false},"geometry":{"type":"LineString","coordinates":[[125.0693058,11.2827688],[125.0697661,11.2828077]]}},{"type":"Feature","properties":{"u":"1107290223","v":"1107290131","key":"0","osmid":95489221,"name":"Bungansakit Street","ref":null,"highway":"residential","length":56.76654923439533,"oneway":false},"geometry":{"type":"LineString","coordinates":[[125.0693058,11.2827688],[125.0692186,11.2832721]]}},{"type":"Feature","properties":{"u":"1107290223","v":"1107290159","key":"0","osmid":95489221,"name":"Bungansakit Street","ref":null,"highway":"residential","length":40.122415734677794,"oneway":false},"geometry":{"type":"LineString","coordinates":[[125.0693058,11.2827688],[125.0693898,11.2824175]]}},{"type":"Feature","properties":{"u":"1107290225","v":"1107290327","key":"0","osmid":95489171,"name":"San Fernando Street","ref":null,"highway":"residential","length":51.403230864234345,"oneway":false},"geometry":{"type":"LineString","coordinates":[[125.0703752,11.2828685],[125.0703516,11.2833302]]}},{"type":"Feature","properties":{"u":"1107290225","v":"1107290173","key":"0","osmid":95489171,"name":"San Fernando Street","ref":null,"highway":"residential","length":34.920577509719365,"oneway":false},"geometry":{"type":"LineString","coordinates":[[125.0703752,11.2828685],[125.0704232,11.282558]]}},{"type":"Feature","properties":{"u":"1107290225","v":"1107290031","key":"0","osmid":95489181,"name":"Trece Martires Street","ref":null,"highway":"residential","length":66.76313508510441,"oneway":false},"geometry":{"type":"LineString","coordinates":[[125.0703752,11.2828685],[125.0697661,11.2828077]]}},{"type":"Feature","properties":{"u":"1107290225","v":"1107290079","key":"0","osmid":95489181,"name":"Trece Martires Street","ref":null,"highway":"residential","length":49.082264517173144,"oneway":false},"geometry":{"type":"LineString","coordinates":[[125.0703752,11.2828685],[125.070824,11.2829021]]}},{"type":"Feature","properties":{"u":"1107290236","v":"2534976942","key":"0","osmid":337410400,"name":"Serafin Marabut Street","ref":null,"highway":"tertiary","length":13.562358656563669,"oneway":false},"geometry":{"type":"LineString","coordinates":[[125.0673715,11.2815456],[125.0673835,11.2814242]]}},{"type":"Feature","properties":{"u":"1107290236","v":"12283538969","key":"0","osmid":337410433,"name":"Serafin Marabut Street","ref":null,"highway":"tertiary","length":11.230322649464119,"oneway":false},"geometry":{"type":"LineString","coordinates":[[125.0673715,11.2815456],[125.0673817,11.2816461]]}},{"type":"Feature","properties":{"u":"1107290236","v":"278505361","key":"0","osmid":95489220,"name":"Serafin Marabut Street","ref":null,"highway":"tertiary","length":52.665917393766236,"oneway":false},"geometry":{"type":"LineString","coordinates":[[125.0673715,11.2815456],[125.0672911,11.2816428],[125.0671182,11.2817503],[125.0669888,11.2818259]]}},{"type":"Feature","properties":{"u":"1107290238","v":"1107290421","key":"0","osmid":95489212,"name":"Katipunan Street","ref":null,"highway":"residential","length":59.69037653691752,"oneway":false},"geometry":{"type":"LineString","coordinates":[[125.0688965,11.2837847],[125.0689834,11.2832547]]}},{"type":"Feature","properties":{"u":"1107290238","v":"1107290273","key":"0","osmid":95489212,"name":"Katipunan Street","ref":null,"highway":"residential","length":51.69332129881965,"oneway":false},"geometry":{"type":"LineString","coordinates":[[125.0688965,11.2837847],[125.0687959,11.284239]]}},{"type":"Feature","properties":{"u":"1107290238","v":"1107290380","key":"0","osmid":337410401,"name":"Cong. Valeriano C. Yancha Street","ref":null,"highway":"tertiary","length":39.53411421382002,"oneway":false},"geometry":{"type":"LineString","coordinates":[[125.0688965,11.2837847],[125.0685341,11.2837746]]}},{"type":"Feature","properties":{"u":"1107290238","v":"1107290053","key":"0","osmid":337410401,"name":"Cong. Valeriano C. Yancha Street","ref":null,"highway":"tertiary","length":27.65435385440693,"oneway":false},"geometry":{"type":"LineString","coordinates":[[125.0688965,11.2837847],[125.06915,11.2837918]]}},{"type":"Feature","properties":{"u":"1107290250","v":"1107290271","key":"0","osmid":95489225,"name":"San Lorenzo Ruiz Street","ref":null,"highway":"residential","length":38.374336770835605,"oneway":false},"geometry":{"type":"LineString","coordinates":[[125.0689374,11.2804053],[125.0688934,11.2807477]]}},{"type":"Feature","properties":{"u":"1107290250","v":"10038419442","key":"0","osmid":337410399,"name":"Serafin Marabut Street","ref":null,"highway":"tertiary","length":3.3301447440510525,"oneway":false},"geometry":{"type":"LineString","coordinates":[[125.0689374,11.2804053],[125.0689674,11.2804109]]}},{"type":"Feature","properties":{"u":"1107290250","v":"4644485575","key":"0","osmid":337410399,"name":"Serafin Marabut Street","ref":null,"highway":"tertiary","length":49.88720725819008,"oneway":false},"geometry":{"type":"LineString","coordinates":[[125.0689374,11.2804053],[125.0684856,11.2803348]]}},{"type":"Feature","properties":{"u":"1107290257","v":"1107290434","key":"0","osmid":95489184,"name":null,"ref":null,"highway":"residential","length":72.90108883134008,"oneway":false},"geometry":{"type":"LineString","coordinates":[[125.0675852,11.2801436],[125.0669671,11.2798938]]}},{"type":"Feature","properties":{"u":"1107290257","v":"4644489515","key":"0","osmid":337410399,"name":"Serafin Marabut Street","ref":null,"highway":"tertiary","length":61.723891617413784,"oneway":false},"geometry":{"type":"LineString","coordinates":[[125.0675852,11.2801436],[125.068136,11.2802715]]}},{"type":"Feature","properties":{"u":"1107290257","v":"1107290176","key":"0","osmid":337410400,"name":"Serafin Marabut Street","ref":null,"highway":"tertiary","length":40.44182522395128,"oneway":false},"geometry":{"type":"LineString","coordinates":[[125.0675852,11.2801436],[125.0674888,11.2804948]]}},{"type":"Feature","properties":{"u":"1107290257","v":"1107290217","key":"0","osmid":95489170,"name":null,"ref":null,"highway":"residential","length":37.61385006787023,"oneway":false},"geometry":{"type":"LineString","coordinates":[[125.0675852,11.2801436],[125.0675966,11.2800664],[125.0676148,11.2799874],[125.0676253,11.2799423],[125.0676357,11.279904],[125.0676566,11.2798129]]}},{"type":"Feature","properties":{"u":"1107290265","v":"1107290353","key":"0","osmid":95489166,"name":null,"ref":null,"highway":"residential","length":59.98586646799388,"oneway":false},"geometry":{"type":"LineString","coordinates":[[125.0689993,11.2846105],[125.0695456,11.2846738]]}},{"type":"Feature","properties":{"u":"1107290265","v":"8348912269","key":"0","osmid":95489166,"name":null,"ref":null,"highway":"residential","length":58.310662239324,"oneway":false},"geometry":{"type":"LineString","coordinates":[[125.0689993,11.2846105],[125.0684652,11.2845849]]}},{"type":"Feature","properties":{"u":"1107290265","v":"1107290063","key":"0","osmid":246351727,"name":"Bungansakit Street","ref":null,"highway":"residential","length":37.580777456955175,"oneway":false},"geometry":{"type":"LineString","coordinates":[[125.0689993,11.2846105],[125.0690605,11.2842779]]}},{"type":"Feature","properties":{"u":"1107290271","v":"1107290077","key":"0","osmid":95489225,"name":"San Lorenzo Ruiz Street","ref":null,"highway":"residential","length":36.50287020449464,"oneway":false},"geometry":{"type":"LineString","coordinates":[[125.0688934,11.2807477],[125.0688383,11.2810715]]}},{"type":"Feature","properties":{"u":"1107290271","v":"1107290250","key":"0","osmid":95489225,"name":"San Lorenzo Ruiz Street","ref":null,"highway":"residential","length":38.374336770835605,"oneway":false},"geometry":{"type":"LineString","coordinates":[[125.0688934,11.2807477],[125.0689374,11.2804053]]}},{"type":"Feature","properties":{"u":"1107290271","v":"3903840250","key":"0","osmid":245955561,"name":"San Miguel Street","ref":null,"highway":"residential","length":51.13373480177587,"oneway":false},"geometry":{"type":"LineString","coordinates":[[125.0688934,11.2807477],[125.0684279,11.2806923]]}},{"type":"Feature","properties":{"u":"1107290271","v":"12284512644","key":"0","osmid":[470249576,387034281,1327754946],"name":"Front Wing","ref":null,"highway":["footway","service","steps"],"length":73.28348109870518,"oneway":false},"geometry":{"type":"LineString","coordinates":[[125.0688934,11.2807477],[125.0690038,11.280758],[125.0692487,11.2808089],[125.0693744,11.2808379],[125.0695449,11.2808994]]}},{"type":"Feature","properties":{"u":"1107290273","v":"1107290238","key":"0","osmid":95489212,"name":"Katipunan Street","ref":null,"highway":"residential","length":51.69332129881965,"oneway":false},"geometry":{"type":"LineString","coordinates":[[125.0687959,11.284239],[125.0688965,11.2837847]]}},{"type":"Feature","properties":{"u":"1107290283","v":"1107290144","key":"0","osmid":95489215,"name":null,"ref":null,"highway":"residential","length":55.68067398455982,"oneway":false},"geometry":{"type":"LineString","coordinates":[[125.0668589,11.2793422],[125.066871,11.2795275],[125.0668589,11.2796322],[125.0667966,11.2798328]]}},{"type":"Feature","properties":{"u":"1107290299","v":"9279255474","key":"0","osmid":325737545,"name":"Basey-Sohoton Road","ref":"670","highway":"primary","length":20.891991859803042,"oneway":false},"geometry":{"type":"LineString","coordinates":[[125.0687145,11.2853105],[125.0687711,11.28549]]}},{"type":"Feature","properties":{"u":"1107290299","v":"1107290136","key":"0","osmid":95489202,"name":null,"ref":null,"highway":"tertiary","length":81.07997550254947,"oneway":false},"geometry":{"type":"LineString","coordinates":[[125.0687145,11.2853105],[125.0694123,11.2853636],[125.0694559,11.2853656]]}},{"type":"Feature","properties":{"u":"1107290299","v":"8348912269","key":"0","osmid":325737545,"name":"Basey-Sohoton Road","ref":"670","highway":"primary","length":85.14015949892729,"oneway":false},"geometry":{"type":"LineString","coordinates":[[125.0687145,11.2853105],[125.0687102,11.2852988],[125.0684652,11.2845849]]}},{"type":"Feature","properties":{"u":"1107290307","v":"1107290380","key":"0","osmid":95489159,"name":"Pio K. Tabunda Street","ref":null,"highway":"residential","length":53.66366054509718,"oneway":false},"geometry":{"type":"LineString","coordinates":[[125.0683669,11.2842285],[125.0685341,11.2837746]]}},{"type":"Feature","properties":{"u":"1107290307","v":"8348912269","key":"0","osmid":325737545,"name":"Basey-Sohoton Road","ref":"670","highway":"primary","length":41.05401012785795,"oneway":false},"geometry":{"type":"LineString","coordinates":[[125.0683669,11.2842285],[125.0684652,11.2845849]]}},{"type":"Feature","properties":{"u":"1107290307","v":"278505358","key":"0","osmid":325737545,"name":"Basey-Sohoton Road","ref":"670","highway":"primary","length":55.234332941878506,"oneway":false},"geometry":{"type":"LineString","coordinates":[[125.0683669,11.2842285],[125.0683014,11.2839874],[125.0682586,11.2838341],[125.0682322,11.2837497]]}},{"type":"Feature","properties":{"u":"1107290323","v":"1107290088","key":"0","osmid":95489183,"name":null,"ref":null,"highway":"residential","length":56.72817549734286,"oneway":false},"geometry":{"type":"LineString","coordinates":[[125.070117,11.2843086],[125.0695992,11.2842594]]}},{"type":"Feature","properties":{"u":"1107290323","v":"1107290098","key":"0","osmid":246351734,"name":"San Fernando Street","ref":null,"highway":"residential","length":48.94036028053959,"oneway":false},"geometry":{"type":"LineString","coordinates":[[125.070117,11.2843086],[125.0700222,11.2847388]]}},{"type":"Feature","properties":{"u":"1107290323","v":"1107290132","key":"0","osmid":246351734,"name":"San Fernando Street","ref":null,"highway":"residential","length":56.06559094539208,"oneway":false},"geometry":{"type":"LineString","coordinates":[[125.070117,11.2843086],[125.0702597,11.2838242]]}},{"type":"Feature","properties":{"u":"1107290323","v":"12284512626","key":"0","osmid":246351725,"name":null,"ref":null,"highway":"residential","length":70.39662572182179,"oneway":false},"geometry":{"type":"LineString","coordinates":[[125.070117,11.2843086],[125.0705587,11.2843537],[125.0707566,11.2843908]]}},{"type":"Feature","properties":{"u":"1107290327","v":"1107290225","key":"0","osmid":95489171,"name":"San Fernando Street","ref":null,"highway":"residential","length":51.403230864234345,"oneway":false},"geometry":{"type":"LineString","coordinates":[[125.0703516,11.2833302],[125.0703752,11.2828685]]}},{"type":"Feature","properties":{"u":"1107290327","v":"1107290009","key":"0","osmid":95489194,"name":"Colonel Luciano A. Abia Street","ref":null,"highway":"residential","length":55.813271305560654,"oneway":false},"geometry":{"type":"LineString","coordinates":[[125.0703516,11.2833302],[125.0708634,11.2833359]]}},{"type":"Feature","properties":{"u":"1107290327","v":"1107290091","key":"0","osmid":95489194,"name":"Colonel Luciano A. Abia Street","ref":null,"highway":"residential","length":70.21399891498565,"oneway":false},"geometry":{"type":"LineString","coordinates":[[125.0703516,11.2833302],[125.0697078,11.2833194]]}},{"type":"Feature","properties":{"u":"1107290327","v":"1107290132","key":"0","osmid":246351734,"name":"San Fernando Street","ref":null,"highway":"residential","length":55.83701529065983,"oneway":false},"geometry":{"type":"LineString","coordinates":[[125.0703516,11.2833302],[125.0702597,11.2838242]]}},{"type":"Feature","properties":{"u":"1107290349","v":"1107290117","key":"0","osmid":95489187,"name":"San Roque Street","ref":null,"highway":"residential","length":35.175240567911246,"oneway":false},"geometry":{"type":"LineString","coordinates":[[125.0696551,11.2812597],[125.069971,11.2813237]]}},{"type":"Feature","properties":{"u":"1107290349","v":"12284512648","key":"0","osmid":95489187,"name":"San Roque Street","ref":null,"highway":"residential","length":18.96190473865534,"oneway":false},"geometry":{"type":"LineString","coordinates":[[125.0696551,11.2812597],[125.069485,11.2812243]]}},{"type":"Feature","properties":{"u":"1107290349","v":"1107290191","key":"0","osmid":95489221,"name":"Bungansakit Street","ref":null,"highway":"residential","length":80.31129680142935,"oneway":false},"geometry":{"type":"LineString","coordinates":[[125.0696551,11.2812597],[125.06952,11.2819697]]}},{"type":"Feature","properties":{"u":"1107290352","v":"1107290434","key":"0","osmid":95489157,"name":null,"ref":null,"highway":"residential","length":45.303677934822424,"oneway":false},"geometry":{"type":"LineString","coordinates":[[125.0667945,11.2802644],[125.0669671,11.2798938]]}},{"type":"Feature","properties":{"u":"1107290352","v":"1170097794","key":"0","osmid":101337115,"name":null,"ref":null,"highway":"tertiary","length":239.0322747588259,"oneway":false},"geometry":{"type":"LineString","coordinates":[[125.0667945,11.2802644],[125.066219,11.2800584],[125.0657362,11.2798638],[125.0656132,11.2797914],[125.0655582,11.2797172],[125.0655569,11.2795928],[125.0655958,11.2793993],[125.0656042,11.2792676],[125.0656038,11.2791094],[125.0655774,11.2790351],[125.0654975,11.2789522]]}},{"type":"Feature","properties":{"u":"1107290352","v":"1107290176","key":"0","osmid":953624580,"name":"San Miguel Street","ref":null,"highway":"tertiary","length":79.9687868459941,"oneway":false},"geometry":{"type":"LineString","coordinates":[[125.0667945,11.2802644],[125.0673744,11.2804657],[125.0674888,11.2804948]]}},{"type":"Feature","properties":{"u":"1107290353","v":"1107290098","key":"0","osmid":95489166,"name":null,"ref":null,"highway":"residential","length":52.471184430549016,"oneway":false},"geometry":{"type":"LineString","coordinates":[[125.0695456,11.2846738],[125.0700222,11.2847388]]}},{"type":"Feature","properties":{"u":"1107290353","v":"1107290265","key":"0","osmid":95489166,"name":null,"ref":null,"highway":"residential","length":59.98586646799388,"oneway":false},"geometry":{"type":"LineString","coordinates":[[125.0695456,11.2846738],[125.0689993,11.2846105]]}},{"type":"Feature","properties":{"u":"1107290353","v":"1107290088","key":"0","osmid":246351732,"name":"Suguijon Street","ref":null,"highway":"residential","length":46.44845213132687,"oneway":false},"geometry":{"type":"LineString","coordinates":[[125.0695456,11.2846738],[125.0695992,11.2842594]]}},{"type":"Feature","properties":{"u":"1107290353","v":"1107290136","key":"0","osmid":246351732,"name":"Suguijon Street","ref":null,"highway":"residential","length":77.54427012905845,"oneway":false},"geometry":{"type":"LineString","coordinates":[[125.0695456,11.2846738],[125.0695388,11.284729],[125.0694559,11.2853656]]}},{"type":"Feature","properties":{"u":"1107290360","v":"1107290039","key":"0","osmid":95489171,"name":"San Fernando Street","ref":null,"highway":"residential","length":74.60358893853531,"oneway":false},"geometry":{"type":"LineString","coordinates":[[125.0703938,11.2813976],[125.0704151,11.2820682]]}},{"type":"Feature","properties":{"u":"1107290360","v":"1107290409","key":"0","osmid":245955562,"name":"San Roque Street","ref":null,"highway":"residential","length":36.38713268328481,"oneway":false},"geometry":{"type":"LineString","coordinates":[[125.0703938,11.2813976],[125.0707271,11.2814133]]}},{"type":"Feature","properties":{"u":"1107290360","v":"1107290117","key":"0","osmid":245955562,"name":"San Roque Street","ref":null,"highway":"residential","length":46.831472012178104,"oneway":false},"geometry":{"type":"LineString","coordinates":[[125.0703938,11.2813976],[125.069971,11.2813237]]}},{"type":"Feature","properties":{"u":"1107290365","v":"1107290091","key":"0","osmid":246351732,"name":"Suguijon Street","ref":null,"highway":"residential","length":54.381541086350325,"oneway":false},"geometry":{"type":"LineString","coordinates":[[125.0696578,11.283806],[125.0697078,11.2833194]]}},{"type":"Feature","properties":{"u":"1107290365","v":"1107290088","key":"0","osmid":246351732,"name":"Suguijon Street","ref":null,"highway":"residential","length":50.81919959934015,"oneway":false},"geometry":{"type":"LineString","coordinates":[[125.0696578,11.283806],[125.0695992,11.2842594]]}},{"type":"Feature","properties":{"u":"1107290365","v":"1107290053","key":"0","osmid":337410401,"name":"Cong. Valeriano C. Yancha Street","ref":null,"highway":"tertiary","length":55.39590670818257,"oneway":false},"geometry":{"type":"LineString","coordinates":[[125.0696578,11.283806],[125.06915,11.2837918]]}},{"type":"Feature","properties":{"u":"1107290365","v":"1107290132","key":"0","osmid":337410401,"name":"Cong. Valeriano C. Yancha Street","ref":null,"highway":"tertiary","length":65.66578679883023,"oneway":false},"geometry":{"type":"LineString","coordinates":[[125.0696578,11.283806],[125.0702597,11.2838242]]}},{"type":"Feature","properties":{"u":"1107290375","v":"1107290183","key":"0","osmid":95489181,"name":"Trece Martires Street","ref":null,"highway":"residential","length":35.50715892586635,"oneway":false},"geometry":{"type":"LineString","coordinates":[[125.0687465,11.282717],[125.0690686,11.2827638]]}},{"type":"Feature","properties":{"u":"1107290375","v":"1107290135","key":"0","osmid":246351728,"name":"Pio K. Tabunda Street","ref":null,"highway":"residential","length":43.539791037631915,"oneway":false},"geometry":{"type":"LineString","coordinates":[[125.0687465,11.282717],[125.0688518,11.2823393]]}},{"type":"Feature","properties":{"u":"1107290375","v":"1107290189","key":"0","osmid":246351728,"name":"Pio K. Tabunda Street","ref":null,"highway":"residential","length":57.80946740222485,"oneway":false},"geometry":{"type":"LineString","coordinates":[[125.0687465,11.282717],[125.0686347,11.2832252]]}},{"type":"Feature","properties":{"u":"1107290375","v":"3903824047","key":"0","osmid":95489181,"name":"Trece Martires Street","ref":null,"highway":"residential","length":60.48231748135861,"oneway":false},"geometry":{"type":"LineString","coordinates":[[125.0687465,11.282717],[125.0683447,11.2826307],[125.0682047,11.2826006]]}},{"type":"Feature","properties":{"u":"1107290380","v":"1107290189","key":"0","osmid":95489159,"name":"Pio K. Tabunda Street","ref":null,"highway":"residential","length":62.0677041992342,"oneway":false},"geometry":{"type":"LineString","coordinates":[[125.0685341,11.2837746],[125.0686347,11.2832252]]}},{"type":"Feature","properties":{"u":"1107290380","v":"1107290307","key":"0","osmid":95489159,"name":"Pio K. Tabunda Street","ref":null,"highway":"residential","length":53.66366054509718,"oneway":false},"geometry":{"type":"LineString","coordinates":[[125.0685341,11.2837746],[125.0683669,11.2842285]]}},{"type":"Feature","properties":{"u":"1107290380","v":"278505358","key":"0","osmid":337410401,"name":"Cong. Valeriano C. Yancha Street","ref":null,"highway":"tertiary","length":33.037122417402855,"oneway":false},"geometry":{"type":"LineString","coordinates":[[125.0685341,11.2837746],[125.0682322,11.2837497]]}},{"type":"Feature","properties":{"u":"1107290380","v":"1107290238","key":"0","osmid":337410401,"name":"Cong. Valeriano C. Yancha Street","ref":null,"highway":"tertiary","length":39.53411421382002,"oneway":false},"geometry":{"type":"LineString","coordinates":[[125.0685341,11.2837746],[125.0688965,11.2837847]]}},{"type":"Feature","properties":{"u":"1107290389","v":"1107290189","key":"0","osmid":95489194,"name":"Colonel Luciano A. Abia Street","ref":null,"highway":"residential","length":38.86753088242955,"oneway":false},"geometry":{"type":"LineString","coordinates":[[125.0682786,11.2832101],[125.0686347,11.2832252]]}},{"type":"Feature","properties":{"u":"1107290389","v":"1170095364","key":"0","osmid":101337102,"name":null,"ref":null,"highway":"residential","length":26.106240799623425,"oneway":false},"geometry":{"type":"LineString","coordinates":[[125.0682786,11.2832101],[125.0680402,11.2831886]]}},{"type":"Feature","properties":{"u":"1107290389","v":"278505358","key":"0","osmid":325737545,"name":"Basey-Sohoton Road","ref":"670","highway":"primary","length":60.2153101784007,"oneway":false},"geometry":{"type":"LineString","coordinates":[[125.0682786,11.2832101],[125.068244,11.2835919],[125.0682322,11.2837497]]}},{"type":"Feature","properties":{"u":"1107290389","v":"3903824047","key":"0","osmid":325737545,"name":"Basey-Sohoton Road","ref":"670","highway":"primary","length":70.73847690297562,"oneway":false},"geometry":{"type":"LineString","coordinates":[[125.0682786,11.2832101],[125.0683096,11.2829665],[125.0683014,11.282771],[125.0682047,11.2826006]]}},{"type":"Feature","properties":{"u":"1107290409","v":"1107290360","key":"0","osmid":245955562,"name":"San Roque Street","ref":null,"highway":"residential","length":36.38713268328481,"oneway":false},"geometry":{"type":"LineString","coordinates":[[125.0707271,11.2814133],[125.0703938,11.2813976]]}},{"type":"Feature","properties":{"u":"1107290409","v":"1107290104","key":"0","osmid":337410399,"name":"Serafin Marabut Street","ref":null,"highway":"tertiary","length":74.34078823103006,"oneway":false},"geometry":{"type":"LineString","coordinates":[[125.0707271,11.2814133],[125.0707912,11.2820789]]}},{"type":"Feature","properties":{"u":"1107290409","v":"12284512686","key":"0","osmid":[245955562,1327754955],"name":"San Roque Street","ref":null,"highway":["residential","path"],"length":238.62096239246458,"oneway":false},"geometry":{"type":"LineString","coordinates":[[125.0707271,11.2814133],[125.0710522,11.2813957],[125.0712141,11.2813601],[125.0711319,11.2811639],[125.0709256,11.2808086],[125.0706641,11.2804996],[125.0703447,11.280215],[125.0701558,11.2800997]]}},{"type":"Feature","properties":{"u":"1107290409","v":"1107290044","key":"0","osmid":337410399,"name":"Serafin Marabut Street","ref":null,"highway":"tertiary","length":124.14712452314107,"oneway":false},"geometry":{"type":"LineString","coordinates":[[125.0707271,11.2814133],[125.0706634,11.281075],[125.0705789,11.2809356],[125.0704204,11.2807926],[125.0701409,11.2806751],[125.0700446,11.2806397]]}},{"type":"Feature","properties":{"u":"1107290413","v":"8318358824","key":"0","osmid":95489224,"name":null,"ref":null,"highway":"residential","length":158.32086222948777,"oneway":false},"geometry":{"type":"LineString","coordinates":[[125.0575677,11.2862849],[125.0567801,11.2865411],[125.0562098,11.2867848]]}},{"type":"Feature","properties":{"u":"1107290416","v":"1107290094","key":"0","osmid":95489203,"name":null,"ref":null,"highway":"service","length":48.69081173849642,"oneway":false},"geometry":{"type":"LineString","coordinates":[[125.0698583,11.2801255],[125.0697554,11.2805516]]}},{"type":"Feature","properties":{"u":"1107290418","v":"1107290159","key":"0","osmid":95489216,"name":"J. Cabañas Street","ref":null,"highway":"residential","length":27.849818858608906,"oneway":false},"geometry":{"type":"LineString","coordinates":[[125.0691378,11.2823768],[125.0693898,11.2824175]]}},{"type":"Feature","properties":{"u":"1107290418","v":"1107290135","key":"0","osmid":95489216,"name":"J. Cabañas Street","ref":null,"highway":"residential","length":31.464745558955716,"oneway":false},"geometry":{"type":"LineString","coordinates":[[125.0691378,11.2823768],[125.0688518,11.2823393]]}},{"type":"Feature","properties":{"u":"1107290418","v":"1107290194","key":"0","osmid":246351731,"name":"Katipunan Street","ref":null,"highway":"residential","length":51.10867271987566,"oneway":false},"geometry":{"type":"LineString","coordinates":[[125.0691378,11.2823768],[125.0692282,11.2819258]]}},{"type":"Feature","properties":{"u":"1107290418","v":"1107290183","key":"0","osmid":246351731,"name":"Katipunan Street","ref":null,"highway":"residential","length":43.68910452159188,"oneway":false},"geometry":{"type":"LineString","coordinates":[[125.0691378,11.2823768],[125.0690686,11.2827638]]}},{"type":"Feature","properties":{"u":"1107290421","v":"1107290131","key":"0","osmid":95489194,"name":"Colonel Luciano A. Abia Street","ref":null,"highway":"residential","length":25.72046773338083,"oneway":false},"geometry":{"type":"LineString","coordinates":[[125.0689834,11.2832547],[125.0692186,11.2832721]]}},{"type":"Feature","properties":{"u":"1107290421","v":"1107290189","key":"0","osmid":95489194,"name":"Colonel Luciano A. Abia Street","ref":null,"highway":"residential","length":38.165531718393304,"oneway":false},"geometry":{"type":"LineString","coordinates":[[125.0689834,11.2832547],[125.0686347,11.2832252]]}},{"type":"Feature","properties":{"u":"1107290421","v":"1107290238","key":"0","osmid":95489212,"name":"Katipunan Street","ref":null,"highway":"residential","length":59.69037653691752,"oneway":false},"geometry":{"type":"LineString","coordinates":[[125.0689834,11.2832547],[125.0688965,11.2837847]]}},{"type":"Feature","properties":{"u":"1107290421","v":"1107290183","key":"0","osmid":246351731,"name":"Katipunan Street","ref":null,"highway":"residential","length":55.370682119966254,"oneway":false},"geometry":{"type":"LineString","coordinates":[[125.0689834,11.2832547],[125.0690686,11.2827638]]}},{"type":"Feature","properties":{"u":"1107290425","v":"12284512648","key":"0","osmid":95489187,"name":"San Roque Street","ref":null,"highway":"residential","length":12.425944988916527,"oneway":false},"geometry":{"type":"LineString","coordinates":[[125.0693744,11.2811974],[125.069485,11.2812243]]}},{"type":"Feature","properties":{"u":"1107290425","v":"1107290157","key":"0","osmid":95489187,"name":"San Roque Street","ref":null,"highway":"residential","length":29.76353940980853,"oneway":false},"geometry":{"type":"LineString","coordinates":[[125.0693744,11.2811974],[125.0691091,11.2811345]]}},{"type":"Feature","properties":{"u":"1107290425","v":"1107290194","key":"0","osmid":246351731,"name":"Katipunan Street","ref":null,"highway":"residential","length":82.54862488211971,"oneway":false},"geometry":{"type":"LineString","coordinates":[[125.0693744,11.2811974],[125.0692282,11.2819258]]}},{"type":"Feature","properties":{"u":"1107290431","v":"1107290173","key":"0","osmid":95489216,"name":"J. Cabañas Street","ref":null,"highway":"residential","length":67.73813779003613,"oneway":false},"geometry":{"type":"LineString","coordinates":[[125.0698066,11.2824841],[125.0704232,11.282558]]}},{"type":"Feature","properties":{"u":"1107290431","v":"1107290159","key":"0","osmid":95489216,"name":"J. Cabañas Street","ref":null,"highway":"residential","length":46.04982814166603,"oneway":false},"geometry":{"type":"LineString","coordinates":[[125.0698066,11.2824841],[125.0693898,11.2824175]]}},{"type":"Feature","properties":{"u":"1107290431","v":"1107290031","key":"0","osmid":246351729,"name":"Suguijon Street","ref":null,"highway":"residential","length":36.25273919729202,"oneway":false},"geometry":{"type":"LineString","coordinates":[[125.0698066,11.2824841],[125.0697661,11.2828077]]}},{"type":"Feature","properties":{"u":"1107290431","v":"1107290150","key":"0","osmid":246351729,"name":"Suguijon Street","ref":null,"highway":"residential","length":53.14427071493219,"oneway":false},"geometry":{"type":"LineString","coordinates":[[125.0698066,11.2824841],[125.0698203,11.2824195],[125.0698688,11.2820103]]}},{"type":"Feature","properties":{"u":"1107290434","v":"1107290352","key":"0","osmid":95489157,"name":null,"ref":null,"highway":"residential","length":45.303677934822424,"oneway":false},"geometry":{"type":"LineString","coordinates":[[125.0669671,11.2798938],[125.0667945,11.2802644]]}},{"type":"Feature","properties":{"u":"1107290434","v":"1107290257","key":"0","osmid":95489184,"name":null,"ref":null,"highway":"residential","length":72.90108883134008,"oneway":false},"geometry":{"type":"LineString","coordinates":[[125.0669671,11.2798938],[125.0675852,11.2801436]]}},{"type":"Feature","properties":{"u":"1107290434","v":"1107290144","key":"0","osmid":95489184,"name":null,"ref":null,"highway":"residential","length":19.79117056452588,"oneway":false},"geometry":{"type":"LineString","coordinates":[[125.0669671,11.2798938],[125.0667966,11.2798328]]}},{"type":"Feature","properties":{"u":"1107290434","v":"1107290007","key":"0","osmid":95489157,"name":null,"ref":null,"highway":"residential","length":48.959241734167975,"oneway":false},"geometry":{"type":"LineString","coordinates":[[125.0669671,11.2798938],[125.0670733,11.2796923],[125.0671292,11.2796424],[125.0672294,11.2795436]]}},{"type":"Feature","properties":{"u":"1170095219","v":"1170097901","key":"0","osmid":101337110,"name":null,"ref":null,"highway":"residential","length":51.66111010550002,"oneway":false},"geometry":{"type":"LineString","coordinates":[[125.0581624,11.2874626],[125.0580007,11.2870259]]}},{"type":"Feature","properties":{"u":"1170095219","v":"278505757","key":"0","osmid":387032401,"name":"San Juanico-Basey Road","ref":"670","highway":"primary","length":38.20587176112729,"oneway":false},"geometry":{"type":"LineString","coordinates":[[125.0581624,11.2874626],[125.0584531,11.2872708]]}},{"type":"Feature","properties":{"u":"1170095219","v":"8318358823","key":"0","osmid":387032401,"name":"San Juanico-Basey Road","ref":"670","highway":"primary","length":200.1493272151695,"oneway":false},"geometry":{"type":"LineString","coordinates":[[125.0581624,11.2874626],[125.0580029,11.2875102],[125.0579082,11.2875356],[125.057793,11.2875604],[125.0576799,11.2875778],[125.0575509,11.2875749],[125.0573004,11.2875344],[125.0570806,11.2874837],[125.0568347,11.2873947],[125.0566424,11.2872792],[125.056471,11.2871119]]}},{"type":"Feature","properties":{"u":"1170095364","v":"1107290389","key":"0","osmid":101337102,"name":null,"ref":null,"highway":"residential","length":26.106240799623425,"oneway":false},"geometry":{"type":"LineString","coordinates":[[125.0680402,11.2831886],[125.0682786,11.2832101]]}},{"type":"Feature","properties":{"u":"1170095477","v":"278505356","key":"0","osmid":61414431,"name":"Basey-Marabut Road","ref":"670","highway":"primary","length":67.34407141920629,"oneway":false},"geometry":{"type":"LineString","coordinates":[[125.0704469,11.2902292],[125.0703252,11.2900985],[125.0702607,11.2900019],[125.0702348,11.2899632],[125.070129,11.2897173]]}},{"type":"Feature","properties":{"u":"1170095477","v":"8323919584","key":"0","osmid":[61414432,100573480,61414431],"name":"Basey-Marabut Road","ref":"670","highway":"primary","length":2341.2674706767175,"oneway":false},"geometry":{"type":"LineString","coordinates":[[125.0704469,11.2902292],[125.0707808,11.2905373],[125.0709628,11.2906407],[125.0711563,11.2907191],[125.0713031,11.2907526],[125.07143,11.2907751],[125.0717986,11.2908295],[125.0821299,11.2926182],[125.0869481,11.2934541],[125.0914371,11.2942201]]}},{"type":"Feature","properties":{"u":"1170095477","v":"8318250119","key":"0","osmid":101337099,"name":null,"ref":null,"highway":"primary_link","length":44.635921176642746,"oneway":false},"geometry":{"type":"LineString","coordinates":[[125.0704469,11.2902292],[125.0703577,11.2902169],[125.0702826,11.2902274],[125.0702048,11.2902721],[125.070141,11.2903102],[125.0700791,11.2903576]]}},{"type":"Feature","properties":{"u":"1170095639","v":"1170097220","key":"0","osmid":101337100,"name":null,"ref":null,"highway":"residential","length":46.03814795506618,"oneway":false},"geometry":{"type":"LineString","coordinates":[[125.0577853,11.2870857],[125.0575027,11.2867781]]}},{"type":"Feature","properties":{"u":"1170095639","v":"1170097220","key":"1","osmid":101337110,"name":null,"ref":null,"highway":"residential","length":90.70584684551662,"oneway":false},"geometry":{"type":"LineString","coordinates":[[125.0577853,11.2870857],[125.0575367,11.2871548],[125.0573069,11.286959],[125.0575027,11.2867781]]}},{"type":"Feature","properties":{"u":"1170095639","v":"1170097901","key":"0","osmid":101337110,"name":null,"ref":null,"highway":"residential","length":24.411262301908337,"oneway":false},"geometry":{"type":"LineString","coordinates":[[125.0577853,11.2870857],[125.0580007,11.2870259]]}},{"type":"Feature","properties":{"u":"1170095923","v":"2534977804","key":"0","osmid":246457390,"name":null,"ref":null,"highway":"residential","length":39.570156575664555,"oneway":false},"geometry":{"type":"LineString","coordinates":[[125.0659696,11.2830413],[125.0656241,11.2829325]]}},{"type":"Feature","properties":{"u":"1170096310","v":"2534866791","key":"0","osmid":101337101,"name":null,"ref":null,"highway":"residential","length":43.20495126916786,"oneway":false},"geometry":{"type":"LineString","coordinates":[[125.0576576,11.2865804],[125.0579084,11.2868812]]}},{"type":"Feature","properties":{"u":"1170096310","v":"2534866488","key":"0","osmid":101337110,"name":null,"ref":null,"highway":"residential","length":22.89474283576493,"oneway":false},"geometry":{"type":"LineString","coordinates":[[125.0576576,11.2865804],[125.0576837,11.2863761]]}},{"type":"Feature","properties":{"u":"1170096310","v":"1170097220","key":"0","osmid":101337110,"name":null,"ref":null,"highway":"residential","length":27.723098675022303,"oneway":false},"geometry":{"type":"LineString","coordinates":[[125.0576576,11.2865804],[125.0575027,11.2867781]]}},{"type":"Feature","properties":{"u":"1170097220","v":"1170095639","key":"0","osmid":101337100,"name":null,"ref":null,"highway":"residential","length":46.03814795506618,"oneway":false},"geometry":{"type":"LineString","coordinates":[[125.0575027,11.2867781],[125.0577853,11.2870857]]}},{"type":"Feature","properties":{"u":"1170097220","v":"1170095639","key":"1","osmid":101337110,"name":null,"ref":null,"highway":"residential","length":90.70584684551662,"oneway":false},"geometry":{"type":"LineString","coordinates":[[125.0575027,11.2867781],[125.0573069,11.286959],[125.0575367,11.2871548],[125.0577853,11.2870857]]}},{"type":"Feature","properties":{"u":"1170097220","v":"1170096310","key":"0","osmid":101337110,"name":null,"ref":null,"highway":"residential","length":27.723098675022303,"oneway":false},"geometry":{"type":"LineString","coordinates":[[125.0575027,11.2867781],[125.0576576,11.2865804]]}},{"type":"Feature","properties":{"u":"1170097794","v":"1107290352","key":"0","osmid":101337115,"name":null,"ref":null,"highway":"tertiary","length":239.03227475882596,"oneway":false},"geometry":{"type":"LineString","coordinates":[[125.0654975,11.2789522],[125.0655774,11.2790351],[125.0656038,11.2791094],[125.0656042,11.2792676],[125.0655958,11.2793993],[125.0655569,11.2795928],[125.0655582,11.2797172],[125.0656132,11.2797914],[125.0657362,11.2798638],[125.066219,11.2800584],[125.0667945,11.2802644]]}},{"type":"Feature","properties":{"u":"1170097794","v":"13955982837","key":"0","osmid":387040461,"name":null,"ref":null,"highway":"tertiary","length":571.594766430797,"oneway":false},"geometry":{"type":"LineString","coordinates":[[125.0654975,11.2789522],[125.0653982,11.2788878],[125.0652869,11.2788628],[125.0651143,11.2788847],[125.0648215,11.2789272],[125.0647008,11.2789075],[125.0645828,11.2788707],[125.0642127,11.2786353],[125.0641268,11.2786037],[125.0639847,11.2785932],[125.0636937,11.2785892],[125.0634228,11.2786326],[125.0633289,11.2786484],[125.0632699,11.2786392],[125.0631398,11.2785879],[125.0630352,11.2785813],[125.0625443,11.2786155],[125.0617652,11.2786517],[125.0615291,11.2786451],[125.0614862,11.2786399],[125.0613984,11.2786359],[125.060935,11.2786642],[125.0607741,11.2786945],[125.0604951,11.2788049],[125.0604308,11.2788562]]}},{"type":"Feature","properties":{"u":"1170097794","v":"2531572912","key":"0","osmid":387040462,"name":null,"ref":null,"highway":"service","length":58.75796133197244,"oneway":false},"geometry":{"type":"LineString","coordinates":[[125.0654975,11.2789522],[125.0654649,11.2790238],[125.0654344,11.2790754],[125.0653768,11.2791904],[125.0652929,11.2794394]]}},{"type":"Feature","properties":{"u":"1170097901","v":"1170095639","key":"0","osmid":101337110,"name":null,"ref":null,"highway":"residential","length":24.411262301908337,"oneway":false},"geometry":{"type":"LineString","coordinates":[[125.0580007,11.2870259],[125.0577853,11.2870857]]}},{"type":"Feature","properties":{"u":"1170097901","v":"1170095219","key":"0","osmid":101337110,"name":null,"ref":null,"highway":"residential","length":51.66111010550002,"oneway":false},"geometry":{"type":"LineString","coordinates":[[125.0580007,11.2870259],[125.0581624,11.2874626]]}},{"type":"Feature","properties":{"u":"1170097901","v":"2534866791","key":"0","osmid":101337101,"name":null,"ref":null,"highway":"residential","length":19.412276010946982,"oneway":false},"geometry":{"type":"LineString","coordinates":[[125.0580007,11.2870259],[125.0579605,11.286929],[125.0579084,11.2868812]]}},{"type":"Feature","properties":{"u":"1170164897","v":"8440259982","key":"0","osmid":909003202,"name":null,"ref":null,"highway":"residential","length":155.29515581443974,"oneway":false},"geometry":{"type":"LineString","coordinates":[[125.15603,11.2913195],[125.1562232,11.2913109],[125.156242,11.2917265],[125.1561615,11.2921947],[125.1558972,11.2923757]]}},{"type":"Feature","properties":{"u":"1170164897","v":"8440259982","key":"1","osmid":953254491,"name":null,"ref":null,"highway":"tertiary","length":120.05822345293353,"oneway":false},"geometry":{"type":"LineString","coordinates":[[125.15603,11.2913195],[125.1560387,11.2918383],[125.1559126,11.2921606],[125.1558972,11.2923757]]}},{"type":"Feature","properties":{"u":"1170164897","v":"278505660","key":"0","osmid":953254491,"name":null,"ref":null,"highway":"tertiary","length":1546.1914342705531,"oneway":false},"geometry":{"type":"LineString","coordinates":[[125.15603,11.2913195],[125.155947,11.2910939],[125.1555311,11.2907014],[125.1539501,11.289556],[125.1538185,11.2893381],[125.1534997,11.2886761],[125.1528192,11.2877331],[125.152687,11.2875199],[125.1525213,11.2872464],[125.1518633,11.2866326],[125.1514394,11.2860608],[125.1513467,11.2859051],[125.1512848,11.2856974],[125.1513124,11.2854384],[125.1513795,11.2851925],[125.1515298,11.2846739],[125.1516223,11.2839606],[125.1515807,11.283673],[125.1514916,11.2834051],[125.1513078,11.2830408],[125.1511533,11.2828161],[125.1509611,11.2826079],[125.1507404,11.282444],[125.1504291,11.2823491],[125.1491294,11.2821955],[125.1487075,11.2821252],[125.1485349,11.2820587],[125.1482037,11.2817973],[125.1479856,11.2816291]]}},{"type":"Feature","properties":{"u":"1170165024","v":"5078007528","key":"0","osmid":[953254475,953254476,953254480,953254490,953254491],"name":null,"ref":null,"highway":"tertiary","length":784.7496262129546,"oneway":false},"geometry":{"type":"LineString","coordinates":[[125.1598826,11.3043469],[125.1600831,11.3044821],[125.1603181,11.3048028],[125.1602766,11.3053261],[125.1600606,11.3060332],[125.1598903,11.3067569],[125.1598796,11.3077774],[125.1597582,11.3082925],[125.1597485,11.3084799],[125.1597186,11.3087452],[125.1593646,11.3102287],[125.1592075,11.3108691],[125.1591843,11.3110347],[125.1591782,11.3110994]]}},{"type":"Feature","properties":{"u":"1170165024","v":"5078007564","key":"0","osmid":953254491,"name":null,"ref":null,"highway":"tertiary","length":210.47318443357517,"oneway":false},"geometry":{"type":"LineString","coordinates":[[125.1598826,11.3043469],[125.1596385,11.3042768],[125.159397,11.3041181],[125.1588359,11.3036684],[125.1586579,11.3033324],[125.1586475,11.3030635]]}},{"type":"Feature","properties":{"u":"1170165024","v":"8440259965","key":"0","osmid":[909003200,953254492],"name":null,"ref":null,"highway":["residential","path"],"length":542.4342637450748,"oneway":false},"geometry":{"type":"LineString","coordinates":[[125.1598826,11.3043469],[125.1602774,11.3041559],[125.1605104,11.304089],[125.1606305,11.3039131],[125.1610513,11.3038072],[125.1613723,11.3039064],[125.1619847,11.3041379],[125.1626843,11.3041754],[125.1627699,11.3037626],[125.1626895,11.3033891],[125.1627377,11.3032681],[125.1631508,11.3032155],[125.1631776,11.3026474]]}},{"type":"Feature","properties":{"u":"1170165105","v":"8823200140","key":"0","osmid":953254490,"name":null,"ref":null,"highway":"tertiary","length":13.202320764570468,"oneway":false},"geometry":{"type":"LineString","coordinates":[[125.1561118,11.3109895],[125.156203,11.3110676]]}},{"type":"Feature","properties":{"u":"1170165105","v":"5078007524","key":"0","osmid":[521114276,953254468,953254469],"name":null,"ref":null,"highway":"residential","length":414.26853238421086,"oneway":false},"geometry":{"type":"LineString","coordinates":[[125.1561118,11.3109895],[125.156034,11.3108509],[125.1558717,11.3106944],[125.1556805,11.310608],[125.1554101,11.3105389],[125.1554466,11.3098622],[125.155429,11.3095858],[125.1555325,11.3095952],[125.1559093,11.3095937],[125.1572318,11.3102145]]}},{"type":"Feature","properties":{"u":"1170165105","v":"2526305660","key":"0","osmid":[101342400,953254490,245426120],"name":null,"ref":null,"highway":"tertiary","length":3263.9816267372175,"oneway":false},"geometry":{"type":"LineString","coordinates":[[125.1561118,11.3109895],[125.1558973,11.3109053],[125.1558114,11.3109264],[125.1556786,11.311035],[125.1555847,11.3112112],[125.1554479,11.3118898],[125.1553514,11.3121318],[125.1551986,11.3122157],[125.1550054,11.3123262],[125.1548123,11.3124367],[125.1545387,11.3128049],[125.1541874,11.3132678],[125.1538736,11.3138622],[125.1535785,11.314567],[125.1533961,11.3147038],[125.1530635,11.3149984],[125.1528195,11.3153127],[125.1527524,11.3156664],[125.1525928,11.3164765],[125.1526612,11.3174654],[125.1527363,11.3183649],[125.1526934,11.3191696],[125.1526317,11.3202243],[125.152629,11.3208581],[125.1528436,11.3224361],[125.1531601,11.3239984],[125.1532191,11.3243929],[125.1532298,11.3251976],[125.1531815,11.3254291],[125.1531815,11.3256815],[125.1533049,11.326865],[125.1531601,11.3277382],[125.1533371,11.3286744],[125.1533049,11.3294056],[125.1535141,11.3301314],[125.1536053,11.3304891],[125.1537341,11.3310624],[125.1537287,11.3314569],[125.1537341,11.3317094],[125.1537019,11.3319619],[125.153718,11.3322617],[125.1535678,11.3326246],[125.1536214,11.3329402],[125.1539111,11.3331769],[125.1541471,11.3334215],[125.1542357,11.3338949],[125.1542518,11.3342157],[125.1542598,11.3344379],[125.1542665,11.3346588],[125.1543107,11.3347456],[125.1544275,11.3348022],[125.1546071,11.3348539],[125.1547056,11.3348985],[125.1548382,11.3350521],[125.1550486,11.3353016],[125.1552133,11.3354649],[125.1553276,11.3355874],[125.1553771,11.3356968],[125.1554222,11.3359555],[125.1554945,11.3364305],[125.155524,11.3368726],[125.1555347,11.3372473],[125.1555062,11.3374399],[125.1553847,11.3376675],[125.1552539,11.3378631]]}},{"type":"Feature","properties":{"u":"1551879528","v":"8382868409","key":"0","osmid":1411601872,"name":"Basey-Sohoton Road","ref":null,"highway":"secondary","length":51.54524508052237,"oneway":false},"geometry":{"type":"LineString","coordinates":[[125.0972359,11.3156079],[125.0967851,11.3154683]]}},{"type":"Feature","properties":{"u":"1551879528","v":"8314859138","key":"0","osmid":245442592,"name":null,"ref":null,"highway":"tertiary","length":1870.6265610110095,"oneway":false},"geometry":{"type":"LineString","coordinates":[[125.0972359,11.3156079],[125.0970319,11.3199107],[125.0968004,11.3231684],[125.0966306,11.3264326],[125.0963566,11.3307942],[125.0963529,11.3311071],[125.0963683,11.3312518],[125.096426,11.3313675],[125.0966835,11.3319619],[125.0968206,11.3323158]]}},{"type":"Feature","properties":{"u":"1551879528","v":"8314834446","key":"0","osmid":[1411601872,337410415,1411601871],"name":"Basey-Sohoton Road","ref":null,"highway":"secondary","length":1108.9735982506756,"oneway":false},"geometry":{"type":"LineString","coordinates":[[125.0972359,11.3156079],[125.0977026,11.315796],[125.0980151,11.3160222],[125.1018949,11.3195569],[125.1022167,11.3198555],[125.10254,11.3201697],[125.1033688,11.320843],[125.1042794,11.3216925],[125.1044457,11.3217687],[125.1047023,11.3218102],[125.1049016,11.3218135],[125.105009,11.3218059]]}},{"type":"Feature","properties":{"u":"1684194022","v":"2523654572","key":"0","osmid":245118115,"name":null,"ref":null,"highway":"residential","length":44.51867029337697,"oneway":false},"geometry":{"type":"LineString","coordinates":[[124.9995386,11.2748333],[124.9991341,11.2747792]]}},{"type":"Feature","properties":{"u":"1684194024","v":"1684194063","key":"0","osmid":245682711,"name":null,"ref":null,"highway":"tertiary","length":60.97046567487497,"oneway":false},"geometry":{"type":"LineString","coordinates":[[125.0087157,11.277022],[125.0081638,11.2769342]]}},{"type":"Feature","properties":{"u":"1684194024","v":"8449239477","key":"0","osmid":895493001,"name":null,"ref":null,"highway":"residential","length":66.44646948477984,"oneway":false},"geometry":{"type":"LineString","coordinates":[[125.0087157,11.277022],[125.0090086,11.276498]]}},{"type":"Feature","properties":{"u":"1684194024","v":"8324093560","key":"0","osmid":245682711,"name":null,"ref":null,"highway":"tertiary","length":185.94935315909913,"oneway":false},"geometry":{"type":"LineString","coordinates":[[125.0087157,11.277022],[125.0093212,11.2772168],[125.0103389,11.2775343]]}},{"type":"Feature","properties":{"u":"1684194025","v":"8826393697","key":"0","osmid":156132407,"name":null,"ref":null,"highway":"residential","length":9.28998096746887,"oneway":false},"geometry":{"type":"LineString","coordinates":[[125.0123978,11.2788123],[125.0124417,11.2787407]]}},{"type":"Feature","properties":{"u":"1684194025","v":"1684194027","key":"0","osmid":245682713,"name":null,"ref":null,"highway":"tertiary","length":58.7463105454621,"oneway":false},"geometry":{"type":"LineString","coordinates":[[125.0123978,11.2788123],[125.0122052,11.2783189]]}},{"type":"Feature","properties":{"u":"1684194025","v":"1684194151","key":"0","osmid":245682713,"name":null,"ref":null,"highway":"tertiary","length":121.35321668230549,"oneway":false},"geometry":{"type":"LineString","coordinates":[[125.0123978,11.2788123],[125.0125205,11.2791386],[125.0126212,11.2794678],[125.0127314,11.2798528]]}},{"type":"Feature","properties":{"u":"1684194027","v":"1684194238","key":"0","osmid":156132419,"name":null,"ref":null,"highway":"residential","length":75.67492388993996,"oneway":false},"geometry":{"type":"LineString","coordinates":[[125.0122052,11.2783189],[125.0123761,11.2776593]]}},{"type":"Feature","properties":{"u":"1684194027","v":"1684194025","key":"0","osmid":245682713,"name":null,"ref":null,"highway":"tertiary","length":58.7463105454621,"oneway":false},"geometry":{"type":"LineString","coordinates":[[125.0122052,11.2783189],[125.0123978,11.2788123]]}},{"type":"Feature","properties":{"u":"1684194027","v":"1684194136","key":"0","osmid":245682713,"name":null,"ref":null,"highway":"tertiary","length":69.45655916346112,"oneway":false},"geometry":{"type":"LineString","coordinates":[[125.0122052,11.2783189],[125.0121607,11.2782392],[125.0120657,11.2781347],[125.0119447,11.278037],[125.0117176,11.2779474]]}},{"type":"Feature","properties":{"u":"1684194031","v":"8333600243","key":"0","osmid":156132408,"name":null,"ref":null,"highway":"tertiary","length":6.2648272946277554,"oneway":false},"geometry":{"type":"LineString","coordinates":[[124.9779875,11.2875429],[124.9779301,11.2875453]]}},{"type":"Feature","properties":{"u":"1684194031","v":"8323984299","key":"0","osmid":156132408,"name":null,"ref":null,"highway":"tertiary","length":2202.5680040369107,"oneway":false},"geometry":{"type":"LineString","coordinates":[[124.9779875,11.2875429],[124.9781178,11.2875588],[124.9782439,11.2875805],[124.9783753,11.2875726],[124.978492,11.2875476],[124.9786603,11.2874707],[124.9787816,11.2873937],[124.9789868,11.2872609],[124.9791236,11.2872142],[124.9794113,11.2871603],[124.9796735,11.2871182],[124.9798666,11.2871406],[124.9800778,11.2872392],[124.9803253,11.2874049],[124.98046,11.2874865],[124.980578,11.2875331],[124.980682,11.2875338],[124.9807745,11.2874878],[124.9808865,11.2873852],[124.9809797,11.2872563],[124.9811004,11.2870978],[124.9813022,11.2869137],[124.9815208,11.2867671],[124.9817334,11.2866697],[124.9819167,11.28661],[124.9821264,11.2865803],[124.9824217,11.2865937],[124.9827124,11.2866092],[124.9829297,11.2866014],[124.9831791,11.286558],[124.9836592,11.2864527],[124.9841112,11.286383],[124.9843633,11.2863594],[124.9846221,11.2863738],[124.9849628,11.286433],[124.9851237,11.2864882],[124.9852994,11.2865053],[124.9855019,11.2864856],[124.9856535,11.2864514],[124.9858654,11.286387],[124.9860437,11.2863541],[124.9862744,11.2863738],[124.9871984,11.2865159],[124.9875766,11.2865027],[124.987928,11.2865316],[124.9882659,11.2864922],[124.9885543,11.2864475],[124.9888574,11.2863712],[124.9890894,11.2864462],[124.9894032,11.286579],[124.9897546,11.2867236],[124.9900175,11.2868288],[124.9903887,11.2870146],[124.9905613,11.2870879],[124.990738,11.2871168],[124.9909924,11.2871464],[124.9912352,11.2871491],[124.9914712,11.2871024],[124.9916697,11.2869814],[124.9918575,11.2868025],[124.9920181,11.2866289],[124.9921471,11.2864159],[124.9922075,11.2862028],[124.9922491,11.2859608],[124.992351,11.2857609],[124.9925038,11.2855551],[124.9930362,11.2850738],[124.9948666,11.2835724],[124.9952207,11.2832463],[124.9954683,11.283001]]}},{"type":"Feature","properties":{"u":"1684194031","v":"6765370937","key":"0","osmid":[721048571,721048573],"name":null,"ref":null,"highway":["track","path"],"length":140.54703179435683,"oneway":false},"geometry":{"type":"LineString","coordinates":[[124.9779875,11.2875429],[124.9780413,11.2876495],[124.9780762,11.2882256],[124.9780843,11.2882756],[124.9783042,11.288657],[124.9783726,11.288699]]}},{"type":"Feature","properties":{"u":"1684194044","v":"1684194086","key":"0","osmid":156132417,"name":null,"ref":null,"highway":"residential","length":180.91784676043955,"oneway":false},"geometry":{"type":"LineString","coordinates":[[124.9987087,11.2755545],[124.9987044,11.2755993],[124.9986943,11.2756947],[124.9986272,11.2763448],[124.9994076,11.2766729]]}},{"type":"Feature","properties":{"u":"1684194044","v":"8324004046","key":"0","osmid":760477290,"name":null,"ref":null,"highway":"tertiary","length":45.58747077319991,"oneway":false},"geometry":{"type":"LineString","coordinates":[[124.9987087,11.2755545],[124.9984012,11.2755128],[124.9982946,11.2754983]]}},{"type":"Feature","properties":{"u":"1684194044","v":"1684194069","key":"0","osmid":760477290,"name":null,"ref":null,"highway":"tertiary","length":35.97750760851522,"oneway":false},"geometry":{"type":"LineString","coordinates":[[124.9987087,11.2755545],[124.9990098,11.2755954],[124.9990355,11.2755989]]}},{"type":"Feature","properties":{"u":"1684194046","v":"1684194220","key":"0","osmid":156132408,"name":null,"ref":null,"highway":"tertiary","length":21.351052763266825,"oneway":false},"geometry":{"type":"LineString","coordinates":[[124.9959771,11.2821257],[124.9959449,11.2823151]]}},{"type":"Feature","properties":{"u":"1684194046","v":"8323984290","key":"0","osmid":156132408,"name":null,"ref":null,"highway":"tertiary","length":20.293377264222094,"oneway":false},"geometry":{"type":"LineString","coordinates":[[124.9959771,11.2821257],[124.9959909,11.2819437]]}},{"type":"Feature","properties":{"u":"1684194046","v":"8323984288","key":"0","osmid":895493004,"name":null,"ref":null,"highway":"residential","length":49.89392770647924,"oneway":false},"geometry":{"type":"LineString","coordinates":[[124.9959771,11.2821257],[124.9964346,11.2821192]]}},{"type":"Feature","properties":{"u":"1684194059","v":"2528344611","key":"0","osmid":156132398,"name":null,"ref":null,"highway":"residential","length":31.43730954702206,"oneway":false},"geometry":{"type":"LineString","coordinates":[[125.0114486,11.2765958],[125.0113919,11.276873]]}},{"type":"Feature","properties":{"u":"1684194059","v":"1684194221","key":"0","osmid":156132407,"name":null,"ref":null,"highway":"residential","length":58.79536528481846,"oneway":false},"geometry":{"type":"LineString","coordinates":[[125.0114486,11.2765958],[125.0109567,11.2763793]]}},{"type":"Feature","properties":{"u":"1684194059","v":"1684194115","key":"0","osmid":156132407,"name":null,"ref":null,"highway":"residential","length":73.64022775055336,"oneway":false},"geometry":{"type":"LineString","coordinates":[[125.0114486,11.2765958],[125.012065,11.2768663]]}},{"type":"Feature","properties":{"u":"1684194059","v":"2525657978","key":"0","osmid":[245355264,156132398,1035236415],"name":null,"ref":null,"highway":["footway","residential"],"length":82.10745280036494,"oneway":false},"geometry":{"type":"LineString","coordinates":[[125.0114486,11.2765958],[125.0115537,11.2763617],[125.0116128,11.2762077],[125.0117496,11.2759193]]}},{"type":"Feature","properties":{"u":"1684194061","v":"278505381","key":"0","osmid":156132404,"name":null,"ref":null,"highway":"tertiary","length":73.18570599526853,"oneway":false},"geometry":{"type":"LineString","coordinates":[[125.0197613,11.2846722],[125.0203951,11.2844557]]}},{"type":"Feature","properties":{"u":"1684194061","v":"2526452750","key":"0","osmid":246062283,"name":null,"ref":null,"highway":"tertiary","length":55.50410274508444,"oneway":false},"geometry":{"type":"LineString","coordinates":[[125.0197613,11.2846722],[125.0199841,11.285121]]}},{"type":"Feature","properties":{"u":"1684194061","v":"2531425191","key":"0","osmid":[245682713,156132404],"name":null,"ref":null,"highway":"tertiary","length":309.0177446041446,"oneway":false},"geometry":{"type":"LineString","coordinates":[[125.0197613,11.2846722],[125.0194225,11.2847798],[125.0192749,11.2847983],[125.0191623,11.2847904],[125.0190201,11.2847378],[125.0188538,11.2846615],[125.0186902,11.2845615],[125.0183094,11.2842748],[125.018127,11.2841538],[125.0179263,11.284047],[125.0172472,11.2837145]]}},{"type":"Feature","properties":{"u":"1684194063","v":"1684194024","key":"0","osmid":245682711,"name":null,"ref":null,"highway":"tertiary","length":60.97046567487497,"oneway":false},"geometry":{"type":"LineString","coordinates":[[125.0081638,11.2769342],[125.0087157,11.277022]]}},{"type":"Feature","properties":{"u":"1684194063","v":"8324093597","key":"0","osmid":245682711,"name":null,"ref":null,"highway":"tertiary","length":169.8251968462973,"oneway":false},"geometry":{"type":"LineString","coordinates":[[125.0081638,11.2769342],[125.0067738,11.2767195],[125.0066259,11.2766938]]}},{"type":"Feature","properties":{"u":"1684194063","v":"8324105580","key":"0","osmid":895493002,"name":null,"ref":null,"highway":"residential","length":62.647743011961694,"oneway":false},"geometry":{"type":"LineString","coordinates":[[125.0081638,11.2769342],[125.0082886,11.2766427],[125.0084337,11.2764405]]}},{"type":"Feature","properties":{"u":"1684194069","v":"2523654572","key":"0","osmid":156132399,"name":null,"ref":null,"highway":"residential","length":91.77861908022018,"oneway":false},"geometry":{"type":"LineString","coordinates":[[124.9990355,11.2755989],[124.9991341,11.2747792]]}},{"type":"Feature","properties":{"u":"1684194069","v":"1684194231","key":"0","osmid":760477290,"name":null,"ref":null,"highway":"tertiary","length":51.69684824732486,"oneway":false},"geometry":{"type":"LineString","coordinates":[[124.9990355,11.2755989],[124.9995051,11.2756626]]}},{"type":"Feature","properties":{"u":"1684194069","v":"1684194044","key":"0","osmid":760477290,"name":null,"ref":null,"highway":"tertiary","length":35.97750760851522,"oneway":false},"geometry":{"type":"LineString","coordinates":[[124.9990355,11.2755989],[124.9990098,11.2755954],[124.9987087,11.2755545]]}},{"type":"Feature","properties":{"u":"1684194086","v":"1684194231","key":"0","osmid":156132415,"name":null,"ref":null,"highway":"tertiary","length":112.84240505221375,"oneway":false},"geometry":{"type":"LineString","coordinates":[[124.9994076,11.2766729],[124.9995051,11.2756626]]}},{"type":"Feature","properties":{"u":"1684194086","v":"8324093626","key":"0","osmid":[156132408,156132415],"name":null,"ref":null,"highway":"tertiary","length":140.46347309418206,"oneway":false},"geometry":{"type":"LineString","coordinates":[[124.9994076,11.2766729],[124.9992655,11.2776751],[124.9992351,11.2779247]]}},{"type":"Feature","properties":{"u":"1684194086","v":"1684194044","key":"0","osmid":156132417,"name":null,"ref":null,"highway":"residential","length":180.91784676043955,"oneway":false},"geometry":{"type":"LineString","coordinates":[[124.9994076,11.2766729],[124.9986272,11.2763448],[124.9986943,11.2756947],[124.9987044,11.2755993],[124.9987087,11.2755545]]}},{"type":"Feature","properties":{"u":"1684194089","v":"1684194115","key":"0","osmid":156132407,"name":null,"ref":null,"highway":"residential","length":53.09359055066015,"oneway":false},"geometry":{"type":"LineString","coordinates":[[125.0125102,11.2770596],[125.012065,11.2768663]]}},{"type":"Feature","properties":{"u":"1684194089","v":"6426815516","key":"0","osmid":156132419,"name":null,"ref":null,"highway":"residential","length":24.775668696668706,"oneway":false},"geometry":{"type":"LineString","coordinates":[[125.0125102,11.2770596],[125.0124517,11.2772749]]}},{"type":"Feature","properties":{"u":"1684194089","v":"6426815515","key":"0","osmid":156132407,"name":null,"ref":null,"highway":"residential","length":123.72769654090462,"oneway":false},"geometry":{"type":"LineString","coordinates":[[125.0125102,11.2770596],[125.0132735,11.2772635],[125.0131719,11.2775853]]}},{"type":"Feature","properties":{"u":"1684194114","v":"8382619917","key":"0","osmid":156132400,"name":null,"ref":null,"highway":"residential","length":61.59520065636739,"oneway":false},"geometry":{"type":"LineString","coordinates":[[125.0104863,11.2775722],[125.0106933,11.2770568]]}},{"type":"Feature","properties":{"u":"1684194114","v":"8324093560","key":"0","osmid":245682711,"name":null,"ref":null,"highway":"tertiary","length":16.6169664519668,"oneway":false},"geometry":{"type":"LineString","coordinates":[[125.0104863,11.2775722],[125.0103389,11.2775343]]}},{"type":"Feature","properties":{"u":"1684194114","v":"1684194154","key":"0","osmid":245682711,"name":null,"ref":null,"highway":"tertiary","length":69.26571201879831,"oneway":false},"geometry":{"type":"LineString","coordinates":[[125.0104863,11.2775722],[125.0110972,11.2777428]]}},{"type":"Feature","properties":{"u":"1684194115","v":"8382612215","key":"0","osmid":156132397,"name":null,"ref":null,"highway":"residential","length":27.773038030947582,"oneway":false},"geometry":{"type":"LineString","coordinates":[[125.012065,11.2768663],[125.011984,11.2771031]]}},{"type":"Feature","properties":{"u":"1684194115","v":"1684194059","key":"0","osmid":156132407,"name":null,"ref":null,"highway":"residential","length":73.64022775055336,"oneway":false},"geometry":{"type":"LineString","coordinates":[[125.012065,11.2768663],[125.0114486,11.2765958]]}},{"type":"Feature","properties":{"u":"1684194115","v":"1684194089","key":"0","osmid":156132407,"name":null,"ref":null,"highway":"residential","length":53.09359055066015,"oneway":false},"geometry":{"type":"LineString","coordinates":[[125.012065,11.2768663],[125.0125102,11.2770596]]}},{"type":"Feature","properties":{"u":"1684194129","v":"6426815515","key":"0","osmid":156132407,"name":null,"ref":null,"highway":"residential","length":49.38170297977073,"oneway":false},"geometry":{"type":"LineString","coordinates":[[125.0129758,11.2779856],[125.0131719,11.2775853]]}},{"type":"Feature","properties":{"u":"1684194129","v":"8826393697","key":"0","osmid":156132407,"name":null,"ref":null,"highway":"residential","length":102.18627232729423,"oneway":false},"geometry":{"type":"LineString","coordinates":[[125.0129758,11.2779856],[125.0128323,11.2781881],[125.0124417,11.2787407]]}},{"type":"Feature","properties":{"u":"1684194129","v":"8449239459","key":"0","osmid":[245682712,156132421],"name":null,"ref":null,"highway":"residential","length":151.16050985550038,"oneway":false},"geometry":{"type":"LineString","coordinates":[[125.0129758,11.2779856],[125.0133846,11.2781486],[125.0137348,11.2781486],[125.0140996,11.2781513],[125.0143288,11.2781686]]}},{"type":"Feature","properties":{"u":"1684194136","v":"8382612216","key":"0","osmid":156132397,"name":null,"ref":null,"highway":"residential","length":51.8954015139841,"oneway":false},"geometry":{"type":"LineString","coordinates":[[125.0117176,11.2779474],[125.0118636,11.2775032]]}},{"type":"Feature","properties":{"u":"1684194136","v":"1684194154","key":"0","osmid":245682713,"name":null,"ref":null,"highway":"tertiary","length":71.37619399195077,"oneway":false},"geometry":{"type":"LineString","coordinates":[[125.0117176,11.2779474],[125.0110972,11.2777428]]}},{"type":"Feature","properties":{"u":"1684194136","v":"1684194027","key":"0","osmid":245682713,"name":null,"ref":null,"highway":"tertiary","length":69.45655916346111,"oneway":false},"geometry":{"type":"LineString","coordinates":[[125.0117176,11.2779474],[125.0119447,11.278037],[125.0120657,11.2781347],[125.0121607,11.2782392],[125.0122052,11.2783189]]}},{"type":"Feature","properties":{"u":"1684194151","v":"1684194025","key":"0","osmid":245682713,"name":null,"ref":null,"highway":"tertiary","length":121.35321668230549,"oneway":false},"geometry":{"type":"LineString","coordinates":[[125.0127314,11.2798528],[125.0126212,11.2794678],[125.0125205,11.2791386],[125.0123978,11.2788123]]}},{"type":"Feature","properties":{"u":"1684194151","v":"8382619925","key":"0","osmid":245682713,"name":null,"ref":null,"highway":"tertiary","length":129.73444155100833,"oneway":false},"geometry":{"type":"LineString","coordinates":[[125.0127314,11.2798528],[125.0128598,11.2803772],[125.012932,11.2806609],[125.0129933,11.2808797],[125.0130307,11.2809814]]}},{"type":"Feature","properties":{"u":"1684194151","v":"8449239471","key":"0","osmid":909984209,"name":null,"ref":null,"highway":"residential","length":58.36545292745586,"oneway":false},"geometry":{"type":"LineString","coordinates":[[125.0127314,11.2798528],[125.0130361,11.2798453],[125.0131206,11.2798242],[125.0131756,11.2798216],[125.0132386,11.2798821]]}},{"type":"Feature","properties":{"u":"1684194154","v":"8382619918","key":"0","osmid":156132398,"name":null,"ref":null,"highway":"residential","length":55.96792694671429,"oneway":false},"geometry":{"type":"LineString","coordinates":[[125.0110972,11.2777428],[125.0112257,11.2772555]]}},{"type":"Feature","properties":{"u":"1684194154","v":"1684194114","key":"0","osmid":245682711,"name":null,"ref":null,"highway":"tertiary","length":69.26571201879831,"oneway":false},"geometry":{"type":"LineString","coordinates":[[125.0110972,11.2777428],[125.0104863,11.2775722]]}},{"type":"Feature","properties":{"u":"1684194154","v":"1684194136","key":"0","osmid":245682713,"name":null,"ref":null,"highway":"tertiary","length":71.37619399195077,"oneway":false},"geometry":{"type":"LineString","coordinates":[[125.0110972,11.2777428],[125.0117176,11.2779474]]}},{"type":"Feature","properties":{"u":"1684194220","v":"1684194236","key":"0","osmid":156132408,"name":null,"ref":null,"highway":"tertiary","length":14.808917061405248,"oneway":false},"geometry":{"type":"LineString","coordinates":[[124.9959449,11.2823151],[124.9959234,11.2824466]]}},{"type":"Feature","properties":{"u":"1684194220","v":"1684194046","key":"0","osmid":156132408,"name":null,"ref":null,"highway":"tertiary","length":21.351052763266825,"oneway":false},"geometry":{"type":"LineString","coordinates":[[124.9959449,11.2823151],[124.9959771,11.2821257]]}},{"type":"Feature","properties":{"u":"1684194220","v":"8323984287","key":"0","osmid":895493003,"name":null,"ref":null,"highway":"residential","length":53.118113970391,"oneway":false},"geometry":{"type":"LineString","coordinates":[[124.9959449,11.2823151],[124.9964319,11.2823047]]}},{"type":"Feature","properties":{"u":"1684194221","v":"1684194259","key":"0","osmid":156132400,"name":null,"ref":null,"highway":"residential","length":34.66518723248812,"oneway":false},"geometry":{"type":"LineString","coordinates":[[125.0109567,11.2763793],[125.0108501,11.276673]]}},{"type":"Feature","properties":{"u":"1684194221","v":"1684194059","key":"0","osmid":156132407,"name":null,"ref":null,"highway":"residential","length":58.79536528481846,"oneway":false},"geometry":{"type":"LineString","coordinates":[[125.0109567,11.2763793],[125.0114486,11.2765958]]}},{"type":"Feature","properties":{"u":"1684194221","v":"2528344603","key":"0","osmid":156132407,"name":null,"ref":null,"highway":"residential","length":86.3387381452869,"oneway":false},"geometry":{"type":"LineString","coordinates":[[125.0109567,11.2763793],[125.0105681,11.276222],[125.0102162,11.2761057]]}},{"type":"Feature","properties":{"u":"1684194231","v":"1684194086","key":"0","osmid":156132415,"name":null,"ref":null,"highway":"tertiary","length":112.84240505221375,"oneway":false},"geometry":{"type":"LineString","coordinates":[[124.9995051,11.2756626],[124.9994076,11.2766729]]}},{"type":"Feature","properties":{"u":"1684194231","v":"8324004029","key":"0","osmid":245682711,"name":null,"ref":null,"highway":"tertiary","length":62.587078879213244,"oneway":false},"geometry":{"type":"LineString","coordinates":[[124.9995051,11.2756626],[125.0000718,11.2757517]]}},{"type":"Feature","properties":{"u":"1684194231","v":"1684194069","key":"0","osmid":760477290,"name":null,"ref":null,"highway":"tertiary","length":51.69684824732486,"oneway":false},"geometry":{"type":"LineString","coordinates":[[124.9995051,11.2756626],[124.9990355,11.2755989]]}},{"type":"Feature","properties":{"u":"1684194236","v":"1684194220","key":"0","osmid":156132408,"name":null,"ref":null,"highway":"tertiary","length":14.808917061405248,"oneway":false},"geometry":{"type":"LineString","coordinates":[[124.9959234,11.2824466],[124.9959449,11.2823151]]}},{"type":"Feature","properties":{"u":"1684194236","v":"8323984299","key":"0","osmid":156132408,"name":null,"ref":null,"highway":"tertiary","length":79.6565794434604,"oneway":false},"geometry":{"type":"LineString","coordinates":[[124.9959234,11.2824466],[124.995843,11.2825729],[124.9957518,11.2827202],[124.9954683,11.283001]]}},{"type":"Feature","properties":{"u":"1684194236","v":"9931121685","key":"0","osmid":[1083709161,895493010],"name":null,"ref":null,"highway":["footway","residential"],"length":1310.742209894943,"oneway":false},"geometry":{"type":"LineString","coordinates":[[124.9959234,11.2824466],[124.9959598,11.2827387],[124.9960121,11.282978],[124.9961181,11.2832555],[124.9961328,11.2833961],[124.9961623,11.2835066],[124.9962937,11.283646],[124.9963581,11.283738],[124.9964144,11.2838406],[124.9965217,11.2839458],[124.9966217,11.2840616],[124.9967853,11.2840984],[124.9970187,11.2841037],[124.9971528,11.284201],[124.9972815,11.2843351],[124.9973567,11.2845008],[124.9974532,11.284614],[124.9976249,11.2848875],[124.9977643,11.285048],[124.9978394,11.2851505],[124.9979762,11.2855504],[124.9981425,11.2858528],[124.998215,11.286058],[124.9983517,11.2861659],[124.99851,11.2862974],[124.998561,11.286542],[124.998628,11.286713],[124.9986414,11.2867787],[124.9985985,11.2870496],[124.9985341,11.287097],[124.9985502,11.2872417],[124.9985422,11.2875757],[124.9985395,11.2877125],[124.9985154,11.2878782],[124.9984188,11.288378],[124.9983973,11.288662],[124.9981452,11.2889119],[124.9980701,11.2889882],[124.9978368,11.2893749],[124.997641,11.2896431],[124.9971716,11.2900798],[124.9969624,11.2902981],[124.9968819,11.2903428],[124.9966593,11.2904664],[124.9967022,11.2905374],[124.9967558,11.2906321],[124.996949,11.2905217],[124.9971743,11.2904848],[124.9972386,11.2904822],[124.9973754,11.2904875],[124.9975417,11.2904612],[124.9976839,11.2904086],[124.9977563,11.2904086],[124.9978931,11.2904007],[124.9979601,11.2903717],[124.9981291,11.2903717],[124.9982525,11.2903849],[124.9983303,11.2903902],[124.998392,11.2903191],[124.9984456,11.2902744]]}},{"type":"Feature","properties":{"u":"1684194238","v":"6426815516","key":"0","osmid":156132419,"name":null,"ref":null,"highway":"residential","length":43.53115581560116,"oneway":false},"geometry":{"type":"LineString","coordinates":[[125.0123761,11.2776593],[125.0124517,11.2772749]]}},{"type":"Feature","properties":{"u":"1684194238","v":"1684194027","key":"0","osmid":156132419,"name":null,"ref":null,"highway":"residential","length":75.67492388993996,"oneway":false},"geometry":{"type":"LineString","coordinates":[[125.0123761,11.2776593],[125.0122052,11.2783189]]}},{"type":"Feature","properties":{"u":"1684194238","v":"8382612216","key":"0","osmid":902515666,"name":null,"ref":null,"highway":"residential","length":58.520553779195915,"oneway":false},"geometry":{"type":"LineString","coordinates":[[125.0123761,11.2776593],[125.0118636,11.2775032]]}},{"type":"Feature","properties":{"u":"1684194256","v":"8323984283","key":"0","osmid":156132416,"name":null,"ref":null,"highway":"residential","length":130.64417052780635,"oneway":false},"geometry":{"type":"LineString","coordinates":[[125.008367,11.2754044],[125.0085394,11.2752394],[125.0085823,11.2752249],[125.0086594,11.2752177],[125.0087862,11.2751296],[125.008815,11.2751243],[125.0088485,11.275144],[125.0089377,11.2754761],[125.0090658,11.2756984]]}},{"type":"Feature","properties":{"u":"1684194259","v":"1684194221","key":"0","osmid":156132400,"name":null,"ref":null,"highway":"residential","length":34.66518723248812,"oneway":false},"geometry":{"type":"LineString","coordinates":[[125.0108501,11.276673],[125.0109567,11.2763793]]}},{"type":"Feature","properties":{"u":"1684194259","v":"8382619917","key":"0","osmid":156132400,"name":null,"ref":null,"highway":"residential","length":45.974629731532445,"oneway":false},"geometry":{"type":"LineString","coordinates":[[125.0108501,11.276673],[125.0106933,11.2770568]]}},{"type":"Feature","properties":{"u":"1684194259","v":"2528344611","key":"0","osmid":156132416,"name":null,"ref":null,"highway":"residential","length":63.12926076552517,"oneway":false},"geometry":{"type":"LineString","coordinates":[[125.0108501,11.276673],[125.0113919,11.276873]]}},{"type":"Feature","properties":{"u":"1684194259","v":"8323984281","key":"0","osmid":156132416,"name":null,"ref":null,"highway":"residential","length":185.7097502011278,"oneway":false},"geometry":{"type":"LineString","coordinates":[[125.0108501,11.276673],[125.0098349,11.2762429],[125.0096094,11.2761619],[125.0093025,11.2759831]]}},{"type":"Feature","properties":{"u":"1684194260","v":"10784480996","key":"0","osmid":245682713,"name":null,"ref":null,"highway":"tertiary","length":145.125247440139,"oneway":false},"geometry":{"type":"LineString","coordinates":[[125.0161713,11.2831365],[125.0152034,11.2826571],[125.0149829,11.282549]]}},{"type":"Feature","properties":{"u":"1684194260","v":"10998028188","key":"0","osmid":245682713,"name":null,"ref":null,"highway":"tertiary","length":30.68152586944813,"oneway":false},"geometry":{"type":"LineString","coordinates":[[125.0161713,11.2831365],[125.0162977,11.2832043],[125.0164181,11.283269]]}},{"type":"Feature","properties":{"u":"1684194260","v":"10998028195","key":"0","osmid":1184269691,"name":null,"ref":null,"highway":"service","length":30.45191025352036,"oneway":false},"geometry":{"type":"LineString","coordinates":[[125.0161713,11.2831365],[125.0162494,11.2830359],[125.0163004,11.2830109],[125.0163379,11.2830109],[125.0163929,11.2830202]]}},{"type":"Feature","properties":{"u":"1684194662","v":"2534977681","key":"0","osmid":156132484,"name":null,"ref":null,"highway":"residential","length":218.0168669578261,"oneway":false},"geometry":{"type":"LineString","coordinates":[[125.0490649,11.284261],[125.0488141,11.28327],[125.04857,11.2823614]]}},{"type":"Feature","properties":{"u":"1684194662","v":"2534977956","key":"0","osmid":387032401,"name":"San Juanico-Basey Road","ref":"670","highway":"primary","length":656.156961553203,"oneway":false},"geometry":{"type":"LineString","coordinates":[[125.0490649,11.284261],[125.0515446,11.2834896],[125.0519764,11.2834068],[125.0522527,11.2834173],[125.0530614,11.283491],[125.0538754,11.2835699],[125.0542094,11.2836527],[125.0544987,11.2837766],[125.0548425,11.2839938]]}},{"type":"Feature","properties":{"u":"1684194662","v":"8382944749","key":"0","osmid":387032401,"name":"San Juanico-Basey Road","ref":"670","highway":"primary","length":452.0790209175284,"oneway":false},"geometry":{"type":"LineString","coordinates":[[125.0490649,11.284261],[125.0470445,11.284887],[125.0455646,11.2853585],[125.0453071,11.2854059],[125.0450995,11.2854288]]}},{"type":"Feature","properties":{"u":"1684194663","v":"2534977681","key":"0","osmid":156132484,"name":null,"ref":null,"highway":"residential","length":39.24788886166338,"oneway":false},"geometry":{"type":"LineString","coordinates":[[125.0484585,11.2820258],[125.04857,11.2823614]]}},{"type":"Feature","properties":{"u":"1684194663","v":"2532572893","key":"0","osmid":156132485,"name":null,"ref":null,"highway":"residential","length":231.39882903536034,"oneway":false},"geometry":{"type":"LineString","coordinates":[[125.0484585,11.2820258],[125.04811,11.2820219],[125.0477384,11.2819968],[125.047147,11.2819035],[125.0463479,11.2818365]]}},{"type":"Feature","properties":{"u":"1684194663","v":"8324162053","key":"0","osmid":156132485,"name":null,"ref":null,"highway":"residential","length":471.7702669377213,"oneway":false},"geometry":{"type":"LineString","coordinates":[[125.0484585,11.2820258],[125.0488032,11.2820416],[125.0496909,11.2820771],[125.0500518,11.2820696],[125.0505943,11.2819736],[125.0511825,11.281939],[125.0525933,11.2814603],[125.0526819,11.2814182]]}},{"type":"Feature","properties":{"u":"1993195488","v":"1993195509","key":"0","osmid":188698816,"name":null,"ref":null,"highway":"tertiary","length":50.642024927526165,"oneway":false},"geometry":{"type":"LineString","coordinates":[[125.1518672,11.3434334],[125.1518257,11.343674],[125.1519943,11.3438058]]}},{"type":"Feature","properties":{"u":"1993195488","v":"1993195522","key":"0","osmid":188698816,"name":null,"ref":null,"highway":"tertiary","length":407.1077905355137,"oneway":false},"geometry":{"type":"LineString","coordinates":[[125.1518672,11.3434334],[125.1519074,11.3431757],[125.1519943,11.342938],[125.1521757,11.3426366],[125.1523859,11.3423094],[125.152453,11.3421595],[125.1525404,11.3418871],[125.1527159,11.3412943],[125.1528435,11.3409141],[125.1529546,11.3405212],[125.1530689,11.3399962]]}},{"type":"Feature","properties":{"u":"1993195488","v":"8385927262","key":"0","osmid":[902888161,902888173,245349093],"name":null,"ref":null,"highway":["residential","path"],"length":2160.9907993895304,"oneway":false},"geometry":{"type":"LineString","coordinates":[[125.1518672,11.3434334],[125.151682,11.3435871],[125.1514197,11.3436794],[125.1511573,11.3437263],[125.1510168,11.3436991],[125.1509011,11.3436219],[125.1507542,11.3434623],[125.150608,11.3433531],[125.1504296,11.3433097],[125.1501869,11.3433571],[125.1499658,11.3434781],[125.1497142,11.3436037],[125.149208,11.343805],[125.1489765,11.343864],[125.1488098,11.3438277],[125.1486342,11.3437271],[125.1484421,11.3437228],[125.1480667,11.3438855],[125.1476302,11.3441998],[125.1475734,11.3442407],[125.14732,11.3442426],[125.1471506,11.3440982],[125.1469079,11.3440093],[125.1466611,11.3440014],[125.1464036,11.3440172],[125.14624,11.3441013],[125.1455265,11.3446089],[125.1454085,11.3447535],[125.1453736,11.344835],[125.1454729,11.3453268],[125.1455855,11.3457476],[125.1455614,11.345908],[125.1454782,11.3459685],[125.1454246,11.3460263],[125.145371,11.3461368],[125.145379,11.3462314],[125.1455051,11.3464839],[125.1455694,11.3465812],[125.1455775,11.346668],[125.145497,11.3467837],[125.1454166,11.3468757],[125.1452985,11.3469468],[125.1450417,11.3471156],[125.1447272,11.3473892],[125.1446585,11.3475427],[125.1446348,11.3478145],[125.1446664,11.3480033],[125.1447418,11.348095],[125.1448263,11.3483203],[125.1448387,11.3485037],[125.1448635,11.3488925],[125.144912,11.3491576],[125.144948,11.3493034],[125.1454302,11.3497187],[125.1457051,11.3497806],[125.1459969,11.3498557],[125.1461636,11.3500512],[125.1462301,11.3502511],[125.1462312,11.3506112],[125.1462188,11.3513236],[125.1461974,11.3515434],[125.1461028,11.3518416],[125.1461061,11.3519234],[125.1460284,11.3523011],[125.1459779,11.3525494],[125.1458407,11.3527615],[125.1456894,11.3528683],[125.1453502,11.3529594],[125.1451127,11.3530377],[125.1448958,11.3530957],[125.1442623,11.3530917],[125.1437101,11.3531687],[125.1435145,11.35322],[125.143374,11.3533752],[125.1433419,11.3536638]]}},{"type":"Feature","properties":{"u":"1993195509","v":"5078006479","key":"0","osmid":188698816,"name":null,"ref":null,"highway":"tertiary","length":146.18339725967854,"oneway":false},"geometry":{"type":"LineString","coordinates":[[125.1519943,11.3438058],[125.1520576,11.3439042],[125.1520657,11.3440488],[125.1520426,11.3442161],[125.1519943,11.3444475],[125.15193,11.3447131],[125.1518301,11.3450756]]}},{"type":"Feature","properties":{"u":"1993195509","v":"1993195488","key":"0","osmid":188698816,"name":null,"ref":null,"highway":"tertiary","length":50.642024927526165,"oneway":false},"geometry":{"type":"LineString","coordinates":[[125.1519943,11.3438058],[125.1518257,11.343674],[125.1518672,11.3434334]]}},{"type":"Feature","properties":{"u":"1993195509","v":"5078006495","key":"0","osmid":521114264,"name":null,"ref":null,"highway":"residential","length":117.07500696772784,"oneway":false},"geometry":{"type":"LineString","coordinates":[[125.1519943,11.3438058],[125.1524024,11.3440921],[125.1524936,11.3443012],[125.1524641,11.3446334]]}},{"type":"Feature","properties":{"u":"1993195522","v":"1993195488","key":"0","osmid":188698816,"name":null,"ref":null,"highway":"tertiary","length":407.1077905355136,"oneway":false},"geometry":{"type":"LineString","coordinates":[[125.1530689,11.3399962],[125.1529546,11.3405212],[125.1528435,11.3409141],[125.1527159,11.3412943],[125.1525404,11.3418871],[125.152453,11.3421595],[125.1523859,11.3423094],[125.1521757,11.3426366],[125.1519943,11.342938],[125.1519074,11.3431757],[125.1518672,11.3434334]]}},{"type":"Feature","properties":{"u":"1993195522","v":"5078007603","key":"0","osmid":[909577177,188698179,337410414],"name":["Maydolong - Basey Road","Basey-Sohoton Road"],"ref":null,"highway":"secondary","length":857.2589260566169,"oneway":false},"geometry":{"type":"LineString","coordinates":[[125.1530689,11.3399962],[125.1552415,11.3412006],[125.1556653,11.3413163],[125.1568856,11.341453],[125.157096,11.3414879],[125.1572944,11.3415626],[125.1574371,11.3416552],[125.1575428,11.3417609],[125.1577985,11.3420226],[125.1583059,11.3425299],[125.1583804,11.3426019],[125.1585828,11.3426832],[125.1587216,11.3427155],[125.1588242,11.3427008],[125.158924,11.3426693],[125.1591078,11.3425786],[125.1594195,11.3424286],[125.1597549,11.3423313],[125.1600163,11.3422344]]}},{"type":"Feature","properties":{"u":"1993195522","v":"8041738574","key":"0","osmid":337410414,"name":"Basey-Sohoton Road","ref":null,"highway":"secondary","length":1066.9537786464864,"oneway":false},"geometry":{"type":"LineString","coordinates":[[125.1530689,11.3399962],[125.1519933,11.3394097],[125.1502204,11.3389468],[125.149641,11.3385708],[125.1490884,11.3380949],[125.1482419,11.3373154],[125.1467077,11.3362845],[125.1465216,11.3359909],[125.1463901,11.3356438],[125.146085,11.3346008],[125.1460388,11.3343894],[125.1459445,11.3342032]]}},{"type":"Feature","properties":{"u":"2523234169","v":"2523234422","key":"0","osmid":245069684,"name":null,"ref":null,"highway":"residential","length":66.88845208285554,"oneway":false},"geometry":{"type":"LineString","coordinates":[[125.0743186,11.2666259],[125.0740374,11.2671605]]}},{"type":"Feature","properties":{"u":"2523234169","v":"2523234471","key":"0","osmid":245069688,"name":null,"ref":null,"highway":"residential","length":117.38127258941002,"oneway":false},"geometry":{"type":"LineString","coordinates":[[125.0743186,11.2666259],[125.0752023,11.2672286]]}},{"type":"Feature","properties":{"u":"2523234169","v":"2523234331","key":"0","osmid":245069688,"name":null,"ref":null,"highway":"residential","length":137.87363727542714,"oneway":false},"geometry":{"type":"LineString","coordinates":[[125.0743186,11.2666259],[125.0740725,11.2665535],[125.0738827,11.2665647],[125.0737902,11.2666088],[125.0731927,11.2669928]]}},{"type":"Feature","properties":{"u":"2523234307","v":"2523234471","key":"0","osmid":245069681,"name":null,"ref":null,"highway":"service","length":93.65964075402269,"oneway":false},"geometry":{"type":"LineString","coordinates":[[125.0756205,11.2664929],[125.0752023,11.2672286]]}},{"type":"Feature","properties":{"u":"2523234331","v":"2523234555","key":"0","osmid":245069685,"name":null,"ref":null,"highway":"tertiary","length":90.48233226747969,"oneway":false},"geometry":{"type":"LineString","coordinates":[[125.0731927,11.2669928],[125.0738215,11.2675237]]}},{"type":"Feature","properties":{"u":"2523234331","v":"2523234169","key":"0","osmid":245069688,"name":null,"ref":null,"highway":"residential","length":137.87363727542714,"oneway":false},"geometry":{"type":"LineString","coordinates":[[125.0731927,11.2669928],[125.0737902,11.2666088],[125.0738827,11.2665647],[125.0740725,11.2665535],[125.0743186,11.2666259]]}},{"type":"Feature","properties":{"u":"2523234422","v":"2523234626","key":"0","osmid":245069683,"name":null,"ref":null,"highway":"residential","length":110.2532424814483,"oneway":false},"geometry":{"type":"LineString","coordinates":[[125.0740374,11.2671605],[125.0748476,11.2677536]]}},{"type":"Feature","properties":{"u":"2523234422","v":"2523234555","key":"0","osmid":245069684,"name":null,"ref":null,"highway":"residential","length":46.747919819935866,"oneway":false},"geometry":{"type":"LineString","coordinates":[[125.0740374,11.2671605],[125.0738215,11.2675237]]}},{"type":"Feature","properties":{"u":"2523234422","v":"2523234169","key":"0","osmid":245069684,"name":null,"ref":null,"highway":"residential","length":66.88845208285554,"oneway":false},"geometry":{"type":"LineString","coordinates":[[125.0740374,11.2671605],[125.0743186,11.2666259]]}},{"type":"Feature","properties":{"u":"2523234471","v":"2523234307","key":"0","osmid":245069681,"name":null,"ref":null,"highway":"service","length":93.65964075402269,"oneway":false},"geometry":{"type":"LineString","coordinates":[[125.0752023,11.2672286],[125.0756205,11.2664929]]}},{"type":"Feature","properties":{"u":"2523234471","v":"2523234626","key":"0","osmid":245069686,"name":null,"ref":null,"highway":"tertiary","length":70.02941932222815,"oneway":false},"geometry":{"type":"LineString","coordinates":[[125.0752023,11.2672286],[125.0748476,11.2677536]]}},{"type":"Feature","properties":{"u":"2523234471","v":"2523234169","key":"0","osmid":245069688,"name":null,"ref":null,"highway":"residential","length":117.38127258941002,"oneway":false},"geometry":{"type":"LineString","coordinates":[[125.0752023,11.2672286],[125.0743186,11.2666259]]}},{"type":"Feature","properties":{"u":"2523234471","v":"8348855996","key":"0","osmid":245069688,"name":null,"ref":null,"highway":"residential","length":77.61027486513969,"oneway":false},"geometry":{"type":"LineString","coordinates":[[125.0752023,11.2672286],[125.0757714,11.2676477]]}},{"type":"Feature","properties":{"u":"2523234555","v":"2523234422","key":"0","osmid":245069684,"name":null,"ref":null,"highway":"residential","length":46.747919819935866,"oneway":false},"geometry":{"type":"LineString","coordinates":[[125.0738215,11.2675237],[125.0740374,11.2671605]]}},{"type":"Feature","properties":{"u":"2523234555","v":"2523234331","key":"0","osmid":245069685,"name":null,"ref":null,"highway":"tertiary","length":90.48233226747969,"oneway":false},"geometry":{"type":"LineString","coordinates":[[125.0738215,11.2675237],[125.0731927,11.2669928]]}},{"type":"Feature","properties":{"u":"2523234555","v":"2523234723","key":"0","osmid":245069685,"name":null,"ref":null,"highway":"tertiary","length":107.52266519657351,"oneway":false},"geometry":{"type":"LineString","coordinates":[[125.0738215,11.2675237],[125.0745909,11.2681284]]}},{"type":"Feature","properties":{"u":"2523234626","v":"8382572672","key":"0","osmid":245069683,"name":null,"ref":null,"highway":"residential","length":69.99009865199483,"oneway":false},"geometry":{"type":"LineString","coordinates":[[125.0748476,11.2677536],[125.0753651,11.2681259]]}},{"type":"Feature","properties":{"u":"2523234626","v":"2523234422","key":"0","osmid":245069683,"name":null,"ref":null,"highway":"residential","length":110.2532424814483,"oneway":false},"geometry":{"type":"LineString","coordinates":[[125.0748476,11.2677536],[125.0740374,11.2671605]]}},{"type":"Feature","properties":{"u":"2523234626","v":"2523234471","key":"0","osmid":245069686,"name":null,"ref":null,"highway":"tertiary","length":70.02941932222815,"oneway":false},"geometry":{"type":"LineString","coordinates":[[125.0748476,11.2677536],[125.0752023,11.2672286]]}},{"type":"Feature","properties":{"u":"2523234626","v":"2523234723","key":"0","osmid":245069686,"name":null,"ref":null,"highway":"tertiary","length":50.20480231769313,"oneway":false},"geometry":{"type":"LineString","coordinates":[[125.0748476,11.2677536],[125.0745909,11.2681284]]}},{"type":"Feature","properties":{"u":"2523234657","v":"2523234759","key":"0","osmid":245069687,"name":null,"ref":null,"highway":"tertiary","length":71.54336015033257,"oneway":false},"geometry":{"type":"LineString","coordinates":[[125.0760247,11.2678346],[125.0755975,11.2683229]]}},{"type":"Feature","properties":{"u":"2523234657","v":"8348855996","key":"0","osmid":245069688,"name":null,"ref":null,"highway":"residential","length":34.56770861304335,"oneway":false},"geometry":{"type":"LineString","coordinates":[[125.0760247,11.2678346],[125.0757714,11.2676477]]}},{"type":"Feature","properties":{"u":"2523234657","v":"8348855992","key":"0","osmid":245069687,"name":null,"ref":null,"highway":"tertiary","length":94.93886663468642,"oneway":false},"geometry":{"type":"LineString","coordinates":[[125.0760247,11.2678346],[125.0765552,11.2672602],[125.0766154,11.267208]]}},{"type":"Feature","properties":{"u":"2523234723","v":"2523234555","key":"0","osmid":245069685,"name":null,"ref":null,"highway":"tertiary","length":107.52266519657351,"oneway":false},"geometry":{"type":"LineString","coordinates":[[125.0745909,11.2681284],[125.0738215,11.2675237]]}},{"type":"Feature","properties":{"u":"2523234723","v":"8382572671","key":"0","osmid":245069685,"name":null,"ref":null,"highway":"tertiary","length":64.9265178020231,"oneway":false},"geometry":{"type":"LineString","coordinates":[[125.0745909,11.2681284],[125.0750432,11.2685081]]}},{"type":"Feature","properties":{"u":"2523234723","v":"2523234626","key":"0","osmid":245069686,"name":null,"ref":null,"highway":"tertiary","length":50.20480231769313,"oneway":false},"geometry":{"type":"LineString","coordinates":[[125.0745909,11.2681284],[125.0748476,11.2677536]]}},{"type":"Feature","properties":{"u":"2523234759","v":"8382572672","key":"0","osmid":245069683,"name":null,"ref":null,"highway":"residential","length":33.498440665153204,"oneway":false},"geometry":{"type":"LineString","coordinates":[[125.0755975,11.2683229],[125.0753651,11.2681259]]}},{"type":"Feature","properties":{"u":"2523234759","v":"2523234657","key":"0","osmid":245069687,"name":null,"ref":null,"highway":"tertiary","length":71.54336015033257,"oneway":false},"geometry":{"type":"LineString","coordinates":[[125.0755975,11.2683229],[125.0760247,11.2678346]]}},{"type":"Feature","properties":{"u":"2523234759","v":"8382572671","key":"0","osmid":[245069685,245069687],"name":null,"ref":null,"highway":"tertiary","length":85.25888967872902,"oneway":false},"geometry":{"type":"LineString","coordinates":[[125.0755975,11.2683229],[125.0752599,11.2686847],[125.0750432,11.2685081]]}},{"type":"Feature","properties":{"u":"2523262755","v":"2523262832","key":"0","osmid":245072658,"name":null,"ref":null,"highway":"footway","length":69.0613767465667,"oneway":false},"geometry":{"type":"LineString","coordinates":[[125.0327379,11.277562],[125.0325546,11.2781565]]}},{"type":"Feature","properties":{"u":"2523262809","v":"2523262832","key":"0","osmid":245072659,"name":null,"ref":null,"highway":"residential","length":41.238694075678055,"oneway":false},"geometry":{"type":"LineString","coordinates":[[125.0322005,11.2780263],[125.0325546,11.2781565]]}},{"type":"Feature","properties":{"u":"2523262809","v":"2523262940","key":"0","osmid":245072660,"name":"Tingid Basey Economic Road","ref":null,"highway":"residential","length":74.95737262327354,"oneway":false},"geometry":{"type":"LineString","coordinates":[[125.0322005,11.2780263],[125.0320034,11.2786721]]}},{"type":"Feature","properties":{"u":"2523262809","v":"8382562390","key":"0","osmid":902515086,"name":null,"ref":null,"highway":"residential","length":52.6844491943689,"oneway":false},"geometry":{"type":"LineString","coordinates":[[125.0322005,11.2780263],[125.0319202,11.2779119],[125.0317526,11.2778488]]}},{"type":"Feature","properties":{"u":"2523262832","v":"2523262755","key":"0","osmid":245072658,"name":null,"ref":null,"highway":"footway","length":69.0613767465667,"oneway":false},"geometry":{"type":"LineString","coordinates":[[125.0325546,11.2781565],[125.0327379,11.277562]]}},{"type":"Feature","properties":{"u":"2523262832","v":"8382562386","key":"0","osmid":245072659,"name":null,"ref":null,"highway":"residential","length":14.97379024791852,"oneway":false},"geometry":{"type":"LineString","coordinates":[[125.0325546,11.2781565],[125.0326766,11.2782183]]}},{"type":"Feature","properties":{"u":"2523262832","v":"2523262809","key":"0","osmid":245072659,"name":null,"ref":null,"highway":"residential","length":41.238694075678055,"oneway":false},"geometry":{"type":"LineString","coordinates":[[125.0325546,11.2781565],[125.0322005,11.2780263]]}},{"type":"Feature","properties":{"u":"2523262940","v":"2523262809","key":"0","osmid":245072660,"name":"Tingid Basey Economic Road","ref":null,"highway":"residential","length":74.95737262327354,"oneway":false},"geometry":{"type":"LineString","coordinates":[[125.0320034,11.2786721],[125.0322005,11.2780263]]}},{"type":"Feature","properties":{"u":"2523262940","v":"8382562384","key":"0","osmid":1531240318,"name":null,"ref":null,"highway":"residential","length":55.99467372693908,"oneway":false},"geometry":{"type":"LineString","coordinates":[[125.0320034,11.2786721],[125.0324781,11.2788641]]}},{"type":"Feature","properties":{"u":"2523262940","v":"8382562389","key":"0","osmid":245072660,"name":"Tingid Basey Economic Road","ref":null,"highway":"residential","length":79.50270919543965,"oneway":false},"geometry":{"type":"LineString","coordinates":[[125.0320034,11.2786721],[125.0319631,11.2787457],[125.0319685,11.2788944],[125.0320932,11.2793613]]}},{"type":"Feature","properties":{"u":"2523654509","v":"2523654572","key":"0","osmid":245118115,"name":null,"ref":null,"highway":"residential","length":64.96912893151547,"oneway":false},"geometry":{"type":"LineString","coordinates":[[124.9985432,11.2747047],[124.9986229,11.2747162],[124.9991341,11.2747792]]}},{"type":"Feature","properties":{"u":"2523654509","v":"12843549158","key":"0","osmid":895493014,"name":null,"ref":null,"highway":"unclassified","length":255.62017058058646,"oneway":false},"geometry":{"type":"LineString","coordinates":[[124.9985432,11.2747047],[124.998579,11.2744424],[124.9986105,11.2743003],[124.998697,11.2739031],[124.99874,11.2734678],[124.9987453,11.2730574],[124.9987829,11.2727365],[124.9988063,11.2724255]]}},{"type":"Feature","properties":{"u":"2523654509","v":"8324004046","key":"0","osmid":[1393582470,895493014],"name":null,"ref":null,"highway":["service","unclassified"],"length":92.93416913530521,"oneway":false},"geometry":{"type":"LineString","coordinates":[[124.9985432,11.2747047],[124.9984743,11.2749062],[124.9983628,11.2751319],[124.9982946,11.2754983]]}},{"type":"Feature","properties":{"u":"2523654572","v":"1684194069","key":"0","osmid":156132399,"name":null,"ref":null,"highway":"residential","length":91.77861908022018,"oneway":false},"geometry":{"type":"LineString","coordinates":[[124.9991341,11.2747792],[124.9990355,11.2755989]]}},{"type":"Feature","properties":{"u":"2523654572","v":"1684194022","key":"0","osmid":245118115,"name":null,"ref":null,"highway":"residential","length":44.51867029337697,"oneway":false},"geometry":{"type":"LineString","coordinates":[[124.9991341,11.2747792],[124.9995386,11.2748333]]}},{"type":"Feature","properties":{"u":"2523654572","v":"2523654509","key":"0","osmid":245118115,"name":null,"ref":null,"highway":"residential","length":64.96912893151547,"oneway":false},"geometry":{"type":"LineString","coordinates":[[124.9991341,11.2747792],[124.9986229,11.2747162],[124.9985432,11.2747047]]}},{"type":"Feature","properties":{"u":"2523654572","v":"12843549183","key":"0","osmid":1387440888,"name":null,"ref":null,"highway":"footway","length":45.15563900739808,"oneway":false},"geometry":{"type":"LineString","coordinates":[[124.9991341,11.2747792],[124.9991477,11.2747422],[124.9991651,11.2746147],[124.9992912,11.2746252],[124.9993059,11.2745121]]}},{"type":"Feature","properties":{"u":"2524491241","v":"4953817676","key":"0","osmid":245214936,"name":null,"ref":null,"highway":"tertiary","length":100.43406525390631,"oneway":false},"geometry":{"type":"LineString","coordinates":[[125.161574,11.2607495],[125.1614782,11.2607417],[125.1613569,11.2607482],[125.1608828,11.2608959],[125.1608091,11.2609426],[125.1607494,11.2610426]]}},{"type":"Feature","properties":{"u":"2524491241","v":"8323301366","key":"0","osmid":245374028,"name":"Basey-Marabut Road","ref":"670","highway":"primary","length":229.63881238496066,"oneway":false},"geometry":{"type":"LineString","coordinates":[[125.161574,11.2607495],[125.1615979,11.2608259],[125.1616539,11.261031],[125.1616638,11.2611149],[125.1616523,11.2612303],[125.1615954,11.2614519],[125.1615595,11.2615481],[125.1615125,11.2616656],[125.1614562,11.2617637],[125.1613889,11.2618713],[125.1613001,11.2619937],[125.1611938,11.2621136],[125.1607901,11.2625201]]}},{"type":"Feature","properties":{"u":"2524491244","v":"2531776316","key":"0","osmid":245214937,"name":null,"ref":null,"highway":"residential","length":35.62165653705751,"oneway":false},"geometry":{"type":"LineString","coordinates":[[125.1601615,11.2614693],[125.1604381,11.2616397]]}},{"type":"Feature","properties":{"u":"2524491244","v":"4953817675","key":"0","osmid":245374037,"name":null,"ref":null,"highway":"residential","length":50.78176313603711,"oneway":false},"geometry":{"type":"LineString","coordinates":[[125.1601615,11.2614693],[125.1599096,11.2618534]]}},{"type":"Feature","properties":{"u":"2524491244","v":"2525821824","key":"0","osmid":245374037,"name":null,"ref":null,"highway":"residential","length":61.890001057792205,"oneway":false},"geometry":{"type":"LineString","coordinates":[[125.1601615,11.2614693],[125.1603337,11.2611848],[125.1603638,11.260961]]}},{"type":"Feature","properties":{"u":"2524491249","v":"4953817674","key":"0","osmid":245214936,"name":null,"ref":null,"highway":"tertiary","length":60.33227317361582,"oneway":false},"geometry":{"type":"LineString","coordinates":[[125.1598495,11.2625051],[125.1601607,11.2620565]]}},{"type":"Feature","properties":{"u":"2524491249","v":"2524491255","key":"0","osmid":245214936,"name":null,"ref":null,"highway":"tertiary","length":270.1750933258227,"oneway":false},"geometry":{"type":"LineString","coordinates":[[125.1598495,11.2625051],[125.1598173,11.2626794],[125.1598254,11.2628701],[125.159904,11.2634731],[125.1598395,11.2638139],[125.1595805,11.2646446],[125.1596015,11.2647545],[125.1596828,11.264853]]}},{"type":"Feature","properties":{"u":"2524491249","v":"4953817675","key":"0","osmid":245374037,"name":null,"ref":null,"highway":"residential","length":88.41342166734522,"oneway":false},"geometry":{"type":"LineString","coordinates":[[125.1598495,11.2625051],[125.159673,11.2623676],[125.1597156,11.2621493],[125.1599096,11.2618534]]}},{"type":"Feature","properties":{"u":"2524491255","v":"2524491249","key":"0","osmid":245214936,"name":null,"ref":null,"highway":"tertiary","length":270.1750933258227,"oneway":false},"geometry":{"type":"LineString","coordinates":[[125.1596828,11.264853],[125.1596015,11.2647545],[125.1595805,11.2646446],[125.1598395,11.2638139],[125.159904,11.2634731],[125.1598254,11.2628701],[125.1598173,11.2626794],[125.1598495,11.2625051]]}},{"type":"Feature","properties":{"u":"2524491255","v":"12971428065","key":"0","osmid":245374028,"name":"Basey-Marabut Road","ref":"670","highway":"primary","length":124.19995234547208,"oneway":false},"geometry":{"type":"LineString","coordinates":[[125.1596828,11.264853],[125.1594227,11.2650539],[125.1590211,11.2653138],[125.15874,11.265477]]}},{"type":"Feature","properties":{"u":"2524491255","v":"8444292770","key":"0","osmid":245374028,"name":"Basey-Marabut Road","ref":"670","highway":"primary","length":296.2358919085319,"oneway":false},"geometry":{"type":"LineString","coordinates":[[125.1596828,11.264853],[125.1600373,11.2645293],[125.1601178,11.2644522],[125.1601977,11.2643593],[125.1602708,11.2642439],[125.160325,11.2641435],[125.1603574,11.2640306],[125.1603639,11.2639281],[125.1603494,11.2632304],[125.1603688,11.2631157],[125.1604075,11.2630114],[125.160447,11.2629187],[125.160504,11.2628083],[125.1607447,11.2625658]]}},{"type":"Feature","properties":{"u":"2524491256","v":"2524491257","key":"0","osmid":245214943,"name":"Butalid Street","ref":null,"highway":"residential","length":24.365299461777497,"oneway":false},"geometry":{"type":"LineString","coordinates":[[125.1463571,11.2775396],[125.1464286,11.2777472]]}},{"type":"Feature","properties":{"u":"2524491257","v":"2524491260","key":"0","osmid":245214940,"name":null,"ref":null,"highway":"residential","length":78.32959060377961,"oneway":false},"geometry":{"type":"LineString","coordinates":[[125.1464286,11.2777472],[125.1457709,11.2780304]]}},{"type":"Feature","properties":{"u":"2524491257","v":"2524491256","key":"0","osmid":245214943,"name":"Butalid Street","ref":null,"highway":"residential","length":24.365299461777497,"oneway":false},"geometry":{"type":"LineString","coordinates":[[125.1464286,11.2777472],[125.1463571,11.2775396]]}},{"type":"Feature","properties":{"u":"2524491257","v":"2524491261","key":"0","osmid":245214943,"name":"Butalid Street","ref":null,"highway":"residential","length":36.96731490144625,"oneway":false},"geometry":{"type":"LineString","coordinates":[[125.1464286,11.2777472],[125.1465529,11.2780565]]}},{"type":"Feature","properties":{"u":"2524491260","v":"2524491257","key":"0","osmid":245214940,"name":null,"ref":null,"highway":"residential","length":78.32959060377961,"oneway":false},"geometry":{"type":"LineString","coordinates":[[125.1457709,11.2780304],[125.1464286,11.2777472]]}},{"type":"Feature","properties":{"u":"2524491260","v":"4504492312","key":"0","osmid":245214940,"name":null,"ref":null,"highway":"residential","length":31.89662227840149,"oneway":false},"geometry":{"type":"LineString","coordinates":[[125.1457709,11.2780304],[125.1455014,11.2781419]]}},{"type":"Feature","properties":{"u":"2524491260","v":"2524491263","key":"0","osmid":245214941,"name":null,"ref":null,"highway":"residential","length":33.87625175340709,"oneway":false},"geometry":{"type":"LineString","coordinates":[[125.1457709,11.2780304],[125.1458728,11.2783182]]}},{"type":"Feature","properties":{"u":"2524491261","v":"2524491263","key":"0","osmid":245214942,"name":null,"ref":null,"highway":"residential","length":79.66811447804895,"oneway":false},"geometry":{"type":"LineString","coordinates":[[125.1465529,11.2780565],[125.1458728,11.2783182]]}},{"type":"Feature","properties":{"u":"2524491261","v":"2524491257","key":"0","osmid":245214943,"name":"Butalid Street","ref":null,"highway":"residential","length":36.96731490144625,"oneway":false},"geometry":{"type":"LineString","coordinates":[[125.1465529,11.2780565],[125.1464286,11.2777472]]}},{"type":"Feature","properties":{"u":"2524491261","v":"4953817655","key":"0","osmid":245214942,"name":null,"ref":null,"highway":"residential","length":92.32920318843979,"oneway":false},"geometry":{"type":"LineString","coordinates":[[125.1465529,11.2780565],[125.1469631,11.2778813],[125.1471555,11.2782244]]}},{"type":"Feature","properties":{"u":"2524491261","v":"12971426443","key":"0","osmid":245214943,"name":"Butalid Street","ref":null,"highway":"residential","length":38.38927795642395,"oneway":false},"geometry":{"type":"LineString","coordinates":[[125.1465529,11.2780565],[125.1466094,11.2782186],[125.1466617,11.2783848]]}},{"type":"Feature","properties":{"u":"2524491263","v":"8323394305","key":"0","osmid":245214941,"name":null,"ref":null,"highway":"residential","length":30.91990816221222,"oneway":false},"geometry":{"type":"LineString","coordinates":[[125.1458728,11.2783182],[125.1459513,11.2785854]]}},{"type":"Feature","properties":{"u":"2524491263","v":"2524491260","key":"0","osmid":245214941,"name":null,"ref":null,"highway":"residential","length":33.87625175340709,"oneway":false},"geometry":{"type":"LineString","coordinates":[[125.1458728,11.2783182],[125.1457709,11.2780304]]}},{"type":"Feature","properties":{"u":"2524491263","v":"2524491261","key":"0","osmid":245214942,"name":null,"ref":null,"highway":"residential","length":79.66811447804895,"oneway":false},"geometry":{"type":"LineString","coordinates":[[125.1458728,11.2783182],[125.1465529,11.2780565]]}},{"type":"Feature","properties":{"u":"2524491263","v":"4504492380","key":"0","osmid":245214942,"name":null,"ref":null,"highway":"residential","length":33.29423913098843,"oneway":false},"geometry":{"type":"LineString","coordinates":[[125.1458728,11.2783182],[125.1455894,11.2784296]]}},{"type":"Feature","properties":{"u":"2524491264","v":"4953817656","key":"0","osmid":245214940,"name":null,"ref":null,"highway":"residential","length":22.976022040749953,"oneway":false},"geometry":{"type":"LineString","coordinates":[[125.14491,11.2783346],[125.1451141,11.2782833]]}},{"type":"Feature","properties":{"u":"2524491265","v":"4504492380","key":"0","osmid":245214942,"name":null,"ref":null,"highway":"residential","length":44.80987587899829,"oneway":false},"geometry":{"type":"LineString","coordinates":[[125.1452076,11.2785786],[125.1455894,11.2784296]]}},{"type":"Feature","properties":{"u":"2524491265","v":"4953817656","key":"0","osmid":505422561,"name":null,"ref":null,"highway":"residential","length":34.38247392382653,"oneway":false},"geometry":{"type":"LineString","coordinates":[[125.1452076,11.2785786],[125.1451141,11.2782833]]}},{"type":"Feature","properties":{"u":"2524491265","v":"8323394307","key":"0","osmid":505422561,"name":null,"ref":null,"highway":"residential","length":24.191245467245682,"oneway":false},"geometry":{"type":"LineString","coordinates":[[125.1452076,11.2785786],[125.1452813,11.2787838]]}},{"type":"Feature","properties":{"u":"2524491266","v":"2524491267","key":"0","osmid":245214939,"name":null,"ref":null,"highway":"residential","length":84.78758250314263,"oneway":false},"geometry":{"type":"LineString","coordinates":[[125.1467922,11.2787033],[125.1460324,11.2788652]]}},{"type":"Feature","properties":{"u":"2524491266","v":"12971426443","key":"0","osmid":245214943,"name":"Butalid Street","ref":null,"highway":"residential","length":38.167795339897594,"oneway":false},"geometry":{"type":"LineString","coordinates":[[125.1467922,11.2787033],[125.1466617,11.2783848]]}},{"type":"Feature","properties":{"u":"2524491266","v":"2524491268","key":"0","osmid":245214943,"name":"Butalid Street","ref":null,"highway":"residential","length":32.84717291292303,"oneway":false},"geometry":{"type":"LineString","coordinates":[[125.1467922,11.2787033],[125.1468974,11.2789801]]}},{"type":"Feature","properties":{"u":"2524491266","v":"4953817655","key":"0","osmid":[245214939,245214942],"name":null,"ref":null,"highway":"residential","length":98.74248131436106,"oneway":false},"geometry":{"type":"LineString","coordinates":[[125.1467922,11.2787033],[125.1473025,11.2785634],[125.1471555,11.2782244]]}},{"type":"Feature","properties":{"u":"2524491267","v":"2524491266","key":"0","osmid":245214939,"name":null,"ref":null,"highway":"residential","length":84.78758250314263,"oneway":false},"geometry":{"type":"LineString","coordinates":[[125.1460324,11.2788652],[125.1467922,11.2787033]]}},{"type":"Feature","properties":{"u":"2524491267","v":"4504492458","key":"0","osmid":245214939,"name":null,"ref":null,"highway":"residential","length":33.55223433022364,"oneway":false},"geometry":{"type":"LineString","coordinates":[[125.1460324,11.2788652],[125.1457279,11.2789085]]}},{"type":"Feature","properties":{"u":"2524491267","v":"4953817659","key":"0","osmid":245214941,"name":null,"ref":null,"highway":"residential","length":31.780328914784803,"oneway":false},"geometry":{"type":"LineString","coordinates":[[125.1460324,11.2788652],[125.146117,11.2791387]]}},{"type":"Feature","properties":{"u":"2524491267","v":"8323394305","key":"0","osmid":245214941,"name":null,"ref":null,"highway":"residential","length":32.34490035456648,"oneway":false},"geometry":{"type":"LineString","coordinates":[[125.1460324,11.2788652],[125.1459513,11.2785854]]}},{"type":"Feature","properties":{"u":"2524491268","v":"2524491266","key":"0","osmid":245214943,"name":"Butalid Street","ref":null,"highway":"residential","length":32.84717291292303,"oneway":false},"geometry":{"type":"LineString","coordinates":[[125.1468974,11.2789801],[125.1467922,11.2787033]]}},{"type":"Feature","properties":{"u":"2524491268","v":"4953817662","key":"0","osmid":505422561,"name":null,"ref":null,"highway":"residential","length":59.46125600016379,"oneway":false},"geometry":{"type":"LineString","coordinates":[[125.1468974,11.2789801],[125.1474165,11.2788164]]}},{"type":"Feature","properties":{"u":"2524491268","v":"278505659","key":"0","osmid":245214943,"name":"Butalid Street","ref":null,"highway":"residential","length":97.90350618601315,"oneway":false},"geometry":{"type":"LineString","coordinates":[[125.1468974,11.2789801],[125.1470319,11.2791962],[125.1473049,11.2795911],[125.1474496,11.2796403]]}},{"type":"Feature","properties":{"u":"2524491268","v":"4953817659","key":"0","osmid":505422561,"name":null,"ref":null,"highway":"residential","length":86.96808941607848,"oneway":false},"geometry":{"type":"LineString","coordinates":[[125.1468974,11.2789801],[125.146589,11.2790413],[125.1463315,11.2791058],[125.146117,11.2791387]]}},{"type":"Feature","properties":{"u":"2524491269","v":"4504492458","key":"0","osmid":245214939,"name":null,"ref":null,"highway":"residential","length":41.855348915009316,"oneway":false},"geometry":{"type":"LineString","coordinates":[[125.1453526,11.2789874],[125.1457279,11.2789085]]}},{"type":"Feature","properties":{"u":"2524491269","v":"8323394307","key":"0","osmid":505422561,"name":null,"ref":null,"highway":"residential","length":23.937226184074696,"oneway":false},"geometry":{"type":"LineString","coordinates":[[125.1453526,11.2789874],[125.1452813,11.2787838]]}},{"type":"Feature","properties":{"u":"2524491269","v":"4504492526","key":"0","osmid":505422561,"name":null,"ref":null,"highway":"residential","length":62.16169723669121,"oneway":false},"geometry":{"type":"LineString","coordinates":[[125.1453526,11.2789874],[125.1454303,11.2791689],[125.1457996,11.2791652]]}},{"type":"Feature","properties":{"u":"2525577703","v":"2525577707","key":"0","osmid":245346594,"name":null,"ref":null,"highway":"tertiary","length":103.7301500511108,"oneway":false},"geometry":{"type":"LineString","coordinates":[[125.062619,11.3216208],[125.0620505,11.3223688]]}},{"type":"Feature","properties":{"u":"2525577703","v":"8318319973","key":"0","osmid":245346598,"name":null,"ref":null,"highway":"unclassified","length":96.77938245352075,"oneway":false},"geometry":{"type":"LineString","coordinates":[[125.062619,11.3216208],[125.0633498,11.3221148]]}},{"type":"Feature","properties":{"u":"2525577703","v":"8318300015","key":"0","osmid":245346594,"name":null,"ref":null,"highway":"tertiary","length":2658.264594820354,"oneway":false},"geometry":{"type":"LineString","coordinates":[[125.062619,11.3216208],[125.0628164,11.3213756],[125.0632503,11.3207629],[125.0637303,11.3202812],[125.0642988,11.3198092],[125.0648123,11.319397],[125.0654816,11.3188689],[125.0662792,11.3181432],[125.0672147,11.3174121],[125.0681092,11.3167442],[125.068998,11.3160546],[125.0705614,11.314801],[125.0712736,11.3142723],[125.0719655,11.313727],[125.0735751,11.3124138],[125.0740457,11.3119738],[125.0745309,11.3115514],[125.0754672,11.3106951],[125.0766781,11.3096062],[125.077661,11.3087041],[125.0782234,11.3081489],[125.0785234,11.3077866],[125.0787991,11.3074275],[125.0791082,11.307039],[125.0795291,11.3064803],[125.0798016,11.3060324],[125.0799488,11.3057275],[125.0799707,11.3054616],[125.0800903,11.3052463]]}},{"type":"Feature","properties":{"u":"2525577707","v":"2525577703","key":"0","osmid":245346594,"name":null,"ref":null,"highway":"tertiary","length":103.7301500511108,"oneway":false},"geometry":{"type":"LineString","coordinates":[[125.0620505,11.3223688],[125.062619,11.3216208]]}},{"type":"Feature","properties":{"u":"2525577707","v":"8385834841","key":"0","osmid":245346596,"name":null,"ref":null,"highway":"unclassified","length":71.18165810892899,"oneway":false},"geometry":{"type":"LineString","coordinates":[[125.0620505,11.3223688],[125.062598,11.3227175]]}},{"type":"Feature","properties":{"u":"2525577707","v":"8385834839","key":"0","osmid":894892900,"name":null,"ref":null,"highway":"residential","length":92.6526000306004,"oneway":false},"geometry":{"type":"LineString","coordinates":[[125.0620505,11.3223688],[125.0619335,11.3226176],[125.0620964,11.3228951],[125.062276,11.3230568]]}},{"type":"Feature","properties":{"u":"2525577710","v":"2530994744","key":"0","osmid":894895852,"name":null,"ref":null,"highway":"service","length":86.22840115513016,"oneway":false},"geometry":{"type":"LineString","coordinates":[[125.0644515,11.322784],[125.0643737,11.3227369],[125.0637899,11.3223592]]}},{"type":"Feature","properties":{"u":"2525588136","v":"8318462117","key":"0","osmid":25552377,"name":"Dolongan-Basey Road","ref":"670","highway":"secondary","length":1107.8537486357422,"oneway":false},"geometry":{"type":"LineString","coordinates":[[125.0427608,11.3175589],[125.0487689,11.3095242]]}},{"type":"Feature","properties":{"u":"2525588136","v":"6572188718","key":"0","osmid":25552377,"name":"Dolongan-Basey Road","ref":"670","highway":"secondary","length":1379.9388918114637,"oneway":false},"geometry":{"type":"LineString","coordinates":[[125.0427608,11.3175589],[125.0352939,11.3275791]]}},{"type":"Feature","properties":{"u":"2525588136","v":"2531225052","key":"0","osmid":[247044698,245348108],"name":null,"ref":null,"highway":"tertiary","length":1684.9359901194089,"oneway":false},"geometry":{"type":"LineString","coordinates":[[125.0427608,11.3175589],[125.0423849,11.3174233],[125.0418645,11.3172602],[125.0415373,11.3171813],[125.0412422,11.3171761],[125.0407433,11.3172287],[125.0401747,11.3173076],[125.0396356,11.3173076],[125.0391528,11.3172813],[125.0389811,11.3172392],[125.0388068,11.3171156],[125.0382006,11.3166132],[125.0378627,11.3163502],[125.0376266,11.3159242],[125.0373155,11.315477],[125.036881,11.3150457],[125.036484,11.3146302],[125.036189,11.3142883],[125.035851,11.3137885],[125.0357142,11.3135992],[125.0355345,11.313444],[125.0353253,11.3134072],[125.0351348,11.3134493],[125.0347459,11.3137017],[125.0346494,11.3137372],[125.0345394,11.3137491],[125.0337133,11.3137885],[125.0334451,11.3137938],[125.0330803,11.3137307],[125.032863,11.3136202],[125.0327101,11.3134545],[125.0325465,11.3131626],[125.0325066,11.312695],[125.0325492,11.3121737],[125.0325841,11.3118949],[125.0326511,11.3116319],[125.0327946,11.3112413],[125.0327893,11.3111058],[125.0327343,11.3110335],[125.0326471,11.3109678],[125.0325237,11.3109349],[125.0323682,11.3109415],[125.0319886,11.3109691]]}},{"type":"Feature","properties":{"u":"2525588188","v":"2525588244","key":"0","osmid":909983889,"name":null,"ref":null,"highway":"residential","length":84.66462653728647,"oneway":false},"geometry":{"type":"LineString","coordinates":[[125.0653713,11.3384821],[125.0653921,11.3387804],[125.0653553,11.3392414]]}},{"type":"Feature","properties":{"u":"2525588201","v":"2525588244","key":"0","osmid":245348109,"name":null,"ref":null,"highway":"tertiary","length":313.27308169096295,"oneway":false},"geometry":{"type":"LineString","coordinates":[[125.0628043,11.3387202],[125.0629587,11.3387736],[125.0631311,11.3388101],[125.0633907,11.338882],[125.0635601,11.3390278],[125.0637087,11.3392243],[125.0638712,11.3393429],[125.064127,11.3394582],[125.0643828,11.3395395],[125.0646696,11.3394853],[125.0649842,11.3394344],[125.0652607,11.3392616],[125.0653553,11.3392414]]}},{"type":"Feature","properties":{"u":"2525588201","v":"8448967114","key":"0","osmid":245348115,"name":null,"ref":null,"highway":"tertiary","length":63.27938620519526,"oneway":false},"geometry":{"type":"LineString","coordinates":[[125.0628043,11.3387202],[125.0627167,11.3387194],[125.0623815,11.3387736],[125.0622285,11.3387687]]}},{"type":"Feature","properties":{"u":"2525588201","v":"8449003449","key":"0","osmid":910385597,"name":null,"ref":null,"highway":"residential","length":224.72550279091308,"oneway":false},"geometry":{"type":"LineString","coordinates":[[125.0628043,11.3387202],[125.0630486,11.3385838],[125.0631557,11.3384652],[125.0633251,11.3381602],[125.0635186,11.3378416],[125.0637265,11.3375122],[125.0638378,11.3374268],[125.0640055,11.3374209],[125.0641859,11.3374439]]}},{"type":"Feature","properties":{"u":"2525588205","v":"8449003445","key":"0","osmid":910385597,"name":null,"ref":null,"highway":"residential","length":224.23357460752925,"oneway":false},"geometry":{"type":"LineString","coordinates":[[125.0665757,11.338699],[125.0664262,11.338599],[125.0660592,11.3384381],[125.0655303,11.3381331],[125.0651777,11.33795],[125.0649253,11.337758],[125.0648209,11.3376641]]}},{"type":"Feature","properties":{"u":"2525588244","v":"8449003444","key":"0","osmid":246031910,"name":null,"ref":null,"highway":"tertiary","length":20.004617091294957,"oneway":false},"geometry":{"type":"LineString","coordinates":[[125.0653553,11.3392414],[125.0655199,11.3393209]]}},{"type":"Feature","properties":{"u":"2525588244","v":"2525588201","key":"0","osmid":245348109,"name":null,"ref":null,"highway":"tertiary","length":313.27308169096295,"oneway":false},"geometry":{"type":"LineString","coordinates":[[125.0653553,11.3392414],[125.0652607,11.3392616],[125.0649842,11.3394344],[125.0646696,11.3394853],[125.0643828,11.3395395],[125.064127,11.3394582],[125.0638712,11.3393429],[125.0637087,11.3392243],[125.0635601,11.3390278],[125.0633907,11.338882],[125.0631311,11.3388101],[125.0629587,11.3387736],[125.0628043,11.3387202]]}},{"type":"Feature","properties":{"u":"2525588244","v":"2525588188","key":"0","osmid":909983889,"name":null,"ref":null,"highway":"residential","length":84.66462653728647,"oneway":false},"geometry":{"type":"LineString","coordinates":[[125.0653553,11.3392414],[125.0653921,11.3387804],[125.0653713,11.3384821]]}},{"type":"Feature","properties":{"u":"2525588401","v":"8448967114","key":"0","osmid":245348115,"name":null,"ref":null,"highway":"tertiary","length":1459.3520244896592,"oneway":false},"geometry":{"type":"LineString","coordinates":[[125.0508354,11.3413482],[125.0510462,11.3413719],[125.0513227,11.3412973],[125.0514575,11.3412804],[125.0516788,11.3413143],[125.0519,11.3413245],[125.0521903,11.341216],[125.0528263,11.3409008],[125.0531374,11.3406467],[125.0532998,11.3405619],[125.053604,11.3405518],[125.0538321,11.3406195],[125.0541432,11.3406839],[125.0543022,11.3406467],[125.0544647,11.3405179],[125.0546168,11.3402739],[125.0547758,11.3399926],[125.0549279,11.3398502],[125.0552666,11.3397452],[125.055588,11.3397316],[125.0557367,11.3397926],[125.0559199,11.339935],[125.0559994,11.3401248],[125.0560858,11.3402332],[125.056224,11.3403484],[125.0564694,11.340545],[125.0567667,11.3407009],[125.0572368,11.3409246],[125.0575893,11.3410906],[125.057814,11.3411516],[125.0580145,11.3411143],[125.0581769,11.3409991],[125.0584258,11.3408398],[125.0587507,11.3407246],[125.0590238,11.3407178],[125.0592899,11.3407449],[125.0595215,11.3407043],[125.0598171,11.3405216],[125.0601152,11.3402628],[125.0602814,11.3400232],[125.0603939,11.339841],[125.0607154,11.3396141],[125.0613923,11.3391796],[125.0617973,11.3389468],[125.0619516,11.3388771],[125.0621346,11.3388022],[125.0622285,11.3387687]]}},{"type":"Feature","properties":{"u":"2525588401","v":"8332835829","key":"0","osmid":245348115,"name":null,"ref":null,"highway":"tertiary","length":1202.3942274665617,"oneway":false},"geometry":{"type":"LineString","coordinates":[[125.0508354,11.3413482],[125.0507158,11.3411349],[125.0506541,11.3407798],[125.0505388,11.3405353],[125.0504738,11.3404504],[125.0503899,11.3403985],[125.0501217,11.3402828],[125.049891,11.3402026],[125.0495987,11.3401921],[125.0491762,11.3402973],[125.0488919,11.3404169],[125.0487001,11.3404459],[125.0485043,11.3404406],[125.0483313,11.3403249],[125.0480859,11.3401638],[125.047874,11.3400382],[125.0475897,11.3400303],[125.0474328,11.3399685],[125.0472853,11.3398673],[125.04706,11.3396569],[125.046891,11.3393492],[125.0466952,11.3389547],[125.0465342,11.3388601],[125.046376,11.3387917],[125.0461896,11.3388114],[125.0455029,11.3388969],[125.0452629,11.3389087],[125.0450805,11.3389639],[125.0449678,11.3390612],[125.0448773,11.3390967],[125.0447412,11.3392033],[125.0445695,11.3392309],[125.0443925,11.3392388],[125.0442718,11.3392401],[125.0441846,11.3392361],[125.0441055,11.3391967],[125.0440197,11.3390889],[125.0439365,11.3389547],[125.0438265,11.3388272],[125.0435784,11.3385931],[125.0434859,11.3385616],[125.0433075,11.338555],[125.043156,11.3385261],[125.0427912,11.3383604],[125.0426745,11.338313],[125.0425673,11.3383065],[125.0424479,11.3383328],[125.0422588,11.3384103],[125.0421609,11.3384761],[125.0420509,11.3385563],[125.0419758,11.3385865],[125.0418605,11.3386063],[125.0417995,11.3386067]]}},{"type":"Feature","properties":{"u":"2525588401","v":"6426799825","key":"0","osmid":685743423,"name":null,"ref":null,"highway":"track","length":354.00162907895185,"oneway":false},"geometry":{"type":"LineString","coordinates":[[125.0508354,11.3413482],[125.0507719,11.3416615],[125.0505706,11.3418973],[125.050587,11.3422068],[125.0505227,11.3424435],[125.0505495,11.3425907],[125.0504797,11.3428748],[125.0504261,11.3431851],[125.0505253,11.3434823],[125.0505951,11.3436164],[125.0506782,11.3437636],[125.0508418,11.3440253],[125.0510216,11.3442765]]}},{"type":"Feature","properties":{"u":"2525595517","v":"8314845569","key":"0","osmid":245349086,"name":null,"ref":null,"highway":"residential","length":577.7237718898011,"oneway":false},"geometry":{"type":"LineString","coordinates":[[125.0946505,11.345207],[125.0946719,11.3453964],[125.0947568,11.345512],[125.0949898,11.3456095],[125.0954087,11.3457433],[125.0956589,11.3458804],[125.0958762,11.346213],[125.0959888,11.3465181],[125.0959673,11.3466259],[125.0958976,11.3467864],[125.0958064,11.3468771],[125.0957796,11.3469888],[125.0957983,11.3471019],[125.095852,11.3472991],[125.0959834,11.3476463],[125.0961537,11.3477923],[125.0963442,11.3478449],[125.0966661,11.3480933],[125.0972179,11.348497],[125.0976159,11.3486359],[125.0976758,11.3486255]]}},{"type":"Feature","properties":{"u":"2525595558","v":"8314845569","key":"0","osmid":245349086,"name":null,"ref":null,"highway":"residential","length":132.78682065069287,"oneway":false},"geometry":{"type":"LineString","coordinates":[[125.0988371,11.3483101],[125.098726,11.3482998],[125.0986388,11.3483077],[125.0985559,11.348329],[125.0981772,11.3484741],[125.0978434,11.3485963],[125.0976758,11.3486255]]}},{"type":"Feature","properties":{"u":"2525595558","v":"2525595795","key":"0","osmid":245349110,"name":null,"ref":null,"highway":"tertiary","length":2031.376326190142,"oneway":false},"geometry":{"type":"LineString","coordinates":[[125.0988371,11.3483101],[125.0988963,11.3484089],[125.0989749,11.3485033],[125.0990961,11.348593],[125.0992638,11.3487021],[125.0994416,11.3488054],[125.0996234,11.3488694],[125.0999723,11.3489689],[125.1002151,11.3490199],[125.1004216,11.3490315],[125.1006645,11.3490407],[125.1008611,11.3490938],[125.1010358,11.3491749],[125.1012366,11.3493284],[125.1014546,11.3494391],[125.1017101,11.3495072],[125.1020301,11.349533],[125.1023023,11.3494516],[125.1025219,11.3494352],[125.1027462,11.3495032],[125.1029995,11.3496675],[125.1033981,11.3500057],[125.1036879,11.3502235],[125.1039721,11.3504549],[125.1042176,11.350682],[125.1044513,11.350908],[125.1048542,11.3510709],[125.1051176,11.3512359],[125.1052493,11.3514334],[125.1052687,11.3516411],[125.1052118,11.3518527],[125.1049424,11.352379],[125.1048702,11.3525999],[125.1049848,11.352895],[125.105188,11.3531376],[125.1055905,11.3533061],[125.1057078,11.3533936],[125.1058002,11.3535183],[125.1058777,11.3538835],[125.1059407,11.3542044],[125.1060456,11.3543652],[125.1062572,11.3544818],[125.106493,11.3546142],[125.106545,11.3548543],[125.1064817,11.3551539],[125.1063599,11.3555169],[125.1062532,11.3558069],[125.1062699,11.3561045],[125.1064045,11.3564467],[125.1066837,11.3566693],[125.1069688,11.3570213],[125.1071494,11.3573187],[125.1072372,11.357622],[125.1072494,11.3577668],[125.1072173,11.3579097],[125.1071296,11.358158],[125.1068665,11.3584876],[125.1065304,11.3588744],[125.1060491,11.3593813],[125.105903,11.3595675],[125.1058741,11.3597222],[125.1058892,11.3598543],[125.1059313,11.3600495],[125.1059388,11.3601368],[125.1059311,11.360226],[125.1059078,11.3603076],[125.1058541,11.3604174],[125.105799,11.3605088],[125.1057093,11.3606393]]}},{"type":"Feature","properties":{"u":"2525595558","v":"4848524280","key":"0","osmid":245451244,"name":null,"ref":null,"highway":"tertiary","length":1167.2727011542368,"oneway":false},"geometry":{"type":"LineString","coordinates":[[125.0988371,11.3483101],[125.0989982,11.3480644],[125.0991471,11.3478264],[125.0991994,11.3477348],[125.0992293,11.3476481],[125.0992396,11.3475647],[125.0992447,11.3473963],[125.0992528,11.3472937],[125.0992745,11.3472268],[125.0993236,11.3471553],[125.0995085,11.3469659],[125.0997944,11.3466388],[125.1000069,11.3464821],[125.1001177,11.3463706],[125.1001965,11.3461288],[125.1002388,11.3459556],[125.1003296,11.3456639],[125.1003648,11.3454369],[125.1004219,11.3452918],[125.1005509,11.3451108],[125.1006388,11.3449858],[125.1006579,11.3448464],[125.1006066,11.3447085],[125.1005362,11.3445821],[125.1003882,11.3443651],[125.100082,11.3439686],[125.0999941,11.3437948],[125.0999706,11.3436884],[125.0999662,11.3435606],[125.1000278,11.3433024],[125.1001844,11.3429511],[125.1003304,11.3426906],[125.1003621,11.3425373],[125.1003501,11.3423346],[125.1003073,11.3420839],[125.1003087,11.3419121],[125.1003812,11.3417414],[125.1005451,11.3415016],[125.1008377,11.3412],[125.1010757,11.3409775],[125.1013981,11.3407362],[125.1015842,11.3406188],[125.101746,11.3405016],[125.1018928,11.3403259],[125.1019792,11.3401646],[125.1020397,11.3399314],[125.1021579,11.3396779],[125.1023,11.3394018]]}},{"type":"Feature","properties":{"u":"2525595795","v":"4848524573","key":"0","osmid":245349104,"name":null,"ref":null,"highway":"tertiary","length":3753.6341479343337,"oneway":false},"geometry":{"type":"LineString","coordinates":[[125.1057093,11.3606393],[125.1057025,11.3606816],[125.1057032,11.3607331],[125.1057242,11.3607937],[125.1057693,11.3608549],[125.1058292,11.3609099],[125.1060565,11.3610744],[125.1064121,11.3612726],[125.1067823,11.3613824],[125.1071126,11.3613425],[125.1075009,11.361259],[125.1079612,11.3612606],[125.1084946,11.3612367],[125.1090411,11.3611781],[125.1096413,11.3610802],[125.1100952,11.3609756],[125.1106444,11.3608553],[125.1114638,11.3606877],[125.1117461,11.3606824],[125.1119874,11.3607854],[125.1123208,11.3608981],[125.1126856,11.3611715],[125.1129095,11.3614437],[125.1130493,11.3618576],[125.1134147,11.3625143],[125.113683,11.3628249],[125.1138751,11.3630195],[125.1142964,11.3633477],[125.1146898,11.3636329],[125.1149151,11.3637769],[125.1154234,11.3639313],[125.1160759,11.3641884],[125.1166867,11.3643416],[125.1175853,11.3643922],[125.1182458,11.3644592],[125.1186367,11.3644862],[125.1189244,11.3644652],[125.1191155,11.364477],[125.1193686,11.3646029],[125.1196038,11.36479],[125.119879,11.3650455],[125.1201956,11.3652103],[125.1208216,11.3654347],[125.1212454,11.3656353],[125.1217666,11.365941],[125.1219975,11.3661789],[125.122481,11.3666431],[125.1228672,11.367148],[125.1230711,11.3678265],[125.1232105,11.3680842],[125.1233447,11.3682367],[125.1236504,11.3683208],[125.1243854,11.3686679],[125.1249567,11.3689217],[125.125249,11.369015],[125.1264721,11.3691781],[125.1268744,11.3693358],[125.127486,11.3698723],[125.1280868,11.3707243],[125.1288485,11.3717761],[125.1290899,11.3720758],[125.129562,11.3726175],[125.1299,11.3728016],[125.1311284,11.3735011],[125.1315951,11.3736746],[125.1320779,11.3738219],[125.1323622,11.3741164],[125.1324856,11.3754522],[125.1324213,11.3757861],[125.1324293,11.3759229]]}},{"type":"Feature","properties":{"u":"2525595795","v":"2525595558","key":"0","osmid":245349110,"name":null,"ref":null,"highway":"tertiary","length":2031.3763261901408,"oneway":false},"geometry":{"type":"LineString","coordinates":[[125.1057093,11.3606393],[125.105799,11.3605088],[125.1058541,11.3604174],[125.1059078,11.3603076],[125.1059311,11.360226],[125.1059388,11.3601368],[125.1059313,11.3600495],[125.1058892,11.3598543],[125.1058741,11.3597222],[125.105903,11.3595675],[125.1060491,11.3593813],[125.1065304,11.3588744],[125.1068665,11.3584876],[125.1071296,11.358158],[125.1072173,11.3579097],[125.1072494,11.3577668],[125.1072372,11.357622],[125.1071494,11.3573187],[125.1069688,11.3570213],[125.1066837,11.3566693],[125.1064045,11.3564467],[125.1062699,11.3561045],[125.1062532,11.3558069],[125.1063599,11.3555169],[125.1064817,11.3551539],[125.106545,11.3548543],[125.106493,11.3546142],[125.1062572,11.3544818],[125.1060456,11.3543652],[125.1059407,11.3542044],[125.1058777,11.3538835],[125.1058002,11.3535183],[125.1057078,11.3533936],[125.1055905,11.3533061],[125.105188,11.3531376],[125.1049848,11.352895],[125.1048702,11.3525999],[125.1049424,11.352379],[125.1052118,11.3518527],[125.1052687,11.3516411],[125.1052493,11.3514334],[125.1051176,11.3512359],[125.1048542,11.3510709],[125.1044513,11.350908],[125.1042176,11.350682],[125.1039721,11.3504549],[125.1036879,11.3502235],[125.1033981,11.3500057],[125.1029995,11.3496675],[125.1027462,11.3495032],[125.1025219,11.3494352],[125.1023023,11.3494516],[125.1020301,11.349533],[125.1017101,11.3495072],[125.1014546,11.3494391],[125.1012366,11.3493284],[125.1010358,11.3491749],[125.1008611,11.3490938],[125.1006645,11.3490407],[125.1004216,11.3490315],[125.1002151,11.3490199],[125.0999723,11.3489689],[125.0996234,11.3488694],[125.0994416,11.3488054],[125.0992638,11.3487021],[125.0990961,11.348593],[125.0989749,11.3485033],[125.0988963,11.3484089],[125.0988371,11.3483101]]}},{"type":"Feature","properties":{"u":"2525595795","v":"7307968109","key":"0","osmid":782580206,"name":null,"ref":null,"highway":"residential","length":256.82723299600354,"oneway":false},"geometry":{"type":"LineString","coordinates":[[125.1057093,11.3606393],[125.105676,11.360644],[125.1056444,11.3606555],[125.105595,11.3606907],[125.105522,11.3607573],[125.1054168,11.3608908],[125.1052988,11.3610157],[125.1052229,11.361087],[125.1051172,11.3611576],[125.1049842,11.3612094],[125.1048283,11.3612298],[125.1046108,11.361234],[125.1041118,11.3611718],[125.103731,11.3610828],[125.1036016,11.36104]]}},{"type":"Feature","properties":{"u":"2525595897","v":"10119067449","key":"0","osmid":245349085,"name":null,"ref":null,"highway":"track","length":172.46922163982634,"oneway":false},"geometry":{"type":"LineString","coordinates":[[125.1541154,11.3681021],[125.1542776,11.367828],[125.1545122,11.3677009],[125.1546264,11.3675314],[125.1547005,11.3672379],[125.154735,11.3669456],[125.1547211,11.3668785],[125.1547037,11.3668219],[125.1546836,11.3667825]]}},{"type":"Feature","properties":{"u":"2525595897","v":"4848524437","key":"0","osmid":[492882496,245394563],"name":null,"ref":null,"highway":"track","length":560.02295191203,"oneway":false},"geometry":{"type":"LineString","coordinates":[[125.1541154,11.3681021],[125.1541632,11.3683024],[125.1542705,11.3684247],[125.1543684,11.3686009],[125.1543711,11.3687494],[125.1542987,11.3689493],[125.154233,11.3690137],[125.1541834,11.3690729],[125.1541163,11.3692846],[125.1541579,11.3694673],[125.1541699,11.3695935],[125.1541686,11.369729],[125.1541713,11.3698552],[125.1542196,11.3699498],[125.1543336,11.3701549],[125.154359,11.3702351],[125.1543859,11.3703456],[125.15441,11.3706085],[125.1543993,11.3708662],[125.1543537,11.3711371],[125.1544073,11.3712712],[125.1544234,11.3713659],[125.15441,11.3715236],[125.1544154,11.3717603],[125.1544207,11.3718444],[125.1545173,11.3719365],[125.154638,11.3720285],[125.1546675,11.3721389],[125.1547158,11.3722678],[125.1548392,11.3723493],[125.1550081,11.3725123],[125.1551315,11.3726438]]}},{"type":"Feature","properties":{"u":"2525595897","v":"4848524458","key":"0","osmid":1105826269,"name":null,"ref":null,"highway":"path","length":101.6339353361945,"oneway":false},"geometry":{"type":"LineString","coordinates":[[125.1541154,11.3681021],[125.1539191,11.3680197],[125.1537341,11.3679343],[125.1535342,11.3678461],[125.1532956,11.3676759]]}},{"type":"Feature","properties":{"u":"2525595964","v":"4848527148","key":"0","osmid":908359204,"name":null,"ref":null,"highway":"residential","length":31.075765671512812,"oneway":false},"geometry":{"type":"LineString","coordinates":[[125.1434694,11.3877064],[125.1432869,11.3879211]]}},{"type":"Feature","properties":{"u":"2525595964","v":"8434496188","key":"0","osmid":245349096,"name":null,"ref":null,"highway":"unclassified","length":163.55243625715238,"oneway":false},"geometry":{"type":"LineString","coordinates":[[125.1434694,11.3877064],[125.1437316,11.3873137],[125.1438528,11.3871454],[125.1439078,11.3866261],[125.1439051,11.3863527]]}},{"type":"Feature","properties":{"u":"2525595964","v":"8434564813","key":"0","osmid":908359205,"name":null,"ref":null,"highway":"residential","length":149.63365803052017,"oneway":false},"geometry":{"type":"LineString","coordinates":[[125.1434694,11.3877064],[125.143539,11.3877607],[125.1436215,11.38781],[125.1437221,11.3878534],[125.143936,11.3879829],[125.1440272,11.3881064],[125.1443665,11.3886731]]}},{"type":"Feature","properties":{"u":"2525595966","v":"4848527139","key":"0","osmid":908359204,"name":null,"ref":null,"highway":"residential","length":55.25924798139691,"oneway":false},"geometry":{"type":"LineString","coordinates":[[125.1417835,11.3884509],[125.142257,11.3882734]]}},{"type":"Feature","properties":{"u":"2525595966","v":"2536025994","key":"0","osmid":[1005712160,245349105],"name":null,"ref":null,"highway":["residential","unclassified"],"length":2627.1302618403024,"oneway":false},"geometry":{"type":"LineString","coordinates":[[125.1417835,11.3884509],[125.1417031,11.3885324],[125.1416091,11.3886218],[125.1414147,11.3888177],[125.1413664,11.388886],[125.1412189,11.3889466],[125.1410553,11.3889623],[125.1408018,11.3889906],[125.1406569,11.38903],[125.140492,11.3891937],[125.1403231,11.3893725],[125.1401407,11.3895302],[125.1399904,11.389667],[125.13991,11.3897511],[125.1396847,11.3899877],[125.1394164,11.3901718],[125.1392501,11.3902638],[125.1391122,11.3903954],[125.138922,11.3906108],[125.1387408,11.3908414],[125.1383687,11.391218],[125.1380354,11.39152],[125.1376972,11.3917442],[125.1374731,11.3919224],[125.1372171,11.3921675],[125.1370453,11.3924068],[125.1369917,11.3925015],[125.13693,11.3926171],[125.1368885,11.3930595],[125.1366708,11.3934315],[125.1362755,11.3940807],[125.1361683,11.3943578],[125.1360606,11.3947265],[125.1359877,11.395233],[125.1357,11.395651],[125.1349926,11.3965484],[125.1344101,11.3975851],[125.1338623,11.3984688],[125.1336092,11.3991452],[125.1333699,11.4000527],[125.1330717,11.4008276],[125.1327493,11.4013069],[125.1325551,11.4017861],[125.1323366,11.4019969],[125.1319275,11.4024591],[125.1317125,11.4028296],[125.13156,11.4032646],[125.1313589,11.4035331],[125.1310607,11.4037507],[125.1307209,11.4041279],[125.1305752,11.4044338],[125.1302909,11.4047397],[125.1301038,11.4049709],[125.1298544,11.4051011],[125.1293796,11.40518],[125.1291624,11.4052431],[125.1286717,11.4054841],[125.1282279,11.405841],[125.1278669,11.405903],[125.1275718,11.405903],[125.1274377,11.4058741]]}},{"type":"Feature","properties":{"u":"2525595966","v":"8434496188","key":"0","osmid":908359206,"name":null,"ref":null,"highway":"unclassified","length":336.62020631990686,"oneway":false},"geometry":{"type":"LineString","coordinates":[[125.1417835,11.3884509],[125.1420692,11.3881275],[125.1421939,11.3880289],[125.1429516,11.3876292],[125.1432064,11.3874267],[125.1433553,11.3872585],[125.1436087,11.3868062],[125.1437804,11.386538],[125.1439051,11.3863527]]}},{"type":"Feature","properties":{"u":"2525596098","v":"4848526405","key":"0","osmid":492882717,"name":null,"ref":null,"highway":"residential","length":27.68402912542143,"oneway":false},"geometry":{"type":"LineString","coordinates":[[125.1494827,11.4041616],[125.1492425,11.4042425]]}},{"type":"Feature","properties":{"u":"2525596098","v":"4848526403","key":"0","osmid":245349099,"name":null,"ref":null,"highway":"unclassified","length":78.25653644571366,"oneway":false},"geometry":{"type":"LineString","coordinates":[[125.1494827,11.4041616],[125.1494766,11.4037845],[125.1494604,11.4035971],[125.1494233,11.4034634]]}},{"type":"Feature","properties":{"u":"2525596098","v":"4848526406","key":"0","osmid":953885903,"name":null,"ref":null,"highway":"path","length":99.82204188261478,"oneway":false},"geometry":{"type":"LineString","coordinates":[[125.1494827,11.4041616],[125.1499821,11.4042816],[125.1503754,11.4043613]]}},{"type":"Feature","properties":{"u":"2525615067","v":"2525615184","key":"0","osmid":245351677,"name":null,"ref":null,"highway":"tertiary","length":878.0103999269522,"oneway":false},"geometry":{"type":"LineString","coordinates":[[125.0115444,11.3013075],[125.0116325,11.3014678],[125.0117059,11.3015708],[125.0118672,11.3017417],[125.0120342,11.3019026],[125.0122185,11.3020664],[125.0123769,11.3021878],[125.0125064,11.3022711],[125.0128606,11.3025238],[125.0131457,11.3027384],[125.0132796,11.3028076],[125.0135963,11.3029022],[125.0139275,11.3030448],[125.0140312,11.3031196],[125.0141147,11.3032128],[125.0142932,11.3035785],[125.0144228,11.3038693],[125.0144991,11.3039795],[125.0147971,11.3041898],[125.0149353,11.3042731],[125.0150765,11.3044008],[125.0151478,11.3045126],[125.0151926,11.3046563],[125.0152313,11.304892],[125.0152598,11.3056966],[125.0153066,11.306076],[125.0153331,11.3063914],[125.0153636,11.3066909],[125.0153738,11.3071841],[125.0153442,11.3074733]]}},{"type":"Feature","properties":{"u":"2525615067","v":"2532616828","key":"0","osmid":387032401,"name":"San Juanico-Basey Road","ref":"670","highway":"primary","length":866.7884173173345,"oneway":false},"geometry":{"type":"LineString","coordinates":[[125.0115444,11.3013075],[125.011638,11.3012639],[125.0131472,11.3004449],[125.0136966,11.3001016],[125.0151525,11.299176],[125.015396,11.2989668],[125.015644,11.2986804],[125.0160236,11.2981821],[125.0174872,11.2963255]]}},{"type":"Feature","properties":{"u":"2525615067","v":"766787005","key":"0","osmid":387032401,"name":"San Juanico-Basey Road","ref":"670","highway":"primary","length":1256.9221928458517,"oneway":false},"geometry":{"type":"LineString","coordinates":[[125.0115444,11.3013075],[125.00916,11.3022083],[125.008702,11.302373],[125.0084592,11.3024158],[125.0082019,11.3024525],[125.0078992,11.3024616],[125.0061456,11.3023925],[125.0059022,11.3024498],[125.0056953,11.3025625],[125.0055403,11.3026708],[125.0050872,11.3031582],[125.0049674,11.303252],[125.0048028,11.3033642],[125.0046308,11.3034386],[125.0044218,11.3035082],[125.004131,11.3035507],[125.0029557,11.3035257],[125.0026697,11.3035286],[125.0025503,11.3035451],[125.0024363,11.3035839],[125.0023673,11.3036194],[125.0022506,11.3036891],[125.0019623,11.3039455],[125.0018161,11.3040586],[125.0016498,11.3041625],[125.001467,11.304248],[125.000873,11.3044249]]}},{"type":"Feature","properties":{"u":"2525615184","v":"8299752202","key":"0","osmid":246192730,"name":null,"ref":null,"highway":"residential","length":28.294849658243614,"oneway":false},"geometry":{"type":"LineString","coordinates":[[125.0153442,11.3074733],[125.0156021,11.3075015]]}},{"type":"Feature","properties":{"u":"2525615184","v":"2525615067","key":"0","osmid":245351677,"name":null,"ref":null,"highway":"tertiary","length":878.0103999269522,"oneway":false},"geometry":{"type":"LineString","coordinates":[[125.0153442,11.3074733],[125.0153738,11.3071841],[125.0153636,11.3066909],[125.0153331,11.3063914],[125.0153066,11.306076],[125.0152598,11.3056966],[125.0152313,11.304892],[125.0151926,11.3046563],[125.0151478,11.3045126],[125.0150765,11.3044008],[125.0149353,11.3042731],[125.0147971,11.3041898],[125.0144991,11.3039795],[125.0144228,11.3038693],[125.0142932,11.3035785],[125.0141147,11.3032128],[125.0140312,11.3031196],[125.0139275,11.3030448],[125.0135963,11.3029022],[125.0132796,11.3028076],[125.0131457,11.3027384],[125.0128606,11.3025238],[125.0125064,11.3022711],[125.0123769,11.3021878],[125.0122185,11.3020664],[125.0120342,11.3019026],[125.0118672,11.3017417],[125.0117059,11.3015708],[125.0116325,11.3014678],[125.0115444,11.3013075]]}},{"type":"Feature","properties":{"u":"2525615184","v":"8299752201","key":"0","osmid":949889802,"name":null,"ref":null,"highway":"tertiary","length":43.032577619816834,"oneway":false},"geometry":{"type":"LineString","coordinates":[[125.0153442,11.3074733],[125.0153066,11.3076134],[125.0152664,11.3078523]]}},{"type":"Feature","properties":{"u":"2525657978","v":"1684194059","key":"0","osmid":[245355264,156132398,1035236415],"name":null,"ref":null,"highway":["footway","residential"],"length":82.10745280036494,"oneway":false},"geometry":{"type":"LineString","coordinates":[[125.0117496,11.2759193],[125.0116128,11.2762077],[125.0115537,11.2763617],[125.0114486,11.2765958]]}},{"type":"Feature","properties":{"u":"2525668742","v":"2525668754","key":"0","osmid":245356318,"name":null,"ref":null,"highway":"service","length":114.08589612492415,"oneway":false},"geometry":{"type":"LineString","coordinates":[[125.0207086,11.2888227],[125.0205369,11.2889081],[125.0203733,11.2889581],[125.0202325,11.2889292],[125.0200649,11.2888884],[125.0199737,11.2889003],[125.019916,11.2889779],[125.0198857,11.2891478]]}},{"type":"Feature","properties":{"u":"2525668742","v":"8336729221","key":"0","osmid":387032401,"name":"San Juanico-Basey Road","ref":"670","highway":"primary","length":218.4319960497219,"oneway":false},"geometry":{"type":"LineString","coordinates":[[125.0207086,11.2888227],[125.0205542,11.2869242],[125.0205438,11.2868652]]}},{"type":"Feature","properties":{"u":"2525668742","v":"2532616828","key":"0","osmid":387032401,"name":"San Juanico-Basey Road","ref":"670","highway":"primary","length":999.3400667094786,"oneway":false},"geometry":{"type":"LineString","coordinates":[[125.0207086,11.2888227],[125.0207638,11.2897509],[125.02095,11.2920277],[125.0209793,11.292599],[125.0209515,11.2928337],[125.0208974,11.2930057],[125.0208072,11.2932099],[125.020623,11.2934088],[125.0190356,11.295184],[125.0188646,11.2953162],[125.0184408,11.2954878],[125.0181567,11.2956393],[125.0179048,11.2958515],[125.017659,11.2961116],[125.0174872,11.2963255]]}},{"type":"Feature","properties":{"u":"2525668754","v":"2525668742","key":"0","osmid":245356318,"name":null,"ref":null,"highway":"service","length":114.08589612492412,"oneway":false},"geometry":{"type":"LineString","coordinates":[[125.0198857,11.2891478],[125.019916,11.2889779],[125.0199737,11.2889003],[125.0200649,11.2888884],[125.0202325,11.2889292],[125.0203733,11.2889581],[125.0205369,11.2889081],[125.0207086,11.2888227]]}},{"type":"Feature","properties":{"u":"2525668787","v":"2525668794","key":"0","osmid":[949893156,914157631],"name":null,"ref":null,"highway":"residential","length":172.5409192591344,"oneway":false},"geometry":{"type":"LineString","coordinates":[[124.9983487,11.3012588],[124.9983644,11.3020568],[124.9991064,11.3022528]]}},{"type":"Feature","properties":{"u":"2525668794","v":"8491633044","key":"0","osmid":949893151,"name":null,"ref":null,"highway":"residential","length":46.56298244061963,"oneway":false},"geometry":{"type":"LineString","coordinates":[[124.9991064,11.3022528],[124.9991262,11.3018345]]}},{"type":"Feature","properties":{"u":"2525668794","v":"766787005","key":"0","osmid":245356317,"name":null,"ref":null,"highway":"tertiary","length":335.1884669737042,"oneway":false},"geometry":{"type":"LineString","coordinates":[[124.9991064,11.3022528],[124.9990643,11.3024063],[124.9991155,11.3025467],[124.9991749,11.302703],[124.9992475,11.3028854],[124.9993063,11.3029508],[124.9994621,11.3030016],[124.9996046,11.3030562],[124.999949,11.3031759],[125.0002219,11.3034441],[125.000558,11.3037142],[125.0007085,11.3039278],[125.000873,11.3044249]]}},{"type":"Feature","properties":{"u":"2525668794","v":"2525668787","key":"0","osmid":[949893156,914157631],"name":null,"ref":null,"highway":"residential","length":172.5409192591344,"oneway":false},"geometry":{"type":"LineString","coordinates":[[124.9991064,11.3022528],[124.9983644,11.3020568],[124.9983487,11.3012588]]}},{"type":"Feature","properties":{"u":"2525821821","v":"2525821824","key":"0","osmid":245374037,"name":null,"ref":null,"highway":"residential","length":178.08666926788032,"oneway":false},"geometry":{"type":"LineString","coordinates":[[125.1615509,11.2599864],[125.1604195,11.2606762],[125.1603873,11.26074],[125.1603679,11.2608038],[125.1603638,11.260961]]}},{"type":"Feature","properties":{"u":"2525821824","v":"4953817676","key":"0","osmid":505422565,"name":null,"ref":null,"highway":"residential","length":43.01912223549381,"oneway":false},"geometry":{"type":"LineString","coordinates":[[125.1603638,11.260961],[125.1607494,11.2610426]]}},{"type":"Feature","properties":{"u":"2525821824","v":"2525821821","key":"0","osmid":245374037,"name":null,"ref":null,"highway":"residential","length":178.08666926788032,"oneway":false},"geometry":{"type":"LineString","coordinates":[[125.1603638,11.260961],[125.1603679,11.2608038],[125.1603873,11.26074],[125.1604195,11.2606762],[125.1615509,11.2599864]]}},{"type":"Feature","properties":{"u":"2525821824","v":"2524491244","key":"0","osmid":245374037,"name":null,"ref":null,"highway":"residential","length":61.890001057792205,"oneway":false},"geometry":{"type":"LineString","coordinates":[[125.1603638,11.260961],[125.1603337,11.2611848],[125.1601615,11.2614693]]}},{"type":"Feature","properties":{"u":"2526056514","v":"4848524437","key":"0","osmid":245394563,"name":null,"ref":null,"highway":"track","length":1574.467402339684,"oneway":false},"geometry":{"type":"LineString","coordinates":[[125.1615729,11.3816782],[125.1601861,11.3815247],[125.1596492,11.3815575],[125.1591347,11.3817659],[125.1588999,11.3816562],[125.1587209,11.3812615],[125.1582512,11.3810532],[125.1578933,11.380187],[125.1582384,11.3790592],[125.158085,11.3786455],[125.1584973,11.3780533],[125.1586603,11.3770474],[125.1582672,11.3752142],[125.1580083,11.3746126],[125.1576151,11.3741989],[125.1567713,11.3741613],[125.1559562,11.3738323],[125.1555822,11.373475],[125.1554024,11.3731066],[125.1552361,11.3728042],[125.1551315,11.3726438]]}},{"type":"Feature","properties":{"u":"2526056557","v":"4848524437","key":"0","osmid":245394564,"name":null,"ref":null,"highway":"track","length":1756.997241131027,"oneway":false},"geometry":{"type":"LineString","coordinates":[[125.1632824,11.3789934],[125.1630331,11.3786361],[125.1619015,11.3781943],[125.1612782,11.3780909],[125.1608275,11.3778089],[125.1607316,11.3772918],[125.1609138,11.3768876],[125.1612495,11.3767184],[125.1612686,11.3762765],[125.1614508,11.3760603],[125.1614412,11.3757877],[125.1610193,11.3753176],[125.1604919,11.374951],[125.1604344,11.374716],[125.160233,11.3742365],[125.1602905,11.3740109],[125.1600412,11.3735032],[125.1598494,11.3733246],[125.159859,11.3730144],[125.1601275,11.3727136],[125.1601371,11.3723281],[125.1599357,11.3721401],[125.1594946,11.3719803],[125.1591134,11.3719751],[125.158897,11.3720036],[125.158776,11.3720561],[125.158727,11.3721245],[125.1587337,11.3722823],[125.1587445,11.3724269],[125.1587297,11.372511],[125.1586519,11.3727056],[125.158613,11.3727477],[125.1585688,11.3727622],[125.1585178,11.3727253],[125.1584615,11.3726885],[125.1584092,11.3726754],[125.1583166,11.3726912],[125.1582295,11.372724],[125.1580873,11.372774],[125.1579988,11.3728187],[125.1578875,11.3731158],[125.1578164,11.3732604],[125.1577668,11.3733104],[125.1577051,11.3733367],[125.1576059,11.3733735],[125.1575066,11.3733893],[125.1574141,11.3734024],[125.15728,11.3734458],[125.1572129,11.3735155],[125.1571968,11.373572],[125.1571485,11.3736391],[125.1571177,11.3736654],[125.1570627,11.3736838],[125.1569541,11.3736851],[125.1568951,11.3736877],[125.1568079,11.3737009],[125.1567449,11.3737193],[125.1567006,11.3737219],[125.1566134,11.3737062],[125.1565491,11.3736641],[125.1565035,11.3736141],[125.1564619,11.3735694],[125.1564163,11.3735116],[125.1563399,11.3734682],[125.1562527,11.3734379],[125.1560341,11.3733091],[125.15579,11.3731855],[125.1557189,11.3731224],[125.1556519,11.3729502],[125.1554936,11.372799],[125.1553233,11.3727345],[125.1551315,11.3726438]]}},{"type":"Feature","properties":{"u":"2526305445","v":"8041751291","key":"0","osmid":337410414,"name":"Basey-Sohoton Road","ref":null,"highway":"secondary","length":167.13327220783123,"oneway":false},"geometry":{"type":"LineString","coordinates":[[125.14308,11.332496],[125.1444966,11.3330704]]}},{"type":"Feature","properties":{"u":"2526305445","v":"2526403265","key":"0","osmid":337410414,"name":"Basey-Sohoton Road","ref":null,"highway":"secondary","length":402.3196251232793,"oneway":false},"geometry":{"type":"LineString","coordinates":[[125.14308,11.332496],[125.1396626,11.331131]]}},{"type":"Feature","properties":{"u":"2526305445","v":"2526403196","key":"0","osmid":245426126,"name":null,"ref":null,"highway":"secondary","length":1782.7939487107785,"oneway":false},"geometry":{"type":"LineString","coordinates":[[125.14308,11.332496],[125.1432984,11.3324278],[125.1434141,11.3323752],[125.1435011,11.3322923],[125.1436518,11.3320927],[125.1437697,11.3316828],[125.143818,11.3310559],[125.1439139,11.3304856],[125.1440728,11.3299631],[125.1445402,11.3291149],[125.1448095,11.3283248],[125.1449874,11.3276172],[125.1451436,11.3270853],[125.1450745,11.3264007],[125.1450501,11.3255138],[125.1449705,11.325238],[125.1448481,11.3249617],[125.1447453,11.3246119],[125.1447862,11.3235513],[125.1450196,11.3231383],[125.1452529,11.3226597],[125.1456338,11.3215893],[125.1457626,11.3205767],[125.1458994,11.3200454],[125.146217,11.3195246],[125.1470763,11.3181258],[125.147329,11.3176621]]}},{"type":"Feature","properties":{"u":"2526305630","v":"2526305637","key":"0","osmid":245426113,"name":null,"ref":null,"highway":"residential","length":112.89326606881014,"oneway":false},"geometry":{"type":"LineString","coordinates":[[125.1508659,11.3367549],[125.1514366,11.3369085],[125.1518634,11.3370273]]}},{"type":"Feature","properties":{"u":"2526305637","v":"2526305666","key":"0","osmid":245426113,"name":null,"ref":null,"highway":"residential","length":377.28146511365526,"oneway":false},"geometry":{"type":"LineString","coordinates":[[125.1518634,11.3370273],[125.1524165,11.3371932],[125.1529367,11.3373195],[125.1535555,11.3374705],[125.1542247,11.3376315],[125.1544469,11.3377182],[125.1545783,11.3378147],[125.1548257,11.3380301],[125.1550125,11.3382415]]}},{"type":"Feature","properties":{"u":"2526305637","v":"2526305630","key":"0","osmid":245426113,"name":null,"ref":null,"highway":"residential","length":112.89326606881014,"oneway":false},"geometry":{"type":"LineString","coordinates":[[125.1518634,11.3370273],[125.1514366,11.3369085],[125.1508659,11.3367549]]}},{"type":"Feature","properties":{"u":"2526305637","v":"2526322839","key":"0","osmid":245426117,"name":null,"ref":null,"highway":"residential","length":339.0664802421824,"oneway":false},"geometry":{"type":"LineString","coordinates":[[125.1518634,11.3370273],[125.151919,11.3367525],[125.151886,11.3366628],[125.1518311,11.3366286],[125.1516098,11.336526],[125.1512119,11.3363315],[125.1511386,11.3362795],[125.1510856,11.3362077],[125.1510957,11.3361235],[125.1511588,11.3359106],[125.1511578,11.3357423],[125.1511487,11.3355168],[125.151078,11.3351677],[125.1510565,11.3349878],[125.1510417,11.3347383],[125.1510253,11.3344695]]}},{"type":"Feature","properties":{"u":"2526305660","v":"2526305666","key":"0","osmid":245426120,"name":null,"ref":null,"highway":"tertiary","length":49.62941920599727,"oneway":false},"geometry":{"type":"LineString","coordinates":[[125.1552539,11.3378631],[125.1550125,11.3382415]]}},{"type":"Feature","properties":{"u":"2526305660","v":"8445431911","key":"0","osmid":909585010,"name":null,"ref":null,"highway":"residential","length":80.58335395957755,"oneway":false},"geometry":{"type":"LineString","coordinates":[[125.1552539,11.3378631],[125.1546286,11.3374767]]}},{"type":"Feature","properties":{"u":"2526305660","v":"1170165105","key":"0","osmid":[245426120,953254490,101342400],"name":null,"ref":null,"highway":"tertiary","length":3263.981626737219,"oneway":false},"geometry":{"type":"LineString","coordinates":[[125.1552539,11.3378631],[125.1553847,11.3376675],[125.1555062,11.3374399],[125.1555347,11.3372473],[125.155524,11.3368726],[125.1554945,11.3364305],[125.1554222,11.3359555],[125.1553771,11.3356968],[125.1553276,11.3355874],[125.1552133,11.3354649],[125.1550486,11.3353016],[125.1548382,11.3350521],[125.1547056,11.3348985],[125.1546071,11.3348539],[125.1544275,11.3348022],[125.1543107,11.3347456],[125.1542665,11.3346588],[125.1542598,11.3344379],[125.1542518,11.3342157],[125.1542357,11.3338949],[125.1541471,11.3334215],[125.1539111,11.3331769],[125.1536214,11.3329402],[125.1535678,11.3326246],[125.153718,11.3322617],[125.1537019,11.3319619],[125.1537341,11.3317094],[125.1537287,11.3314569],[125.1537341,11.3310624],[125.1536053,11.3304891],[125.1535141,11.3301314],[125.1533049,11.3294056],[125.1533371,11.3286744],[125.1531601,11.3277382],[125.1533049,11.326865],[125.1531815,11.3256815],[125.1531815,11.3254291],[125.1532298,11.3251976],[125.1532191,11.3243929],[125.1531601,11.3239984],[125.1528436,11.3224361],[125.152629,11.3208581],[125.1526317,11.3202243],[125.1526934,11.3191696],[125.1527363,11.3183649],[125.1526612,11.3174654],[125.1525928,11.3164765],[125.1527524,11.3156664],[125.1528195,11.3153127],[125.1530635,11.3149984],[125.1533961,11.3147038],[125.1535785,11.314567],[125.1538736,11.3138622],[125.1541874,11.3132678],[125.1545387,11.3128049],[125.1548123,11.3124367],[125.1550054,11.3123262],[125.1551986,11.3122157],[125.1553514,11.3121318],[125.1554479,11.3118898],[125.1555847,11.3112112],[125.1556786,11.311035],[125.1558114,11.3109264],[125.1558973,11.3109053],[125.1561118,11.3109895]]}},{"type":"Feature","properties":{"u":"2526305666","v":"2526305660","key":"0","osmid":245426120,"name":null,"ref":null,"highway":"tertiary","length":49.62941920599727,"oneway":false},"geometry":{"type":"LineString","coordinates":[[125.1550125,11.3382415],[125.1552539,11.3378631]]}},{"type":"Feature","properties":{"u":"2526305666","v":"2526305637","key":"0","osmid":245426113,"name":null,"ref":null,"highway":"residential","length":377.28146511365526,"oneway":false},"geometry":{"type":"LineString","coordinates":[[125.1550125,11.3382415],[125.1548257,11.3380301],[125.1545783,11.3378147],[125.1544469,11.3377182],[125.1542247,11.3376315],[125.1535555,11.3374705],[125.1529367,11.3373195],[125.1524165,11.3371932],[125.1518634,11.3370273]]}},{"type":"Feature","properties":{"u":"2526305666","v":"8445169319","key":"0","osmid":245426125,"name":null,"ref":null,"highway":"residential","length":283.0545147412819,"oneway":false},"geometry":{"type":"LineString","coordinates":[[125.1550125,11.3382415],[125.1546931,11.338757],[125.1533344,11.3382618],[125.1532727,11.3382249],[125.1532124,11.3381382],[125.1528825,11.3380172]]}},{"type":"Feature","properties":{"u":"2526305666","v":"5078007603","key":"0","osmid":245426131,"name":null,"ref":null,"highway":"tertiary","length":756.5212731650164,"oneway":false},"geometry":{"type":"LineString","coordinates":[[125.1550125,11.3382415],[125.1552778,11.3385254],[125.1554561,11.3386891],[125.155899,11.3391894],[125.1560871,11.3393288],[125.1570822,11.3396581],[125.157355,11.3397745],[125.1576909,11.3398958],[125.157908,11.3400048],[125.1580886,11.3401417],[125.158217,11.3403006],[125.1584467,11.340655],[125.1585676,11.3408391],[125.1586653,11.3409745],[125.1587807,11.3410665],[125.1589684,11.3411546],[125.1591415,11.3412572],[125.1592956,11.3414071],[125.1594807,11.3415951],[125.1596242,11.3416608],[125.1597382,11.3416871],[125.1599582,11.3416648],[125.1600292,11.3416924],[125.1600648,11.3417286],[125.1600163,11.3422344]]}},{"type":"Feature","properties":{"u":"2526322839","v":"2526305637","key":"0","osmid":245426117,"name":null,"ref":null,"highway":"residential","length":339.0664802421825,"oneway":false},"geometry":{"type":"LineString","coordinates":[[125.1510253,11.3344695],[125.1510417,11.3347383],[125.1510565,11.3349878],[125.151078,11.3351677],[125.1511487,11.3355168],[125.1511578,11.3357423],[125.1511588,11.3359106],[125.1510957,11.3361235],[125.1510856,11.3362077],[125.1511386,11.3362795],[125.1512119,11.3363315],[125.1516098,11.336526],[125.1518311,11.3366286],[125.151886,11.3366628],[125.151919,11.3367525],[125.1518634,11.3370273]]}},{"type":"Feature","properties":{"u":"2526385900","v":"2526385969","key":"0","osmid":245439737,"name":null,"ref":null,"highway":"unclassified","length":1034.6801253928886,"oneway":false},"geometry":{"type":"LineString","coordinates":[[125.1132739,11.32564],[125.1132946,11.3259785],[125.113395,11.3267414],[125.1134818,11.3275065],[125.1137132,11.3291457],[125.1137196,11.3308941],[125.1137276,11.3313859],[125.1140019,11.3341689],[125.1140539,11.334903]]}},{"type":"Feature","properties":{"u":"2526385900","v":"2526403265","key":"0","osmid":[337410414,337410415],"name":"Basey-Sohoton Road","ref":null,"highway":"secondary","length":2941.811993627008,"oneway":false},"geometry":{"type":"LineString","coordinates":[[125.1132739,11.32564],[125.1216333,11.3273596],[125.1277283,11.3285691],[125.1287895,11.3287797],[125.1393745,11.3310141],[125.1396626,11.331131]]}},{"type":"Feature","properties":{"u":"2526385900","v":"8314834442","key":"0","osmid":337410415,"name":"Basey-Sohoton Road","ref":null,"highway":"secondary","length":687.9581738117112,"oneway":false},"geometry":{"type":"LineString","coordinates":[[125.1132739,11.32564],[125.1109662,11.3251536],[125.1106116,11.3250809],[125.1100569,11.3249629],[125.1091462,11.3247814],[125.1085414,11.3246525],[125.1081632,11.3245895],[125.1071015,11.3243579]]}},{"type":"Feature","properties":{"u":"2526385969","v":"2526385900","key":"0","osmid":245439737,"name":null,"ref":null,"highway":"unclassified","length":1034.6801253928886,"oneway":false},"geometry":{"type":"LineString","coordinates":[[125.1140539,11.334903],[125.1140019,11.3341689],[125.1137276,11.3313859],[125.1137196,11.3308941],[125.1137132,11.3291457],[125.1134818,11.3275065],[125.113395,11.3267414],[125.1132946,11.3259785],[125.1132739,11.32564]]}},{"type":"Feature","properties":{"u":"2526385969","v":"4848524282","key":"0","osmid":[245439738,894563850],"name":null,"ref":null,"highway":"unclassified","length":1421.7251336094862,"oneway":false},"geometry":{"type":"LineString","coordinates":[[125.1140539,11.334903],[125.1138836,11.3349205],[125.1134451,11.3349946],[125.1128668,11.335111],[125.112499,11.3351083],[125.1118427,11.3350807],[125.1113,11.33511],[125.1108927,11.3351055],[125.1104338,11.3350528],[125.1098252,11.3351115],[125.1091136,11.3353051],[125.1090377,11.3353248],[125.1089473,11.3352992],[125.1088111,11.3352072],[125.1085469,11.3350888],[125.1082787,11.3350836],[125.1080091,11.3351453],[125.1077382,11.3351493],[125.1073064,11.3351322],[125.1069818,11.3350467],[125.1064803,11.3348403],[125.1063086,11.3347956],[125.1060518,11.3348094],[125.1058908,11.3348218],[125.105693,11.334864],[125.1055911,11.3349771],[125.1055368,11.3351815],[125.105461,11.3356976],[125.1053551,11.3360053],[125.1051794,11.3362499],[125.1050198,11.3363781],[125.1046336,11.3365708],[125.1040328,11.3367272],[125.1037257,11.3367877],[125.1035238,11.3370389],[125.1034145,11.3372729],[125.1033615,11.337363],[125.1032294,11.337457],[125.1031,11.3375175],[125.1029062,11.3375543],[125.1027467,11.3376359]]}},{"type":"Feature","properties":{"u":"2526385969","v":"2526385974","key":"0","osmid":894563849,"name":null,"ref":null,"highway":"residential","length":217.02536600252955,"oneway":false},"geometry":{"type":"LineString","coordinates":[[125.1140539,11.334903],[125.1142479,11.3349807],[125.1146613,11.3350614],[125.1154927,11.3350867],[125.1160204,11.335089]]}},{"type":"Feature","properties":{"u":"2526385974","v":"2526385969","key":"0","osmid":894563849,"name":null,"ref":null,"highway":"residential","length":217.02536600252958,"oneway":false},"geometry":{"type":"LineString","coordinates":[[125.1160204,11.335089],[125.1154927,11.3350867],[125.1146613,11.3350614],[125.1142479,11.3349807],[125.1140539,11.334903]]}},{"type":"Feature","properties":{"u":"2526403117","v":"278505668","key":"0","osmid":61414429,"name":"Basey-Marabut Road","ref":"670","highway":"primary","length":23.84959615609738,"oneway":false},"geometry":{"type":"LineString","coordinates":[[125.1198216,11.2959928],[125.1197729,11.2962019]]}},{"type":"Feature","properties":{"u":"2526403117","v":"2526433935","key":"0","osmid":[61414433,61414429,245446871],"name":"Basey-Marabut Road","ref":"670","highway":"primary","length":551.1208690992869,"oneway":false},"geometry":{"type":"LineString","coordinates":[[125.1198216,11.2959928],[125.1198222,11.2959556],[125.119826,11.2957339],[125.1196995,11.2946222],[125.1195374,11.2927926],[125.1195347,11.2927641],[125.1194966,11.292359],[125.119412,11.291453],[125.1194283,11.2912504],[125.119488,11.2910656]]}},{"type":"Feature","properties":{"u":"2526403117","v":"8324334643","key":"0","osmid":505422560,"name":null,"ref":null,"highway":"residential","length":101.70664658174198,"oneway":false},"geometry":{"type":"LineString","coordinates":[[125.1198216,11.2959928],[125.1190446,11.2960304],[125.118891,11.2960492]]}},{"type":"Feature","properties":{"u":"2526403196","v":"5078007463","key":"0","osmid":521114269,"name":null,"ref":null,"highway":"residential","length":28.713209467249992,"oneway":false},"geometry":{"type":"LineString","coordinates":[[125.147329,11.3176621],[125.1470661,11.3176771]]}},{"type":"Feature","properties":{"u":"2526403196","v":"2526305445","key":"0","osmid":245426126,"name":null,"ref":null,"highway":"secondary","length":1782.7939487107783,"oneway":false},"geometry":{"type":"LineString","coordinates":[[125.147329,11.3176621],[125.1470763,11.3181258],[125.146217,11.3195246],[125.1458994,11.3200454],[125.1457626,11.3205767],[125.1456338,11.3215893],[125.1452529,11.3226597],[125.1450196,11.3231383],[125.1447862,11.3235513],[125.1447453,11.3246119],[125.1448481,11.3249617],[125.1449705,11.325238],[125.1450501,11.3255138],[125.1450745,11.3264007],[125.1451436,11.3270853],[125.1449874,11.3276172],[125.1448095,11.3283248],[125.1445402,11.3291149],[125.1440728,11.3299631],[125.1439139,11.3304856],[125.143818,11.3310559],[125.1437697,11.3316828],[125.1436518,11.3320927],[125.1435011,11.3322923],[125.1434141,11.3323752],[125.1432984,11.3324278],[125.14308,11.332496]]}},{"type":"Feature","properties":{"u":"2526403196","v":"6065050683","key":"0","osmid":[645108098,521114270],"name":null,"ref":null,"highway":["residential","unclassified"],"length":993.0435316337165,"oneway":false},"geometry":{"type":"LineString","coordinates":[[125.147329,11.3176621],[125.148367,11.3178415],[125.1514005,11.3182675],[125.1513818,11.318662],[125.151422,11.3195563],[125.1514354,11.3201033],[125.1514042,11.3213308],[125.1514002,11.3214883],[125.1513941,11.3216647],[125.151389,11.322449],[125.1513697,11.3227679],[125.1513473,11.3231566]]}},{"type":"Feature","properties":{"u":"2526403196","v":"5078007428","key":"0","osmid":[902898761,902898762,245442593],"name":null,"ref":null,"highway":"secondary","length":65.42837691611155,"oneway":false},"geometry":{"type":"LineString","coordinates":[[125.147329,11.3176621],[125.147448,11.3174867],[125.1475703,11.3172735],[125.1476267,11.3171524]]}},{"type":"Feature","properties":{"u":"2526403265","v":"2526305445","key":"0","osmid":337410414,"name":"Basey-Sohoton Road","ref":null,"highway":"secondary","length":402.3196251232793,"oneway":false},"geometry":{"type":"LineString","coordinates":[[125.1396626,11.331131],[125.14308,11.332496]]}},{"type":"Feature","properties":{"u":"2526403265","v":"2526385900","key":"0","osmid":[337410414,337410415],"name":"Basey-Sohoton Road","ref":null,"highway":"secondary","length":2941.811993627008,"oneway":false},"geometry":{"type":"LineString","coordinates":[[125.1396626,11.331131],[125.1393745,11.3310141],[125.1287895,11.3287797],[125.1277283,11.3285691],[125.1216333,11.3273596],[125.1132739,11.32564]]}},{"type":"Feature","properties":{"u":"2526403265","v":"12971289959","key":"0","osmid":1411603877,"name":null,"ref":null,"highway":"service","length":174.6232293715694,"oneway":false},"geometry":{"type":"LineString","coordinates":[[125.1396626,11.331131],[125.1395345,11.3315043],[125.1393682,11.3318067],[125.1393333,11.3319499],[125.1392452,11.3321678],[125.1391196,11.3324525],[125.1390785,11.3325878]]}},{"type":"Feature","properties":{"u":"2526403317","v":"12971289959","key":"0","osmid":[245442594,1411603877],"name":null,"ref":null,"highway":["service","path"],"length":1133.8936242299098,"oneway":false},"geometry":{"type":"LineString","coordinates":[[125.1334655,11.3401571],[125.1337435,11.3399975],[125.1346649,11.339207],[125.1348396,11.3389306],[125.1350541,11.338144],[125.13507,11.3375288],[125.1351891,11.3372562],[125.1355624,11.3369564],[125.1362693,11.3365125],[125.1363924,11.336275],[125.1364441,11.336088],[125.1363488,11.3353443],[125.13646,11.3351107],[125.1366307,11.3349354],[125.1373694,11.3346862],[125.1379572,11.3342112],[125.1383154,11.3339847],[125.1387431,11.3336648],[125.1390087,11.333218],[125.1390865,11.333048],[125.1390758,11.3328403],[125.1390651,11.3326601],[125.1390785,11.3325878]]}},{"type":"Feature","properties":{"u":"2526433935","v":"2526403117","key":"0","osmid":[61414433,61414429,245446871],"name":"Basey-Marabut Road","ref":"670","highway":"primary","length":551.1208690992869,"oneway":false},"geometry":{"type":"LineString","coordinates":[[125.119488,11.2910656],[125.1194283,11.2912504],[125.119412,11.291453],[125.1194966,11.292359],[125.1195347,11.2927641],[125.1195374,11.2927926],[125.1196995,11.2946222],[125.119826,11.2957339],[125.1198222,11.2959556],[125.1198216,11.2959928]]}},{"type":"Feature","properties":{"u":"2526433935","v":"12971310207","key":"0","osmid":245446871,"name":"Basey-Marabut Road","ref":"670","highway":"primary","length":69.25773277083347,"oneway":false},"geometry":{"type":"LineString","coordinates":[[125.119488,11.2910656],[125.1196213,11.2908908],[125.119786,11.2907595],[125.1199762,11.2906979]]}},{"type":"Feature","properties":{"u":"2526433935","v":"8323919589","key":"0","osmid":[387039688,245453976],"name":null,"ref":null,"highway":"unclassified","length":1703.5893859592938,"oneway":false},"geometry":{"type":"LineString","coordinates":[[125.119488,11.2910656],[125.1193356,11.2910877],[125.1190005,11.2913666],[125.1185501,11.2917089],[125.1177843,11.2923246],[125.1171199,11.2927994],[125.1167511,11.2929982],[125.1162331,11.2931335],[125.1159042,11.2931558],[125.1157039,11.2931694],[125.1152731,11.2930672],[125.1144117,11.2926724],[125.1131476,11.291916],[125.1121792,11.2913362],[125.1114022,11.290831],[125.1109742,11.2904611],[125.1101578,11.2894285],[125.1095469,11.288777],[125.1094061,11.2886721],[125.108159,11.2883159],[125.1076494,11.2881586],[125.107348,11.2881156],[125.1066879,11.2881728],[125.1062573,11.288109]]}},{"type":"Feature","properties":{"u":"2526452750","v":"1684194061","key":"0","osmid":246062283,"name":null,"ref":null,"highway":"tertiary","length":55.50410274508444,"oneway":false},"geometry":{"type":"LineString","coordinates":[[125.0199841,11.285121],[125.0197613,11.2846722]]}},{"type":"Feature","properties":{"u":"2526452750","v":"278505381","key":"0","osmid":387032401,"name":"San Juanico-Basey Road","ref":"670","highway":"primary","length":89.39318281863049,"oneway":false},"geometry":{"type":"LineString","coordinates":[[125.0199841,11.285121],[125.0200003,11.2849835],[125.020026,11.284914],[125.0200928,11.2847815],[125.0201639,11.2846779],[125.020274,11.2845509],[125.0203951,11.2844557]]}},{"type":"Feature","properties":{"u":"2526452750","v":"8336729221","key":"0","osmid":387032401,"name":"San Juanico-Basey Road","ref":"670","highway":"primary","length":205.5744962569359,"oneway":false},"geometry":{"type":"LineString","coordinates":[[125.0199841,11.285121],[125.0199782,11.2851998],[125.0199831,11.2852928],[125.0200179,11.2855032],[125.0204111,11.2863359],[125.0205096,11.2866701],[125.0205438,11.2868652]]}},{"type":"Feature","properties":{"u":"2526468582","v":"4848524306","key":"0","osmid":[245442592,245451245],"name":null,"ref":null,"highway":"tertiary","length":1715.432158835854,"oneway":false},"geometry":{"type":"LineString","coordinates":[[125.0873931,11.3460483],[125.0875114,11.345588],[125.0878353,11.3449798],[125.0881646,11.3444793],[125.0887218,11.3436246],[125.0888974,11.3432548],[125.0890402,11.3428162],[125.0892158,11.3425229],[125.0893119,11.342348],[125.0896303,11.3421865],[125.0901216,11.3419766],[125.0904729,11.3419147],[125.0910054,11.3419093],[125.0913155,11.3418205],[125.0916504,11.341659],[125.0918949,11.3412643],[125.0920374,11.3408302],[125.0921214,11.3404869],[125.0922711,11.340204],[125.0924847,11.3399744],[125.0928937,11.3397564],[125.0932834,11.3396407],[125.0934015,11.3396542],[125.0936674,11.3397204],[125.0938049,11.3397591],[125.0939559,11.3397053],[125.0940576,11.3396457],[125.0940931,11.3395438],[125.0942194,11.3391832],[125.094428,11.3387473],[125.0944412,11.3385681],[125.0944519,11.3382315],[125.0945699,11.337695],[125.0947308,11.3373321],[125.0948891,11.337198],[125.095101,11.337148],[125.0954014,11.337123],[125.0956106,11.337006],[125.0956925,11.3366602],[125.0958842,11.3358186],[125.0961779,11.3352216]]}},{"type":"Feature","properties":{"u":"2526468582","v":"2526468716","key":"0","osmid":245451245,"name":null,"ref":null,"highway":"tertiary","length":393.9787482633342,"oneway":false},"geometry":{"type":"LineString","coordinates":[[125.0873931,11.3460483],[125.0872397,11.3465298],[125.0869323,11.3473017],[125.0866057,11.3476784],[125.0863329,11.3479698],[125.0860472,11.3483905],[125.0853678,11.3488595]]}},{"type":"Feature","properties":{"u":"2526468582","v":"8449048402","key":"0","osmid":[782580208,782580209,782580210,782580207],"name":null,"ref":null,"highway":["residential","path"],"length":1874.2240441915908,"oneway":false},"geometry":{"type":"LineString","coordinates":[[125.0873931,11.3460483],[125.0872005,11.346138],[125.0869792,11.3462722],[125.0868975,11.3464747],[125.086764,11.346597],[125.0864019,11.346547],[125.0862249,11.3460921],[125.0860444,11.3459915],[125.0857106,11.3460697],[125.0854437,11.3459658],[125.085264,11.3458554],[125.085042,11.3454886],[125.0849113,11.3453899],[125.0847423,11.3453952],[125.0843172,11.3456253],[125.0839993,11.3454951],[125.0837968,11.345549],[125.0836506,11.3456661],[125.0834937,11.3456936],[125.0833074,11.3457252],[125.0829137,11.3457765],[125.0827279,11.3457594],[125.0824557,11.3457094],[125.0822619,11.3456319],[125.0820084,11.3451914],[125.0817389,11.3447667],[125.0814666,11.3444287],[125.0813513,11.3443183],[125.0812132,11.3442473],[125.0811703,11.3440658],[125.0812239,11.3436345],[125.0812936,11.3432808],[125.0812816,11.3431934],[125.0812433,11.3430586],[125.081183,11.3429745],[125.0810529,11.3429107],[125.0807277,11.3428837],[125.0804554,11.342939],[125.0802885,11.3430599],[125.080149,11.3433018],[125.0799599,11.3435201],[125.0797507,11.343695],[125.0796012,11.3437647],[125.0793309,11.3436845],[125.0787442,11.3434702],[125.0785927,11.3434439],[125.0784049,11.3434426],[125.0780696,11.3435188],[125.0778993,11.3434886],[125.0777411,11.3433689],[125.0775627,11.343248],[125.0774755,11.3432243],[125.0773092,11.3432848],[125.0771952,11.343365],[125.0771188,11.3436608],[125.0769766,11.3439041],[125.0768291,11.3441644],[125.076585,11.3442394],[125.0763356,11.3442381],[125.0759534,11.3441592],[125.0757991,11.3441303],[125.0755336,11.3441868],[125.0754168,11.3442318],[125.0751119,11.3442458],[125.0749255,11.3442016],[125.0745392,11.3439751]]}},{"type":"Feature","properties":{"u":"2526468716","v":"2526468582","key":"0","osmid":245451245,"name":null,"ref":null,"highway":"tertiary","length":393.9787482633342,"oneway":false},"geometry":{"type":"LineString","coordinates":[[125.0853678,11.3488595],[125.0860472,11.3483905],[125.0863329,11.3479698],[125.0866057,11.3476784],[125.0869323,11.3473017],[125.0872397,11.3465298],[125.0873931,11.3460483]]}},{"type":"Feature","properties":{"u":"2526468716","v":"4848524051","key":"0","osmid":246031910,"name":null,"ref":null,"highway":"tertiary","length":456.19736355900534,"oneway":false},"geometry":{"type":"LineString","coordinates":[[125.0853678,11.3488595],[125.0852747,11.3491939],[125.0852533,11.349537],[125.0852391,11.3499302],[125.0853042,11.3502234],[125.085327,11.3505653],[125.0853351,11.3508966],[125.0853464,11.3513213],[125.0853177,11.3515403],[125.0852238,11.3517066],[125.0850602,11.3519183],[125.0849234,11.3519854],[125.0847289,11.3520117],[125.0845868,11.3520169],[125.0843761,11.3519972],[125.0841307,11.3519157]]}},{"type":"Feature","properties":{"u":"2526468716","v":"8314859137","key":"0","osmid":782580220,"name":null,"ref":null,"highway":"residential","length":70.78305927508393,"oneway":false},"geometry":{"type":"LineString","coordinates":[[125.0853678,11.3488595],[125.0849068,11.3488534],[125.0847194,11.3488706]]}},{"type":"Feature","properties":{"u":"2526489267","v":"2526489314","key":"0","osmid":245454687,"name":null,"ref":null,"highway":"residential","length":604.056124067693,"oneway":false},"geometry":{"type":"LineString","coordinates":[[125.0961578,11.2889122],[125.0967548,11.2889846],[125.0979906,11.289227],[125.0985042,11.2894253],[125.0991108,11.2896142],[125.0994808,11.2896421],[125.1001884,11.2898679],[125.1008558,11.2900798],[125.1015061,11.2902483]]}},{"type":"Feature","properties":{"u":"2526489314","v":"2526489403","key":"0","osmid":245454686,"name":null,"ref":null,"highway":"residential","length":641.1226103877445,"oneway":false},"geometry":{"type":"LineString","coordinates":[[125.1015061,11.2902483],[125.1012298,11.2908638],[125.101203,11.29114],[125.1011628,11.291422],[125.1008867,11.2922547],[125.1005968,11.2930601],[125.1003447,11.2937492],[125.1001596,11.2939991],[125.0999371,11.2944935],[125.0998072,11.2949851],[125.0998163,11.2950933],[125.0996514,11.2954839],[125.0995776,11.2956496]]}},{"type":"Feature","properties":{"u":"2526489314","v":"2526489267","key":"0","osmid":245454687,"name":null,"ref":null,"highway":"residential","length":604.0561240676928,"oneway":false},"geometry":{"type":"LineString","coordinates":[[125.1015061,11.2902483],[125.1008558,11.2900798],[125.1001884,11.2898679],[125.0994808,11.2896421],[125.0991108,11.2896142],[125.0985042,11.2894253],[125.0979906,11.289227],[125.0967548,11.2889846],[125.0961578,11.2889122]]}},{"type":"Feature","properties":{"u":"2526489314","v":"12284535613","key":"0","osmid":[1327757943,245454687],"name":null,"ref":null,"highway":["residential","path"],"length":570.9658203954933,"oneway":false},"geometry":{"type":"LineString","coordinates":[[125.1015061,11.2902483],[125.1018374,11.2903338],[125.102355,11.2904613],[125.1029242,11.2905018],[125.1032901,11.2905616],[125.1034482,11.2908068],[125.1037337,11.2912859],[125.1039898,11.2917699],[125.1039992,11.291929],[125.1041535,11.2920316],[125.104659,11.2930114],[125.1048133,11.293356],[125.1047999,11.2935006]]}},{"type":"Feature","properties":{"u":"2526489403","v":"8323919588","key":"0","osmid":895481997,"name":"Basey-Marabut Road","ref":"670","highway":"primary","length":677.6861433510704,"oneway":false},"geometry":{"type":"LineString","coordinates":[[125.0995776,11.2956496],[125.0934601,11.2945746]]}},{"type":"Feature","properties":{"u":"2526489403","v":"2526489314","key":"0","osmid":245454686,"name":null,"ref":null,"highway":"residential","length":641.1226103877447,"oneway":false},"geometry":{"type":"LineString","coordinates":[[125.0995776,11.2956496],[125.0996514,11.2954839],[125.0998163,11.2950933],[125.0998072,11.2949851],[125.0999371,11.2944935],[125.1001596,11.2939991],[125.1003447,11.2937492],[125.1005968,11.2930601],[125.1008867,11.2922547],[125.1011628,11.291422],[125.101203,11.29114],[125.1012298,11.2908638],[125.1015061,11.2902483]]}},{"type":"Feature","properties":{"u":"2526489403","v":"4953817648","key":"0","osmid":[61414429,895481997,895481998],"name":"Basey-Marabut Road","ref":"670","highway":"primary","length":2004.9009040034462,"oneway":false},"geometry":{"type":"LineString","coordinates":[[125.0995776,11.2956496],[125.1170867,11.298717],[125.1172096,11.2987418],[125.1173879,11.29876],[125.1175764,11.298696],[125.1176542,11.2986405]]}},{"type":"Feature","properties":{"u":"2528344603","v":"1684194221","key":"0","osmid":156132407,"name":null,"ref":null,"highway":"residential","length":86.3387381452869,"oneway":false},"geometry":{"type":"LineString","coordinates":[[125.0102162,11.2761057],[125.0105681,11.276222],[125.0109567,11.2763793]]}},{"type":"Feature","properties":{"u":"2528344611","v":"1684194059","key":"0","osmid":156132398,"name":null,"ref":null,"highway":"residential","length":31.43730954702206,"oneway":false},"geometry":{"type":"LineString","coordinates":[[125.0113919,11.276873],[125.0114486,11.2765958]]}},{"type":"Feature","properties":{"u":"2528344611","v":"8382619918","key":"0","osmid":156132398,"name":null,"ref":null,"highway":"residential","length":46.232607164528225,"oneway":false},"geometry":{"type":"LineString","coordinates":[[125.0113919,11.276873],[125.0112257,11.2772555]]}},{"type":"Feature","properties":{"u":"2528344611","v":"1684194259","key":"0","osmid":156132416,"name":null,"ref":null,"highway":"residential","length":63.12926076552517,"oneway":false},"geometry":{"type":"LineString","coordinates":[[125.0113919,11.276873],[125.0108501,11.276673]]}},{"type":"Feature","properties":{"u":"2528344611","v":"8382612215","key":"0","osmid":156132416,"name":null,"ref":null,"highway":"residential","length":69.45215957691897,"oneway":false},"geometry":{"type":"LineString","coordinates":[[125.0113919,11.276873],[125.011984,11.2771031]]}},{"type":"Feature","properties":{"u":"2530912165","v":"278505358","key":"0","osmid":[245997280,245997281,899728951],"name":"Cag-orom Tres","ref":null,"highway":"service","length":116.39737245670278,"oneway":false},"geometry":{"type":"LineString","coordinates":[[125.0672536,11.2839604],[125.067375,11.2838198],[125.0674742,11.2837579],[125.0675775,11.283731],[125.0677055,11.2837302],[125.0678406,11.2837336],[125.0678899,11.2837351],[125.0682322,11.2837497]]}},{"type":"Feature","properties":{"u":"2530912165","v":"8826483207","key":"0","osmid":245997281,"name":null,"ref":null,"highway":"service","length":85.12110855796017,"oneway":false},"geometry":{"type":"LineString","coordinates":[[125.0672536,11.2839604],[125.0671953,11.2841091],[125.0671336,11.2846404],[125.0671305,11.2847118]]}},{"type":"Feature","properties":{"u":"2530912165","v":"12284509545","key":"0","osmid":[1327755776,1327755777,1327755778,1327755779,1327755780],"name":null,"ref":null,"highway":"footway","length":220.52174241830554,"oneway":false},"geometry":{"type":"LineString","coordinates":[[125.0672536,11.2839604],[125.0672516,11.2840644],[125.0671879,11.2845924],[125.0671785,11.2847673],[125.0671899,11.2848857],[125.067198,11.2850041],[125.0671872,11.2851336],[125.0671632,11.2852528],[125.0671463,11.2853362],[125.0670826,11.2854927],[125.0670183,11.2855814],[125.0668902,11.285634],[125.0667708,11.2856386],[125.066711,11.285605]]}},{"type":"Feature","properties":{"u":"2530994744","v":"8318319971","key":"0","osmid":246010949,"name":null,"ref":null,"highway":"unclassified","length":42.13130150398698,"oneway":false},"geometry":{"type":"LineString","coordinates":[[125.0637899,11.3223592],[125.063577,11.3226754]]}},{"type":"Feature","properties":{"u":"2530994744","v":"8318319973","key":"0","osmid":245346598,"name":null,"ref":null,"highway":"unclassified","length":55.210817479102204,"oneway":false},"geometry":{"type":"LineString","coordinates":[[125.0637899,11.3223592],[125.0634467,11.3221803],[125.0633498,11.3221148]]}},{"type":"Feature","properties":{"u":"2530994744","v":"2525577710","key":"0","osmid":894895852,"name":null,"ref":null,"highway":"service","length":86.22840115513016,"oneway":false},"geometry":{"type":"LineString","coordinates":[[125.0637899,11.3223592],[125.0643737,11.3227369],[125.0644515,11.322784]]}},{"type":"Feature","properties":{"u":"2530994747","v":"8318319971","key":"0","osmid":246010949,"name":null,"ref":null,"highway":"unclassified","length":57.45835449874151,"oneway":false},"geometry":{"type":"LineString","coordinates":[[125.0632866,11.3231066],[125.063577,11.3226754]]}},{"type":"Feature","properties":{"u":"2530994747","v":"8318319970","key":"0","osmid":894892901,"name":null,"ref":null,"highway":"residential","length":82.95408159120979,"oneway":false},"geometry":{"type":"LineString","coordinates":[[125.0632866,11.3231066],[125.0629105,11.3237551]]}},{"type":"Feature","properties":{"u":"2530994747","v":"8318319974","key":"0","osmid":[245346596,246010949],"name":null,"ref":null,"highway":"unclassified","length":52.5443974843979,"oneway":false},"geometry":{"type":"LineString","coordinates":[[125.0632866,11.3231066],[125.0630443,11.322995],[125.0628618,11.322885]]}},{"type":"Feature","properties":{"u":"2531218894","v":"6426799829","key":"0","osmid":685743424,"name":null,"ref":null,"highway":"track","length":39.457190671727076,"oneway":false},"geometry":{"type":"LineString","coordinates":[[125.0658438,11.3419226],[125.0658542,11.3422773]]}},{"type":"Feature","properties":{"u":"2531218894","v":"8449003442","key":"0","osmid":246031910,"name":null,"ref":null,"highway":"tertiary","length":990.4782946553397,"oneway":false},"geometry":{"type":"LineString","coordinates":[[125.0658438,11.3419226],[125.0659467,11.3420895],[125.0663088,11.342388],[125.066683,11.342555],[125.0672409,11.3426838],[125.067703,11.3430226],[125.0680938,11.3431848],[125.0683393,11.3432045],[125.0700591,11.3433586],[125.0704381,11.3437502],[125.0709893,11.3447443],[125.0710215,11.3449428],[125.0711182,11.3451538],[125.0715539,11.3454359],[125.0720501,11.3463195],[125.0724196,11.3468082],[125.0725064,11.3469123]]}},{"type":"Feature","properties":{"u":"2531218894","v":"8449003444","key":"0","osmid":246031910,"name":null,"ref":null,"highway":"tertiary","length":316.9827253764908,"oneway":false},"geometry":{"type":"LineString","coordinates":[[125.0658438,11.3419226],[125.0657335,11.3407904],[125.0657724,11.3404038],[125.06594,11.3400606],[125.0659749,11.3397595],[125.065712,11.3394136],[125.0655199,11.3393209]]}},{"type":"Feature","properties":{"u":"2531225052","v":"8332945171","key":"0","osmid":246032712,"name":null,"ref":null,"highway":"unclassified","length":1098.8931116500178,"oneway":false},"geometry":{"type":"LineString","coordinates":[[125.0319886,11.3109691],[125.0320369,11.3108981],[125.0321978,11.3106955],[125.032407,11.3103273],[125.0326914,11.309988],[125.0328657,11.3098776],[125.0330213,11.3098066],[125.0332251,11.3097697],[125.0333673,11.3097513],[125.0336382,11.3096672],[125.033893,11.3095672],[125.0340593,11.3095409],[125.0341827,11.3096093],[125.0342417,11.3097329],[125.0342417,11.3099538],[125.0343168,11.310109],[125.0345448,11.3103273],[125.0346976,11.310372],[125.0348559,11.31033],[125.0354111,11.3099749],[125.0356525,11.3098223],[125.0359395,11.309775],[125.0362238,11.3098039],[125.0365001,11.3098407],[125.0366744,11.309754],[125.0370634,11.3093752],[125.0372297,11.3092043],[125.0373343,11.3091701],[125.0375059,11.3091858],[125.0377312,11.3092069],[125.0379056,11.3092621],[125.0381148,11.3093095],[125.0382543,11.3092832],[125.0383937,11.3091911],[125.0386673,11.3088518],[125.0388497,11.3087571],[125.0390884,11.3087177],[125.0394747,11.3088702],[125.0395779,11.3089018],[125.0396678,11.3088781],[125.0401399,11.3085888]]}},{"type":"Feature","properties":{"u":"2531225052","v":"2525588136","key":"0","osmid":[247044698,245348108],"name":null,"ref":null,"highway":"tertiary","length":1684.9359901194096,"oneway":false},"geometry":{"type":"LineString","coordinates":[[125.0319886,11.3109691],[125.0323682,11.3109415],[125.0325237,11.3109349],[125.0326471,11.3109678],[125.0327343,11.3110335],[125.0327893,11.3111058],[125.0327946,11.3112413],[125.0326511,11.3116319],[125.0325841,11.3118949],[125.0325492,11.3121737],[125.0325066,11.312695],[125.0325465,11.3131626],[125.0327101,11.3134545],[125.032863,11.3136202],[125.0330803,11.3137307],[125.0334451,11.3137938],[125.0337133,11.3137885],[125.0345394,11.3137491],[125.0346494,11.3137372],[125.0347459,11.3137017],[125.0351348,11.3134493],[125.0353253,11.3134072],[125.0355345,11.313444],[125.0357142,11.3135992],[125.035851,11.3137885],[125.036189,11.3142883],[125.036484,11.3146302],[125.036881,11.3150457],[125.0373155,11.315477],[125.0376266,11.3159242],[125.0378627,11.3163502],[125.0382006,11.3166132],[125.0388068,11.3171156],[125.0389811,11.3172392],[125.0391528,11.3172813],[125.0396356,11.3173076],[125.0401747,11.3173076],[125.0407433,11.3172287],[125.0412422,11.3171761],[125.0415373,11.3171813],[125.0418645,11.3172602],[125.0423849,11.3174233],[125.0427608,11.3175589]]}},{"type":"Feature","properties":{"u":"2531225052","v":"2539850294","key":"0","osmid":896427015,"name":null,"ref":null,"highway":"residential","length":34.85786659344328,"oneway":false},"geometry":{"type":"LineString","coordinates":[[125.0319886,11.3109691],[125.0318491,11.3110453],[125.0317258,11.3111453]]}},{"type":"Feature","properties":{"u":"2531425191","v":"10998028188","key":"0","osmid":245682713,"name":null,"ref":null,"highway":"tertiary","length":103.09170869182931,"oneway":false},"geometry":{"type":"LineString","coordinates":[[125.0172472,11.2837145],[125.0164181,11.283269]]}},{"type":"Feature","properties":{"u":"2531425191","v":"1684194061","key":"0","osmid":[245682713,156132404],"name":null,"ref":null,"highway":"tertiary","length":309.0177446041446,"oneway":false},"geometry":{"type":"LineString","coordinates":[[125.0172472,11.2837145],[125.0179263,11.284047],[125.018127,11.2841538],[125.0183094,11.2842748],[125.0186902,11.2845615],[125.0188538,11.2846615],[125.0190201,11.2847378],[125.0191623,11.2847904],[125.0192749,11.2847983],[125.0194225,11.2847798],[125.0197613,11.2846722]]}},{"type":"Feature","properties":{"u":"2531425191","v":"2531425212","key":"0","osmid":246062284,"name":null,"ref":null,"highway":"track","length":396.7705894511167,"oneway":false},"geometry":{"type":"LineString","coordinates":[[125.0172472,11.2837145],[125.0169436,11.2841337],[125.0163758,11.2845146],[125.0160411,11.2850011],[125.0155152,11.2854172],[125.0151685,11.285511],[125.0149833,11.2856869],[125.0147323,11.2861499]]}},{"type":"Feature","properties":{"u":"2531425212","v":"2531425191","key":"0","osmid":246062284,"name":null,"ref":null,"highway":"track","length":396.7705894511166,"oneway":false},"geometry":{"type":"LineString","coordinates":[[125.0147323,11.2861499],[125.0149833,11.2856869],[125.0151685,11.285511],[125.0155152,11.2854172],[125.0160411,11.2850011],[125.0163758,11.2845146],[125.0169436,11.2841337],[125.0172472,11.2837145]]}},{"type":"Feature","properties":{"u":"2531572912","v":"1170097794","key":"0","osmid":387040462,"name":null,"ref":null,"highway":"service","length":58.75796133197243,"oneway":false},"geometry":{"type":"LineString","coordinates":[[125.0652929,11.2794394],[125.0653768,11.2791904],[125.0654344,11.2790754],[125.0654649,11.2790238],[125.0654975,11.2789522]]}},{"type":"Feature","properties":{"u":"2531776316","v":"4953817674","key":"0","osmid":245214936,"name":null,"ref":null,"highway":"tertiary","length":55.34546308711202,"oneway":false},"geometry":{"type":"LineString","coordinates":[[125.1604381,11.2616397],[125.1601607,11.2620565]]}},{"type":"Feature","properties":{"u":"2531776316","v":"2524491244","key":"0","osmid":245214937,"name":null,"ref":null,"highway":"residential","length":35.62165653705751,"oneway":false},"geometry":{"type":"LineString","coordinates":[[125.1604381,11.2616397],[125.1601615,11.2614693]]}},{"type":"Feature","properties":{"u":"2531776316","v":"4953817676","key":"0","osmid":245214936,"name":null,"ref":null,"highway":"tertiary","length":74.90715319737599,"oneway":false},"geometry":{"type":"LineString","coordinates":[[125.1604381,11.2616397],[125.1606017,11.2613934],[125.160734,11.2610892],[125.1607494,11.2610426]]}},{"type":"Feature","properties":{"u":"2532572893","v":"8449201362","key":"0","osmid":[902552859,156132485],"name":null,"ref":null,"highway":"residential","length":258.9385746004742,"oneway":false},"geometry":{"type":"LineString","coordinates":[[125.0463479,11.2818365],[125.0462016,11.2818088],[125.0460112,11.2817746],[125.0454774,11.2816997],[125.0449678,11.2814735],[125.0448525,11.2814498],[125.0445226,11.2814288],[125.0440488,11.2813272]]}},{"type":"Feature","properties":{"u":"2532572893","v":"1684194663","key":"0","osmid":156132485,"name":null,"ref":null,"highway":"residential","length":231.39882903536034,"oneway":false},"geometry":{"type":"LineString","coordinates":[[125.0463479,11.2818365],[125.047147,11.2819035],[125.0477384,11.2819968],[125.04811,11.2820219],[125.0484585,11.2820258]]}},{"type":"Feature","properties":{"u":"2532572893","v":"2534977681","key":"0","osmid":246187217,"name":null,"ref":null,"highway":"residential","length":289.1414176463596,"oneway":false},"geometry":{"type":"LineString","coordinates":[[125.0463479,11.2818365],[125.0463152,11.2821881],[125.0463487,11.282208],[125.0468926,11.2823694],[125.0474962,11.2824332],[125.047864,11.282426],[125.048098,11.2824059],[125.0483866,11.2823748],[125.04857,11.2823614]]}},{"type":"Feature","properties":{"u":"2532616788","v":"8793712850","key":"0","osmid":246192729,"name":null,"ref":null,"highway":"residential","length":54.402000859110835,"oneway":false},"geometry":{"type":"LineString","coordinates":[[125.0165873,11.2954458],[125.0169046,11.2956515],[125.0169669,11.2957504]]}},{"type":"Feature","properties":{"u":"2532616801","v":"2532616828","key":"0","osmid":246192729,"name":null,"ref":null,"highway":"residential","length":49.09894894543891,"oneway":false},"geometry":{"type":"LineString","coordinates":[[125.0171815,11.2960013],[125.0174872,11.2963255]]}},{"type":"Feature","properties":{"u":"2532616801","v":"8793712850","key":"0","osmid":246192729,"name":null,"ref":null,"highway":"residential","length":36.42077000670266,"oneway":false},"geometry":{"type":"LineString","coordinates":[[125.0171815,11.2960013],[125.0170152,11.2958113],[125.0169669,11.2957504]]}},{"type":"Feature","properties":{"u":"2532616801","v":"8336727302","key":"0","osmid":[896880563,949888759],"name":null,"ref":null,"highway":"residential","length":73.5937613440409,"oneway":false},"geometry":{"type":"LineString","coordinates":[[125.0171815,11.2960013],[125.0170869,11.296111],[125.017066,11.2961385],[125.016985,11.2960898],[125.0169126,11.296029],[125.0168375,11.295933],[125.0167349,11.2957883]]}},{"type":"Feature","properties":{"u":"2532616828","v":"2532616801","key":"0","osmid":246192729,"name":null,"ref":null,"highway":"residential","length":49.09894894543891,"oneway":false},"geometry":{"type":"LineString","coordinates":[[125.0174872,11.2963255],[125.0171815,11.2960013]]}},{"type":"Feature","properties":{"u":"2532616828","v":"2525668742","key":"0","osmid":387032401,"name":"San Juanico-Basey Road","ref":"670","highway":"primary","length":999.3400667094786,"oneway":false},"geometry":{"type":"LineString","coordinates":[[125.0174872,11.2963255],[125.017659,11.2961116],[125.0179048,11.2958515],[125.0181567,11.2956393],[125.0184408,11.2954878],[125.0188646,11.2953162],[125.0190356,11.295184],[125.020623,11.2934088],[125.0208072,11.2932099],[125.0208974,11.2930057],[125.0209515,11.2928337],[125.0209793,11.292599],[125.02095,11.2920277],[125.0207638,11.2897509],[125.0207086,11.2888227]]}},{"type":"Feature","properties":{"u":"2532616828","v":"2525615067","key":"0","osmid":387032401,"name":"San Juanico-Basey Road","ref":"670","highway":"primary","length":866.7884173173344,"oneway":false},"geometry":{"type":"LineString","coordinates":[[125.0174872,11.2963255],[125.0160236,11.2981821],[125.015644,11.2986804],[125.015396,11.2989668],[125.0151525,11.299176],[125.0136966,11.3001016],[125.0131472,11.3004449],[125.011638,11.3012639],[125.0115444,11.3013075]]}},{"type":"Feature","properties":{"u":"2532616850","v":"8299752202","key":"0","osmid":246192730,"name":null,"ref":null,"highway":"residential","length":38.00345218981531,"oneway":false},"geometry":{"type":"LineString","coordinates":[[125.0159485,11.3075393],[125.0156021,11.3075015]]}},{"type":"Feature","properties":{"u":"2532616850","v":"2532616854","key":"0","osmid":949889803,"name":null,"ref":null,"highway":"residential","length":37.91924727652403,"oneway":false},"geometry":{"type":"LineString","coordinates":[[125.0159485,11.3075393],[125.0159047,11.3078776]]}},{"type":"Feature","properties":{"u":"2532616850","v":"8299752182","key":"0","osmid":893009457,"name":null,"ref":null,"highway":"residential","length":333.60655544437896,"oneway":false},"geometry":{"type":"LineString","coordinates":[[125.0159485,11.3075393],[125.0160067,11.307421],[125.0162092,11.3073079],[125.0162601,11.3072921],[125.0163192,11.3072882],[125.016574,11.3073684],[125.0170018,11.3075986],[125.0170742,11.3076347],[125.0171842,11.3076696],[125.0173786,11.3076748],[125.0177957,11.3076051],[125.0180639,11.3075078],[125.0182021,11.3074394],[125.0185387,11.3073526],[125.0187573,11.3073198]]}},{"type":"Feature","properties":{"u":"2532616853","v":"8299752199","key":"0","osmid":893009459,"name":null,"ref":null,"highway":"residential","length":26.7722290723961,"oneway":false},"geometry":{"type":"LineString","coordinates":[[125.0155384,11.3078645],[125.0154878,11.3081001]]}},{"type":"Feature","properties":{"u":"2532616853","v":"8299752202","key":"0","osmid":893009459,"name":null,"ref":null,"highway":"residential","length":40.95704328319855,"oneway":false},"geometry":{"type":"LineString","coordinates":[[125.0155384,11.3078645],[125.0156021,11.3075015]]}},{"type":"Feature","properties":{"u":"2532616853","v":"8299752201","key":"0","osmid":949889804,"name":null,"ref":null,"highway":"residential","length":29.68894815354355,"oneway":false},"geometry":{"type":"LineString","coordinates":[[125.0155384,11.3078645],[125.0152664,11.3078523]]}},{"type":"Feature","properties":{"u":"2532616853","v":"2532616854","key":"0","osmid":949889804,"name":null,"ref":null,"highway":"residential","length":39.96663674954382,"oneway":false},"geometry":{"type":"LineString","coordinates":[[125.0155384,11.3078645],[125.0159047,11.3078776]]}},{"type":"Feature","properties":{"u":"2532616854","v":"2532616850","key":"0","osmid":949889803,"name":null,"ref":null,"highway":"residential","length":37.91924727652403,"oneway":false},"geometry":{"type":"LineString","coordinates":[[125.0159047,11.3078776],[125.0159485,11.3075393]]}},{"type":"Feature","properties":{"u":"2532616854","v":"2532616853","key":"0","osmid":949889804,"name":null,"ref":null,"highway":"residential","length":39.96663674954382,"oneway":false},"geometry":{"type":"LineString","coordinates":[[125.0159047,11.3078776],[125.0155384,11.3078645]]}},{"type":"Feature","properties":{"u":"2532616854","v":"8299752199","key":"0","osmid":[893009458,949889803],"name":null,"ref":null,"highway":"residential","length":72.7346911478665,"oneway":false},"geometry":{"type":"LineString","coordinates":[[125.0159047,11.3078776],[125.0158887,11.3081206],[125.0158779,11.3081417],[125.0158471,11.3081496],[125.0154878,11.3081001]]}},{"type":"Feature","properties":{"u":"2532616860","v":"8299752199","key":"0","osmid":893009459,"name":null,"ref":null,"highway":"residential","length":40.085027591861255,"oneway":false},"geometry":{"type":"LineString","coordinates":[[125.0154094,11.3084523],[125.0154878,11.3081001]]}},{"type":"Feature","properties":{"u":"2533971724","v":"1107290079","key":"0","osmid":95489181,"name":"Trece Martires Street","ref":null,"highway":"residential","length":50.81399683730154,"oneway":false},"geometry":{"type":"LineString","coordinates":[[125.0712876,11.2829052],[125.0711951,11.2828861],[125.070824,11.2829021]]}},{"type":"Feature","properties":{"u":"2533972626","v":"12284512626","key":"0","osmid":246351725,"name":null,"ref":null,"highway":"residential","length":15.732285897542889,"oneway":false},"geometry":{"type":"LineString","coordinates":[[125.0708983,11.2844174],[125.0707566,11.2843908]]}},{"type":"Feature","properties":{"u":"2533972626","v":"2533972639","key":"0","osmid":337410434,"name":null,"ref":null,"highway":"tertiary","length":9.137681426451305,"oneway":false},"geometry":{"type":"LineString","coordinates":[[125.0708983,11.2844174],[125.0709795,11.2844377]]}},{"type":"Feature","properties":{"u":"2533972626","v":"1107290005","key":"0","osmid":337410434,"name":null,"ref":null,"highway":"tertiary","length":64.51115262130135,"oneway":false},"geometry":{"type":"LineString","coordinates":[[125.0708983,11.2844174],[125.0709013,11.2843067],[125.0708713,11.2838382]]}},{"type":"Feature","properties":{"u":"2533972639","v":"2533972626","key":"0","osmid":337410434,"name":null,"ref":null,"highway":"tertiary","length":9.137681426451305,"oneway":false},"geometry":{"type":"LineString","coordinates":[[125.0709795,11.2844377],[125.0708983,11.2844174]]}},{"type":"Feature","properties":{"u":"2533972639","v":"2533972979","key":"0","osmid":246351737,"name":null,"ref":null,"highway":"tertiary","length":58.77413953156402,"oneway":false},"geometry":{"type":"LineString","coordinates":[[125.0709795,11.2844377],[125.070938,11.2845251],[125.0708937,11.2846157],[125.0707637,11.2849219]]}},{"type":"Feature","properties":{"u":"2533972639","v":"1107290005","key":"0","osmid":[953624613,95489205],"name":null,"ref":null,"highway":"residential","length":116.58659951122462,"oneway":false},"geometry":{"type":"LineString","coordinates":[[125.0709795,11.2844377],[125.0711,11.2844466],[125.071226,11.2840973],[125.0712253,11.2839172],[125.07117,11.2838502],[125.0708713,11.2838382]]}},{"type":"Feature","properties":{"u":"2533972979","v":"7207205231","key":"0","osmid":246351726,"name":null,"ref":null,"highway":"residential","length":21.835601664822622,"oneway":false},"geometry":{"type":"LineString","coordinates":[[125.0707637,11.2849219],[125.0707126,11.2849036],[125.0705714,11.2848678]]}},{"type":"Feature","properties":{"u":"2533972979","v":"1107290024","key":"0","osmid":246351737,"name":null,"ref":null,"highway":"tertiary","length":136.46044612150226,"oneway":false},"geometry":{"type":"LineString","coordinates":[[125.0707637,11.2849219],[125.0704904,11.2854493],[125.0704113,11.2854729],[125.0698492,11.2854124]]}},{"type":"Feature","properties":{"u":"2533972979","v":"2533972639","key":"0","osmid":246351737,"name":null,"ref":null,"highway":"tertiary","length":58.77413953156402,"oneway":false},"geometry":{"type":"LineString","coordinates":[[125.0707637,11.2849219],[125.0708937,11.2846157],[125.070938,11.2845251],[125.0709795,11.2844377]]}},{"type":"Feature","properties":{"u":"2533973394","v":"1107290024","key":"0","osmid":246351734,"name":"San Fernando Street","ref":null,"highway":"residential","length":45.86676276332321,"oneway":false},"geometry":{"type":"LineString","coordinates":[[125.0697732,11.2858181],[125.0698492,11.2854124]]}},{"type":"Feature","properties":{"u":"2533973404","v":"1107290136","key":"0","osmid":246351732,"name":"Suguijon Street","ref":null,"highway":"residential","length":47.25788908444929,"oneway":false},"geometry":{"type":"LineString","coordinates":[[125.069402,11.2857873],[125.0694559,11.2853656]]}},{"type":"Feature","properties":{"u":"2534866419","v":"2534866561","key":"0","osmid":246440943,"name":null,"ref":null,"highway":"residential","length":69.74403243394003,"oneway":false},"geometry":{"type":"LineString","coordinates":[[125.0580486,11.2860115],[125.0581537,11.286347],[125.0581403,11.2863929],[125.0579509,11.286526]]}},{"type":"Feature","properties":{"u":"2534866419","v":"2534866710","key":"0","osmid":[953624616,953624615],"name":null,"ref":null,"highway":"residential","length":136.45389774335865,"oneway":false},"geometry":{"type":"LineString","coordinates":[[125.0580486,11.2860115],[125.0582904,11.2859237],[125.0584274,11.2864269],[125.0584066,11.2864781],[125.0580935,11.2867319]]}},{"type":"Feature","properties":{"u":"2534866419","v":"2534866488","key":"0","osmid":[101337110,953624615],"name":null,"ref":null,"highway":"residential","length":64.85996734420719,"oneway":false},"geometry":{"type":"LineString","coordinates":[[125.0580486,11.2860115],[125.0577204,11.2861434],[125.0576837,11.2863761]]}},{"type":"Feature","properties":{"u":"2534866488","v":"1170096310","key":"0","osmid":101337110,"name":null,"ref":null,"highway":"residential","length":22.89474283576493,"oneway":false},"geometry":{"type":"LineString","coordinates":[[125.0576837,11.2863761],[125.0576576,11.2865804]]}},{"type":"Feature","properties":{"u":"2534866488","v":"2534866419","key":"0","osmid":[101337110,953624615],"name":null,"ref":null,"highway":"residential","length":64.85996734420719,"oneway":false},"geometry":{"type":"LineString","coordinates":[[125.0576837,11.2863761],[125.0577204,11.2861434],[125.0580486,11.2860115]]}},{"type":"Feature","properties":{"u":"2534866488","v":"2534866561","key":"0","osmid":246440944,"name":null,"ref":null,"highway":"residential","length":35.060015281079124,"oneway":false},"geometry":{"type":"LineString","coordinates":[[125.0576837,11.2863761],[125.0578512,11.2864178],[125.0579509,11.286526]]}},{"type":"Feature","properties":{"u":"2534866561","v":"2534866710","key":"0","osmid":246440944,"name":null,"ref":null,"highway":"residential","length":27.676329407166783,"oneway":false},"geometry":{"type":"LineString","coordinates":[[125.0579509,11.286526],[125.0580935,11.2867319]]}},{"type":"Feature","properties":{"u":"2534866561","v":"2534866419","key":"0","osmid":246440943,"name":null,"ref":null,"highway":"residential","length":69.74403243394003,"oneway":false},"geometry":{"type":"LineString","coordinates":[[125.0579509,11.286526],[125.0581403,11.2863929],[125.0581537,11.286347],[125.0580486,11.2860115]]}},{"type":"Feature","properties":{"u":"2534866561","v":"2534866488","key":"0","osmid":246440944,"name":null,"ref":null,"highway":"residential","length":35.060015281079124,"oneway":false},"geometry":{"type":"LineString","coordinates":[[125.0579509,11.286526],[125.0578512,11.2864178],[125.0576837,11.2863761]]}},{"type":"Feature","properties":{"u":"2534866710","v":"2534866561","key":"0","osmid":246440944,"name":null,"ref":null,"highway":"residential","length":27.676329407166783,"oneway":false},"geometry":{"type":"LineString","coordinates":[[125.0580935,11.2867319],[125.0579509,11.286526]]}},{"type":"Feature","properties":{"u":"2534866710","v":"2534866791","key":"0","osmid":953624616,"name":null,"ref":null,"highway":"residential","length":26.134403637449676,"oneway":false},"geometry":{"type":"LineString","coordinates":[[125.0580935,11.2867319],[125.0579084,11.2868812]]}},{"type":"Feature","properties":{"u":"2534866710","v":"2534866419","key":"0","osmid":[953624616,953624615],"name":null,"ref":null,"highway":"residential","length":136.45389774335865,"oneway":false},"geometry":{"type":"LineString","coordinates":[[125.0580935,11.2867319],[125.0584066,11.2864781],[125.0584274,11.2864269],[125.0582904,11.2859237],[125.0580486,11.2860115]]}},{"type":"Feature","properties":{"u":"2534866791","v":"1170096310","key":"0","osmid":101337101,"name":null,"ref":null,"highway":"residential","length":43.20495126916786,"oneway":false},"geometry":{"type":"LineString","coordinates":[[125.0579084,11.2868812],[125.0576576,11.2865804]]}},{"type":"Feature","properties":{"u":"2534866791","v":"2534866710","key":"0","osmid":953624616,"name":null,"ref":null,"highway":"residential","length":26.134403637449676,"oneway":false},"geometry":{"type":"LineString","coordinates":[[125.0579084,11.2868812],[125.0580935,11.2867319]]}},{"type":"Feature","properties":{"u":"2534866791","v":"1170097901","key":"0","osmid":101337101,"name":null,"ref":null,"highway":"residential","length":19.412276010946982,"oneway":false},"geometry":{"type":"LineString","coordinates":[[125.0579084,11.2868812],[125.0579605,11.286929],[125.0580007,11.2870259]]}},{"type":"Feature","properties":{"u":"2534976921","v":"2534977956","key":"0","osmid":246457389,"name":null,"ref":null,"highway":"track","length":401.7003560002047,"oneway":false},"geometry":{"type":"LineString","coordinates":[[125.053714,11.2812671],[125.0536265,11.2814172],[125.0536396,11.2817023],[125.0536309,11.2820411],[125.0535522,11.282249],[125.0535412,11.2826092],[125.0535893,11.2829436],[125.0537249,11.2832095],[125.0538276,11.2832867],[125.0541249,11.2834324],[125.0545709,11.2835289],[125.0548945,11.2836425],[125.0549076,11.2837562],[125.0548425,11.2839938]]}},{"type":"Feature","properties":{"u":"2534976932","v":"2534976942","key":"0","osmid":246457392,"name":null,"ref":null,"highway":"steps","length":76.75215929332222,"oneway":false},"geometry":{"type":"LineString","coordinates":[[125.0666836,11.2813512],[125.0673835,11.2814242]]}},{"type":"Feature","properties":{"u":"2534976942","v":"2534976932","key":"0","osmid":246457392,"name":null,"ref":null,"highway":"steps","length":76.75215929332222,"oneway":false},"geometry":{"type":"LineString","coordinates":[[125.0673835,11.2814242],[125.0666836,11.2813512]]}},{"type":"Feature","properties":{"u":"2534976942","v":"1107290236","key":"0","osmid":337410400,"name":"Serafin Marabut Street","ref":null,"highway":"tertiary","length":13.562358656563669,"oneway":false},"geometry":{"type":"LineString","coordinates":[[125.0673835,11.2814242],[125.0673715,11.2815456]]}},{"type":"Feature","properties":{"u":"2534976942","v":"1107290013","key":"0","osmid":337410400,"name":"Serafin Marabut Street","ref":null,"highway":"tertiary","length":60.6754733757476,"oneway":false},"geometry":{"type":"LineString","coordinates":[[125.0673835,11.2814242],[125.0674009,11.2808788]]}},{"type":"Feature","properties":{"u":"2534977602","v":"2534977681","key":"0","osmid":246187217,"name":null,"ref":null,"highway":"residential","length":37.31586487429407,"oneway":false},"geometry":{"type":"LineString","coordinates":[[125.0489073,11.2823048],[125.04857,11.2823614]]}},{"type":"Feature","properties":{"u":"2534977681","v":"1684194663","key":"0","osmid":156132484,"name":null,"ref":null,"highway":"residential","length":39.24788886166338,"oneway":false},"geometry":{"type":"LineString","coordinates":[[125.04857,11.2823614],[125.0484585,11.2820258]]}},{"type":"Feature","properties":{"u":"2534977681","v":"2534977602","key":"0","osmid":246187217,"name":null,"ref":null,"highway":"residential","length":37.31586487429407,"oneway":false},"geometry":{"type":"LineString","coordinates":[[125.04857,11.2823614],[125.0489073,11.2823048]]}},{"type":"Feature","properties":{"u":"2534977681","v":"1684194662","key":"0","osmid":156132484,"name":null,"ref":null,"highway":"residential","length":218.0168669578261,"oneway":false},"geometry":{"type":"LineString","coordinates":[[125.04857,11.2823614],[125.0488141,11.28327],[125.0490649,11.284261]]}},{"type":"Feature","properties":{"u":"2534977681","v":"2532572893","key":"0","osmid":246187217,"name":null,"ref":null,"highway":"residential","length":289.14141764635974,"oneway":false},"geometry":{"type":"LineString","coordinates":[[125.04857,11.2823614],[125.0483866,11.2823748],[125.048098,11.2824059],[125.047864,11.282426],[125.0474962,11.2824332],[125.0468926,11.2823694],[125.0463487,11.282208],[125.0463152,11.2821881],[125.0463479,11.2818365]]}},{"type":"Feature","properties":{"u":"2534977804","v":"1170095923","key":"0","osmid":246457390,"name":null,"ref":null,"highway":"residential","length":39.570156575664555,"oneway":false},"geometry":{"type":"LineString","coordinates":[[125.0656241,11.2829325],[125.0659696,11.2830413]]}},{"type":"Feature","properties":{"u":"2534977804","v":"278505361","key":"0","osmid":325737545,"name":"Basey-Sohoton Road","ref":"670","highway":"primary","length":212.82479308246496,"oneway":false},"geometry":{"type":"LineString","coordinates":[[125.0656241,11.2829325],[125.0657791,11.2826414],[125.0659709,11.282306],[125.0661103,11.2820824],[125.0662485,11.2819575],[125.0663933,11.2818746],[125.0666293,11.2818207],[125.0669888,11.2818259]]}},{"type":"Feature","properties":{"u":"2534977804","v":"8318341302","key":"0","osmid":387032401,"name":"San Juanico-Basey Road","ref":"670","highway":"primary","length":942.5646443825997,"oneway":false},"geometry":{"type":"LineString","coordinates":[[125.0656241,11.2829325],[125.0652975,11.2835035],[125.0651402,11.2836852],[125.0649486,11.2838107],[125.0641255,11.2841262],[125.0639183,11.2842498],[125.0638036,11.2843656],[125.0633651,11.2848943],[125.0632008,11.2850251],[125.0622325,11.2855006],[125.0616914,11.2857406],[125.0615472,11.2857537],[125.0614386,11.2857399],[125.0613541,11.2857024],[125.0609565,11.2853677],[125.0608049,11.285302],[125.0606172,11.2852783],[125.0604402,11.285327],[125.0602658,11.2854479],[125.0588736,11.2868629]]}},{"type":"Feature","properties":{"u":"2534977956","v":"2534976921","key":"0","osmid":246457389,"name":null,"ref":null,"highway":"track","length":401.70035600020464,"oneway":false},"geometry":{"type":"LineString","coordinates":[[125.0548425,11.2839938],[125.0549076,11.2837562],[125.0548945,11.2836425],[125.0545709,11.2835289],[125.0541249,11.2834324],[125.0538276,11.2832867],[125.0537249,11.2832095],[125.0535893,11.2829436],[125.0535412,11.2826092],[125.0535522,11.282249],[125.0536309,11.2820411],[125.0536396,11.2817023],[125.0536265,11.2814172],[125.053714,11.2812671]]}},{"type":"Feature","properties":{"u":"2534977956","v":"8826495351","key":"0","osmid":387032401,"name":"San Juanico-Basey Road","ref":"670","highway":"primary","length":318.62496424301827,"oneway":false},"geometry":{"type":"LineString","coordinates":[[125.0548425,11.2839938],[125.054909,11.2840358],[125.0555698,11.284445],[125.0557112,11.2846087],[125.0558248,11.2848384],[125.0560681,11.2863051],[125.0560844,11.2863688]]}},{"type":"Feature","properties":{"u":"2534977956","v":"1684194662","key":"0","osmid":387032401,"name":"San Juanico-Basey Road","ref":"670","highway":"primary","length":656.156961553203,"oneway":false},"geometry":{"type":"LineString","coordinates":[[125.0548425,11.2839938],[125.0544987,11.2837766],[125.0542094,11.2836527],[125.0538754,11.2835699],[125.0530614,11.283491],[125.0522527,11.2834173],[125.0519764,11.2834068],[125.0515446,11.2834896],[125.0490649,11.284261]]}},{"type":"Feature","properties":{"u":"2534978462","v":"8318358823","key":"0","osmid":246457393,"name":null,"ref":null,"highway":"residential","length":115.84660599596492,"oneway":false},"geometry":{"type":"LineString","coordinates":[[125.0574432,11.2866956],[125.0571712,11.2868259],[125.0569672,11.2869207],[125.0568319,11.2869594],[125.056471,11.2871119]]}},{"type":"Feature","properties":{"u":"2536025892","v":"2536025898","key":"0","osmid":246580318,"name":null,"ref":null,"highway":"path","length":55.15949608624497,"oneway":false},"geometry":{"type":"LineString","coordinates":[[125.1443788,11.3541947],[125.1448175,11.354298],[125.144872,11.3542925]]}},{"type":"Feature","properties":{"u":"2536025893","v":"2536025898","key":"0","osmid":246580318,"name":null,"ref":null,"highway":"path","length":65.20434879362917,"oneway":false},"geometry":{"type":"LineString","coordinates":[[125.1454655,11.3542199],[125.144872,11.3542925]]}},{"type":"Feature","properties":{"u":"2536025898","v":"2536025893","key":"0","osmid":246580318,"name":null,"ref":null,"highway":"path","length":65.20434879362917,"oneway":false},"geometry":{"type":"LineString","coordinates":[[125.144872,11.3542925],[125.1454655,11.3542199]]}},{"type":"Feature","properties":{"u":"2536025898","v":"2536025892","key":"0","osmid":246580318,"name":null,"ref":null,"highway":"path","length":55.15949608624497,"oneway":false},"geometry":{"type":"LineString","coordinates":[[125.144872,11.3542925],[125.1448175,11.354298],[125.1443788,11.3541947]]}},{"type":"Feature","properties":{"u":"2536025898","v":"8385927262","key":"0","osmid":[246580321,902888173],"name":null,"ref":null,"highway":"path","length":239.45525510461212,"oneway":false},"geometry":{"type":"LineString","coordinates":[[125.144872,11.3542925],[125.1449115,11.3544338],[125.1445714,11.3545785],[125.1443028,11.3546065],[125.1440392,11.3541089],[125.1437543,11.3539143],[125.1434431,11.3537046],[125.1433419,11.3536638]]}},{"type":"Feature","properties":{"u":"2536025945","v":"7308024318","key":"0","osmid":246580315,"name":null,"ref":null,"highway":"path","length":47.98578965346537,"oneway":false},"geometry":{"type":"LineString","coordinates":[[125.0988015,11.3713325],[125.0991539,11.3715911]]}},{"type":"Feature","properties":{"u":"2536025945","v":"2536025947","key":"0","osmid":246580322,"name":null,"ref":null,"highway":"path","length":37.78501093584932,"oneway":false},"geometry":{"type":"LineString","coordinates":[[125.0988015,11.3713325],[125.098471,11.3714349]]}},{"type":"Feature","properties":{"u":"2536025945","v":"7307968131","key":"0","osmid":[246580312,246580322],"name":null,"ref":null,"highway":"path","length":1309.8462715460043,"oneway":false},"geometry":{"type":"LineString","coordinates":[[125.0988015,11.3713325],[125.0987191,11.3710257],[125.0986585,11.3708744],[125.0985738,11.3707615],[125.0985738,11.3705094],[125.0986827,11.3700438],[125.0986222,11.3698124],[125.0984165,11.3693142],[125.0984468,11.3691718],[125.0985617,11.3690146],[125.0986101,11.3687418],[125.0986194,11.3685793],[125.0986844,11.3683221],[125.0988789,11.3682091],[125.0992316,11.368259],[125.1003903,11.3676582],[125.10068,11.3670928],[125.1009643,11.36668],[125.1013371,11.3663039],[125.1014981,11.3661803],[125.1014712,11.3659542],[125.1013479,11.3657412],[125.1016912,11.3650391],[125.1023108,11.3647051],[125.10241,11.3645184],[125.1023161,11.3642502],[125.1025066,11.3636638],[125.1027158,11.3633877],[125.1028821,11.3631195],[125.1028311,11.3626935],[125.102976,11.3623779],[125.103041,11.3621116],[125.1030775,11.3619785]]}},{"type":"Feature","properties":{"u":"2536025947","v":"2536025945","key":"0","osmid":246580322,"name":null,"ref":null,"highway":"path","length":37.78501093584932,"oneway":false},"geometry":{"type":"LineString","coordinates":[[125.098471,11.3714349],[125.0988015,11.3713325]]}},{"type":"Feature","properties":{"u":"2536025951","v":"7308024318","key":"0","osmid":246580315,"name":null,"ref":null,"highway":"path","length":45.74722120809052,"oneway":false},"geometry":{"type":"LineString","coordinates":[[125.0995049,11.3718166],[125.0991539,11.3715911]]}},{"type":"Feature","properties":{"u":"2536025988","v":"2536025990","key":"0","osmid":1005712160,"name":null,"ref":null,"highway":"residential","length":65.61917043135935,"oneway":false},"geometry":{"type":"LineString","coordinates":[[125.1272612,11.404674],[125.127148,11.4052536]]}},{"type":"Feature","properties":{"u":"2536025990","v":"2536025988","key":"0","osmid":1005712160,"name":null,"ref":null,"highway":"residential","length":65.61917043135935,"oneway":false},"geometry":{"type":"LineString","coordinates":[[125.127148,11.4052536],[125.1272612,11.404674]]}},{"type":"Feature","properties":{"u":"2536025990","v":"2536025994","key":"0","osmid":246580317,"name":null,"ref":null,"highway":"residential","length":76.86676812498234,"oneway":false},"geometry":{"type":"LineString","coordinates":[[125.127148,11.4052536],[125.1272687,11.4056427],[125.1274377,11.4058741]]}},{"type":"Feature","properties":{"u":"2536025990","v":"2536025994","key":"1","osmid":1005712160,"name":null,"ref":null,"highway":"residential","length":102.82333669309946,"oneway":false},"geometry":{"type":"LineString","coordinates":[[125.127148,11.4052536],[125.1270957,11.40541],[125.1270273,11.4057268],[125.1270971,11.4057873],[125.1274377,11.4058741]]}},{"type":"Feature","properties":{"u":"2536025994","v":"2536025990","key":"0","osmid":246580317,"name":null,"ref":null,"highway":"residential","length":76.86676812498234,"oneway":false},"geometry":{"type":"LineString","coordinates":[[125.1274377,11.4058741],[125.1272687,11.4056427],[125.127148,11.4052536]]}},{"type":"Feature","properties":{"u":"2536025994","v":"2536025990","key":"1","osmid":1005712160,"name":null,"ref":null,"highway":"residential","length":102.82333669309946,"oneway":false},"geometry":{"type":"LineString","coordinates":[[125.1274377,11.4058741],[125.1270971,11.4057873],[125.1270273,11.4057268],[125.1270957,11.40541],[125.127148,11.4052536]]}},{"type":"Feature","properties":{"u":"2536025994","v":"2525595966","key":"0","osmid":[1005712160,245349105],"name":null,"ref":null,"highway":["residential","unclassified"],"length":2627.1302618403024,"oneway":false},"geometry":{"type":"LineString","coordinates":[[125.1274377,11.4058741],[125.1275718,11.405903],[125.1278669,11.405903],[125.1282279,11.405841],[125.1286717,11.4054841],[125.1291624,11.4052431],[125.1293796,11.40518],[125.1298544,11.4051011],[125.1301038,11.4049709],[125.1302909,11.4047397],[125.1305752,11.4044338],[125.1307209,11.4041279],[125.1310607,11.4037507],[125.1313589,11.4035331],[125.13156,11.4032646],[125.1317125,11.4028296],[125.1319275,11.4024591],[125.1323366,11.4019969],[125.1325551,11.4017861],[125.1327493,11.4013069],[125.1330717,11.4008276],[125.1333699,11.4000527],[125.1336092,11.3991452],[125.1338623,11.3984688],[125.1344101,11.3975851],[125.1349926,11.3965484],[125.1357,11.395651],[125.1359877,11.395233],[125.1360606,11.3947265],[125.1361683,11.3943578],[125.1362755,11.3940807],[125.1366708,11.3934315],[125.1368885,11.3930595],[125.13693,11.3926171],[125.1369917,11.3925015],[125.1370453,11.3924068],[125.1372171,11.3921675],[125.1374731,11.3919224],[125.1376972,11.3917442],[125.1380354,11.39152],[125.1383687,11.391218],[125.1387408,11.3908414],[125.138922,11.3906108],[125.1391122,11.3903954],[125.1392501,11.3902638],[125.1394164,11.3901718],[125.1396847,11.3899877],[125.13991,11.3897511],[125.1399904,11.389667],[125.1401407,11.3895302],[125.1403231,11.3893725],[125.140492,11.3891937],[125.1406569,11.38903],[125.1408018,11.3889906],[125.1410553,11.3889623],[125.1412189,11.3889466],[125.1413664,11.388886],[125.1414147,11.3888177],[125.1416091,11.3886218],[125.1417031,11.3885324],[125.1417835,11.3884509]]}},{"type":"Feature","properties":{"u":"2536026043","v":"2536026048","key":"0","osmid":246580325,"name":null,"ref":null,"highway":"residential","length":93.33605929615102,"oneway":false},"geometry":{"type":"LineString","coordinates":[[125.1420061,11.4212192],[125.1420383,11.4212508],[125.1420785,11.4212968],[125.1421563,11.4213651],[125.1422274,11.4214466],[125.1423387,11.4215268],[125.1424795,11.4215518],[125.1427317,11.4215807]]}},{"type":"Feature","properties":{"u":"2536026048","v":"4848527139","key":"0","osmid":[246580320,492882719,246580313,246580314,246580316,246580319],"name":null,"ref":null,"highway":["residential","unclassified"],"length":4400.832371520625,"oneway":false},"geometry":{"type":"LineString","coordinates":[[125.1427317,11.4215807],[125.1427943,11.4214181],[125.1429886,11.4212235],[125.1431574,11.4210228],[125.1432358,11.4208366],[125.1433396,11.4203303],[125.1436572,11.4198262],[125.143759,11.4196943],[125.1441103,11.4195182],[125.1441666,11.4194511],[125.1441546,11.4193223],[125.1441935,11.4192618],[125.1443563,11.4192143],[125.1446038,11.4191751],[125.1448587,11.4191067],[125.1453978,11.4191015],[125.1457143,11.4190673],[125.1459262,11.4188832],[125.1461209,11.4187647],[125.1462321,11.4182824],[125.1462641,11.4181155],[125.1462641,11.4180209],[125.1462319,11.4179026],[125.1461461,11.4177974],[125.1460066,11.4176423],[125.1459208,11.4174714],[125.1459289,11.4172571],[125.1455574,11.4166248],[125.1455051,11.4164303],[125.1452798,11.4161174],[125.1452652,11.4159445],[125.1451754,11.4157033],[125.1451054,11.4155206],[125.145041,11.4154023],[125.1450303,11.4152366],[125.1450276,11.4150868],[125.145084,11.4149027],[125.1451968,11.4146927],[125.1452824,11.4143269],[125.1452368,11.4140903],[125.1450491,11.4138432],[125.1448318,11.41332],[125.1446897,11.4131806],[125.1444375,11.413128],[125.1442377,11.4130334],[125.1440513,11.4128888],[125.1438689,11.4125102],[125.1435658,11.4123367],[125.143311,11.4120028],[125.1430106,11.4118056],[125.142898,11.411469],[125.1424313,11.4109011],[125.1423432,11.4104361],[125.1424458,11.4098197],[125.1423588,11.4094787],[125.1424184,11.4092421],[125.1424393,11.4089253],[125.1425394,11.4084771],[125.1426002,11.4081957],[125.1426432,11.4078434],[125.1427075,11.4075804],[125.1425251,11.407215],[125.142222,11.406931],[125.1420343,11.4066734],[125.1420342,11.4063449],[125.1419889,11.4060306],[125.1417097,11.4056085],[125.1417378,11.4048177],[125.1416137,11.404112],[125.1418255,11.4031838],[125.1418197,11.4028149],[125.1415649,11.4024639],[125.1415582,11.4023404],[125.1415703,11.4022457],[125.1417379,11.402247],[125.1418224,11.4022207],[125.1419132,11.4019442],[125.1421916,11.4014431],[125.1422515,11.4010941],[125.1422113,11.4000161],[125.1419431,11.3993587],[125.1416963,11.3989223],[125.141416,11.3988079],[125.1410946,11.3984599],[125.1409684,11.3981537],[125.1409406,11.3976609],[125.1409042,11.3967844],[125.141024,11.396472],[125.1410794,11.3963456],[125.1411031,11.3962329],[125.1411951,11.3957674],[125.1412229,11.395327],[125.1412595,11.395153],[125.1414818,11.3950309],[125.1418117,11.3948258],[125.1420581,11.3944857],[125.1423937,11.3941428],[125.1425037,11.3937898],[125.142623,11.3934684],[125.1427323,11.3933691],[125.1428658,11.3930919],[125.143012,11.3929603],[125.1430081,11.3925558],[125.1429033,11.3921228],[125.1428121,11.3917573],[125.1427934,11.3913892],[125.1427692,11.3911736],[125.1427484,11.391073],[125.1427156,11.3908896],[125.1426861,11.3907556],[125.1427048,11.3906911],[125.1427417,11.3906175],[125.1427665,11.3905084],[125.1427773,11.3904584],[125.1428001,11.3903546],[125.1428229,11.3902954],[125.1428846,11.3901521],[125.1430334,11.3900693],[125.1430602,11.3899681],[125.1430294,11.3898971],[125.1430026,11.3898195],[125.1429784,11.3897524],[125.1429395,11.3896604],[125.1429087,11.3895658],[125.1428819,11.3894842],[125.1428752,11.3894067],[125.1428819,11.3893291],[125.142898,11.3892581],[125.142957,11.3891306],[125.1429878,11.3890596],[125.1430254,11.3889163],[125.143024,11.3888427],[125.1429972,11.3887927],[125.1429221,11.3887809],[125.1428135,11.3887572],[125.1427478,11.3887467],[125.1427102,11.3887309],[125.1426485,11.3887112],[125.1425895,11.388677],[125.1424876,11.3885889],[125.1423937,11.3884864],[125.1422811,11.3883286],[125.142257,11.3882734]]}},{"type":"Feature","properties":{"u":"2536026048","v":"8456461433","key":"0","osmid":246580325,"name":null,"ref":null,"highway":"residential","length":47.45322129553909,"oneway":false},"geometry":{"type":"LineString","coordinates":[[125.1427317,11.4215807],[125.142789,11.4217388],[125.1428117,11.421942],[125.1428181,11.4219962]]}},{"type":"Feature","properties":{"u":"2536026048","v":"2536026043","key":"0","osmid":246580325,"name":null,"ref":null,"highway":"residential","length":93.336059296151,"oneway":false},"geometry":{"type":"LineString","coordinates":[[125.1427317,11.4215807],[125.1424795,11.4215518],[125.1423387,11.4215268],[125.1422274,11.4214466],[125.1421563,11.4213651],[125.1420785,11.4212968],[125.1420383,11.4212508],[125.1420061,11.4212192]]}},{"type":"Feature","properties":{"u":"2536026052","v":"8456461433","key":"0","osmid":246580325,"name":null,"ref":null,"highway":"residential","length":68.29775963977637,"oneway":false},"geometry":{"type":"LineString","coordinates":[[125.1426755,11.4225943],[125.1428181,11.4219962]]}},{"type":"Feature","properties":{"u":"2536026058","v":"2536026074","key":"0","osmid":246580324,"name":null,"ref":null,"highway":"path","length":84.53658775421144,"oneway":false},"geometry":{"type":"LineString","coordinates":[[125.0807968,11.4266438],[125.0808633,11.4268277],[125.0808966,11.4271687],[125.0809736,11.4273781]]}},{"type":"Feature","properties":{"u":"2536026063","v":"2536026074","key":"0","osmid":246580326,"name":null,"ref":null,"highway":"path","length":138.73252263701934,"oneway":false},"geometry":{"type":"LineString","coordinates":[[125.0819623,11.4268628],[125.0818254,11.4269341],[125.0816671,11.4269111],[125.0815815,11.4269551],[125.0815173,11.427106],[125.0814048,11.4273081],[125.0812596,11.4273763],[125.0811688,11.4273377],[125.0809736,11.4273781]]}},{"type":"Feature","properties":{"u":"2536026074","v":"2536026058","key":"0","osmid":246580324,"name":null,"ref":null,"highway":"path","length":84.53658775421144,"oneway":false},"geometry":{"type":"LineString","coordinates":[[125.0809736,11.4273781],[125.0808966,11.4271687],[125.0808633,11.4268277],[125.0807968,11.4266438]]}},{"type":"Feature","properties":{"u":"2536026074","v":"2536026079","key":"0","osmid":246580324,"name":null,"ref":null,"highway":"path","length":90.54212083367196,"oneway":false},"geometry":{"type":"LineString","coordinates":[[125.0809736,11.4273781],[125.0810176,11.4274978],[125.080951,11.4277884],[125.0806485,11.4280405]]}},{"type":"Feature","properties":{"u":"2536026074","v":"2536026063","key":"0","osmid":246580326,"name":null,"ref":null,"highway":"path","length":138.73252263701934,"oneway":false},"geometry":{"type":"LineString","coordinates":[[125.0809736,11.4273781],[125.0811688,11.4273377],[125.0812596,11.4273763],[125.0814048,11.4273081],[125.0815173,11.427106],[125.0815815,11.4269551],[125.0816671,11.4269111],[125.0818254,11.4269341],[125.0819623,11.4268628]]}},{"type":"Feature","properties":{"u":"2536026079","v":"2536026074","key":"0","osmid":246580324,"name":null,"ref":null,"highway":"path","length":90.54212083367197,"oneway":false},"geometry":{"type":"LineString","coordinates":[[125.0806485,11.4280405],[125.080951,11.4277884],[125.0810176,11.4274978],[125.0809736,11.4273781]]}},{"type":"Feature","properties":{"u":"2539850294","v":"8333022335","key":"0","osmid":896420447,"name":null,"ref":null,"highway":"residential","length":122.97110539281756,"oneway":false},"geometry":{"type":"LineString","coordinates":[[125.0317258,11.3111453],[125.0316748,11.3111282],[125.031644,11.3110887],[125.0315434,11.3109178],[125.0314106,11.3107179],[125.0313114,11.3105614],[125.0312135,11.3104115],[125.0311866,11.3103865],[125.0311571,11.310372],[125.0310217,11.3103405]]}},{"type":"Feature","properties":{"u":"2539850294","v":"8333022344","key":"0","osmid":[953887560,247044705,896427015],"name":null,"ref":null,"highway":["track","residential"],"length":456.4322276930095,"oneway":false},"geometry":{"type":"LineString","coordinates":[[125.0317258,11.3111453],[125.0316641,11.3112321],[125.0315085,11.3114898],[125.0312591,11.3117791],[125.0307226,11.3121184],[125.0305697,11.3122683],[125.0303847,11.312534],[125.0302264,11.3128049],[125.030103,11.3129311],[125.0300413,11.3129706],[125.0299233,11.3129653],[125.0298643,11.3129942],[125.0296417,11.3132441],[125.0295505,11.3132888],[125.0294459,11.3133309],[125.0293815,11.3133809],[125.0293145,11.3134098],[125.0289872,11.3134203],[125.0285742,11.3134124]]}},{"type":"Feature","properties":{"u":"2539850294","v":"2531225052","key":"0","osmid":896427015,"name":null,"ref":null,"highway":"residential","length":34.85786659344328,"oneway":false},"geometry":{"type":"LineString","coordinates":[[125.0317258,11.3111453],[125.0318491,11.3110453],[125.0319886,11.3109691]]}},{"type":"Feature","properties":{"u":"3181029555","v":"10312625858","key":"0","osmid":1127966940,"name":null,"ref":null,"highway":"track","length":421.3248571485398,"oneway":false},"geometry":{"type":"LineString","coordinates":[[125.2557749,11.3666667],[125.2560195,11.3669631],[125.2562202,11.3671598],[125.2562058,11.3674479],[125.2563062,11.3678343],[125.2563922,11.3682208],[125.2565427,11.3683894],[125.2567577,11.3684035],[125.2571734,11.3684246],[125.25746,11.3684737],[125.2578184,11.3686916],[125.2582412,11.3689796]]}},{"type":"Feature","properties":{"u":"3181029555","v":"8382919661","key":"0","osmid":[188698176,1209655322,1209655323],"name":"Maydolong - Basey Road","ref":null,"highway":"secondary","length":5431.591003746635,"oneway":false},"geometry":{"type":"LineString","coordinates":[[125.2557749,11.3666667],[125.2555687,11.3666321],[125.2552387,11.3665986],[125.2549379,11.3665798],[125.2546668,11.3665809],[125.2544158,11.3665659],[125.2542031,11.3665204],[125.2540704,11.366461],[125.2539797,11.3663885],[125.253896,11.3662898],[125.2537948,11.3662078],[125.2536791,11.3661665],[125.2535176,11.3661501],[125.2530964,11.3661552],[125.2525888,11.366135],[125.252384,11.3661185],[125.2522047,11.3660907],[125.252052,11.3661047],[125.2519491,11.3661503],[125.2518579,11.3662104],[125.2517453,11.3663194],[125.2516379,11.3664285],[125.2514484,11.366527],[125.25131,11.3665711],[125.2511618,11.3665803],[125.2509503,11.3665552],[125.2505141,11.3664961],[125.2502137,11.3664453],[125.2499437,11.3663758],[125.2497965,11.3663584],[125.2496169,11.3664025],[125.2493183,11.3665046],[125.2489287,11.3665935],[125.2484904,11.3666648],[125.2481079,11.3666907],[125.2479292,11.3666731],[125.2478195,11.3666533],[125.2475876,11.3665913],[125.2472477,11.3665905],[125.2468981,11.36661],[125.246516,11.3666642],[125.2462667,11.3667417],[125.2460009,11.366923],[125.2458099,11.3670548],[125.2456832,11.3672119],[125.2456563,11.3672729],[125.2456507,11.367322],[125.2456259,11.3673961],[125.2455749,11.3674523],[125.2455033,11.3675025],[125.2452747,11.3676794],[125.2451281,11.3677709],[125.2449424,11.3678661],[125.2448161,11.3679162],[125.2446501,11.3679668],[125.2445092,11.3680433],[125.2443227,11.3682083],[125.2441499,11.3683521],[125.2438974,11.3686201],[125.2436618,11.3688633],[125.2434244,11.3691068],[125.2432533,11.3693135],[125.2432312,11.3693368],[125.2431992,11.3693661],[125.2431699,11.3693772],[125.2431086,11.3693837],[125.2429697,11.369381],[125.2426999,11.3693629],[125.2425488,11.3693508],[125.2424429,11.3693663],[125.2423487,11.3694035],[125.2422591,11.3694821],[125.2421488,11.3695903],[125.2420462,11.369685],[125.2419277,11.3697915],[125.2418208,11.3698431],[125.2417032,11.3698586],[125.2416074,11.3698344],[125.2415233,11.3697884],[125.2414277,11.3697124],[125.2413583,11.3696245],[125.2413258,11.3695474],[125.2412866,11.3694059],[125.2412346,11.3692636],[125.2411352,11.3691345],[125.241053,11.3690087],[125.2409597,11.3688405],[125.240906,11.3687353],[125.2408557,11.3685397],[125.2407984,11.3683485],[125.2406967,11.3681552],[125.2405398,11.3679273],[125.2404643,11.3678664],[125.2403976,11.3678322],[125.240144,11.3677126],[125.2397997,11.367677],[125.23951,11.367637],[125.2393568,11.367598],[125.2392163,11.3675475],[125.2391013,11.3674877],[125.2390334,11.3674312],[125.2389259,11.3673362],[125.2388253,11.3672862],[125.2387143,11.3672537],[125.2386256,11.3672355],[125.2385598,11.3672357],[125.2384197,11.3672762],[125.238273,11.3673367],[125.2380401,11.3674054],[125.2377334,11.3674611],[125.2375769,11.3675137],[125.2374348,11.3675769],[125.2372827,11.3676694],[125.2370976,11.3677966],[125.2369517,11.3678942],[125.2367219,11.3680181],[125.2363368,11.3682277],[125.2361451,11.3683559],[125.2360356,11.3684368],[125.2359236,11.3685528],[125.2357996,11.3686524],[125.2356919,11.3687138],[125.2355892,11.3687327],[125.2354708,11.36872],[125.2353744,11.3686907],[125.2352439,11.368631],[125.2350777,11.3685316],[125.2349948,11.3684895],[125.2348942,11.3684497],[125.2346799,11.3683931],[125.2345238,11.3683484],[125.2344137,11.3683112],[125.2343299,11.3682664],[125.2342417,11.3681931],[125.2341735,11.368092],[125.234001,11.3677693],[125.233879,11.367561],[125.2336956,11.3673264],[125.233497,11.3670721],[125.2333875,11.3669404],[125.2332835,11.3667533],[125.2331533,11.3664628],[125.2329896,11.3661741],[125.2328833,11.3660262],[125.2327996,11.3659039],[125.232632,11.3656678],[125.2325479,11.3655692],[125.2324733,11.3655162],[125.232359,11.3654501],[125.23225,11.3653893],[125.23209,11.3653025],[125.2319439,11.3652243],[125.2317494,11.3651286],[125.2316486,11.3650755],[125.231517,11.3650341],[125.2313642,11.3650325],[125.2312015,11.3650439],[125.2310413,11.3650833],[125.230909,11.3651211],[125.2307774,11.3651631],[125.2306389,11.3652036],[125.2304633,11.3652677],[125.2303883,11.3653422],[125.2302861,11.3654394],[125.22996,11.3655832],[125.2296928,11.3656019],[125.2295012,11.3655947],[125.2293774,11.365603],[125.2292219,11.3656059],[125.2290564,11.3655794],[125.2289292,11.3655435],[125.2287819,11.3654611],[125.2286304,11.3653316],[125.2285087,11.3651719],[125.2283893,11.3648703],[125.228316,11.3645994],[125.2282596,11.3643776],[125.228205,11.3642544],[125.2281096,11.3641079],[125.2279679,11.363952],[125.2278689,11.3638209],[125.2278296,11.3637007],[125.2277502,11.3634055],[125.2276781,11.3629964],[125.2276497,11.3628531],[125.2276166,11.3627823],[125.2275851,11.3627221],[125.2275425,11.3626565],[125.2274892,11.362603],[125.2273563,11.3624996],[125.2272084,11.3623926],[125.2270632,11.3623028],[125.2269039,11.3622123],[125.2267907,11.3621656],[125.2266927,11.3621462],[125.2265816,11.3621436],[125.2264978,11.3621755],[125.2264489,11.3622269],[125.2264262,11.3622938],[125.226406,11.362384],[125.2264114,11.3624923],[125.2264418,11.3626043],[125.226476,11.3626638],[125.2265235,11.3627163],[125.226584,11.362761],[125.2268636,11.3629336],[125.2270467,11.3630721],[125.2270853,11.3631442],[125.2270945,11.3631876],[125.2270835,11.3632384],[125.227058,11.3632783],[125.2270247,11.3633089],[125.2269592,11.3633422],[125.2268615,11.3633575],[125.2267093,11.3633708],[125.2265909,11.3634033],[125.226488,11.3634548],[125.2264038,11.363556],[125.2262545,11.3637748],[125.2261832,11.3638568],[125.2261289,11.3638862],[125.2260686,11.3638914],[125.2259957,11.3638739],[125.2259615,11.3638426],[125.2259345,11.363797],[125.2259349,11.3637228],[125.2259744,11.3636184],[125.2260401,11.3635295],[125.2261768,11.3633164],[125.2262186,11.3632366],[125.2262305,11.3631783],[125.2262346,11.3631143],[125.2262188,11.3630188],[125.2261985,11.3629603],[125.2261584,11.362881],[125.2261091,11.3628064],[125.2260354,11.3627411],[125.2259563,11.3627113],[125.2258802,11.362697],[125.2257951,11.3626946],[125.2256957,11.3627022],[125.2256327,11.362722],[125.2255623,11.3627576],[125.2254851,11.3628252],[125.225399,11.3629334],[125.2253171,11.3630875],[125.2252622,11.3631913],[125.2252102,11.3633066],[125.2251709,11.3634462],[125.2251389,11.3635779],[125.2250952,11.3638574],[125.2250399,11.3641678],[125.2250131,11.3642581],[125.2249631,11.3643419],[125.2249064,11.3644031],[125.2248261,11.3644685],[125.2246175,11.3645997],[125.2238092,11.365019],[125.2237033,11.3650681],[125.2236264,11.3650845],[125.2235325,11.3650851],[125.2231418,11.3650336],[125.2226003,11.364945],[125.2223987,11.3648754],[125.2219848,11.3647182],[125.2218045,11.3646525],[125.2216176,11.3646136],[125.2215229,11.3646274],[125.2214505,11.364663],[125.2213034,11.3647205],[125.2212042,11.3647138],[125.2211047,11.3646772],[125.2208971,11.3645663],[125.2207692,11.364521],[125.2206606,11.3645224],[125.2205921,11.364547],[125.2204953,11.3645938],[125.2201374,11.3648098],[125.2199832,11.3649205],[125.2198639,11.3649556],[125.2197532,11.3649781],[125.2196252,11.3649802],[125.2195166,11.3649536],[125.2194212,11.3649144],[125.2193434,11.364874],[125.2190408,11.3646554],[125.2189558,11.36458],[125.2188635,11.3645133]]}},{"type":"Feature","properties":{"u":"3181029555","v":"10312625861","key":"0","osmid":1209655322,"name":"Maydolong - Basey Road","ref":null,"highway":"secondary","length":211.8238426554264,"oneway":false},"geometry":{"type":"LineString","coordinates":[[125.2557749,11.3666667],[125.2558589,11.3666679],[125.255943,11.3666575],[125.2560292,11.3666364],[125.2568938,11.3662605],[125.2573167,11.3660497],[125.2575245,11.3658881]]}},{"type":"Feature","properties":{"u":"3181030477","v":"8382919661","key":"0","osmid":[944192890,910396247],"name":null,"ref":null,"highway":["track","residential"],"length":1259.5841906496173,"oneway":false},"geometry":{"type":"LineString","coordinates":[[125.2191319,11.3543417],[125.2193572,11.3550569],[125.2205052,11.3561193],[125.2206017,11.3568977],[125.220193,11.3579286],[125.2204622,11.3586754],[125.2204276,11.3600054],[125.2204827,11.3613182],[125.2197222,11.3620618],[125.2192633,11.3626843],[125.2191934,11.3628276],[125.2191518,11.3629682],[125.2191224,11.363135],[125.2190583,11.3638236],[125.2190262,11.3640228],[125.218956,11.3642449],[125.2189149,11.3643843],[125.2188635,11.3645133]]}},{"type":"Feature","properties":{"u":"3903783670","v":"12284455398","key":"0","osmid":[387034280,1327754945],"name":"Right Wing","ref":null,"highway":["footway","steps"],"length":26.511314347022456,"oneway":false},"geometry":{"type":"LineString","coordinates":[[125.0696099,11.2805835],[125.0695811,11.2807968],[125.0695734,11.2808188]]}},{"type":"Feature","properties":{"u":"3903824047","v":"1107290375","key":"0","osmid":95489181,"name":"Trece Martires Street","ref":null,"highway":"residential","length":60.48231748135861,"oneway":false},"geometry":{"type":"LineString","coordinates":[[125.0682047,11.2826006],[125.0683447,11.2826307],[125.0687465,11.282717]]}},{"type":"Feature","properties":{"u":"3903824047","v":"1107290389","key":"0","osmid":325737545,"name":"Basey-Sohoton Road","ref":"670","highway":"primary","length":70.73847690297562,"oneway":false},"geometry":{"type":"LineString","coordinates":[[125.0682047,11.2826006],[125.0683014,11.282771],[125.0683096,11.2829665],[125.0682786,11.2832101]]}},{"type":"Feature","properties":{"u":"3903824047","v":"1107290096","key":"0","osmid":325737545,"name":"Basey-Sohoton Road","ref":"670","highway":"primary","length":105.08253837125243,"oneway":false},"geometry":{"type":"LineString","coordinates":[[125.0682047,11.2826006],[125.0680912,11.2824817],[125.0674289,11.2820459]]}},{"type":"Feature","properties":{"u":"3903840250","v":"1107290271","key":"0","osmid":245955561,"name":"San Miguel Street","ref":null,"highway":"residential","length":51.13373480177587,"oneway":false},"geometry":{"type":"LineString","coordinates":[[125.0684279,11.2806923],[125.0688934,11.2807477]]}},{"type":"Feature","properties":{"u":"3903840250","v":"3903840251","key":"0","osmid":245955561,"name":"San Miguel Street","ref":null,"highway":"residential","length":39.55069722888344,"oneway":false},"geometry":{"type":"LineString","coordinates":[[125.0684279,11.2806923],[125.0680712,11.2806279]]}},{"type":"Feature","properties":{"u":"3903840250","v":"4644485575","key":"0","osmid":470250510,"name":null,"ref":null,"highway":"residential","length":40.24711347946466,"oneway":false},"geometry":{"type":"LineString","coordinates":[[125.0684279,11.2806923],[125.0684856,11.2803348]]}},{"type":"Feature","properties":{"u":"3903840251","v":"3903840250","key":"0","osmid":245955561,"name":"San Miguel Street","ref":null,"highway":"residential","length":39.55069722888344,"oneway":false},"geometry":{"type":"LineString","coordinates":[[125.0680712,11.2806279],[125.0684279,11.2806923]]}},{"type":"Feature","properties":{"u":"3903840251","v":"1107290176","key":"0","osmid":245955561,"name":"San Miguel Street","ref":null,"highway":"residential","length":65.21062237123427,"oneway":false},"geometry":{"type":"LineString","coordinates":[[125.0680712,11.2806279],[125.0674888,11.2804948]]}},{"type":"Feature","properties":{"u":"3903840251","v":"4644489515","key":"0","osmid":470251035,"name":null,"ref":null,"highway":"residential","length":40.25497445340411,"oneway":false},"geometry":{"type":"LineString","coordinates":[[125.0680712,11.2806279],[125.068136,11.2802715]]}},{"type":"Feature","properties":{"u":"3903840251","v":"4644489900","key":"0","osmid":470251085,"name":null,"ref":null,"highway":"residential","length":35.33600780819421,"oneway":false},"geometry":{"type":"LineString","coordinates":[[125.0680712,11.2806279],[125.0679875,11.2809349]]}},{"type":"Feature","properties":{"u":"4504492312","v":"2524491260","key":"0","osmid":245214940,"name":null,"ref":null,"highway":"residential","length":31.89662227840149,"oneway":false},"geometry":{"type":"LineString","coordinates":[[125.1455014,11.2781419],[125.1457709,11.2780304]]}},{"type":"Feature","properties":{"u":"4504492312","v":"4953817656","key":"0","osmid":245214940,"name":null,"ref":null,"highway":"residential","length":45.06596503955449,"oneway":false},"geometry":{"type":"LineString","coordinates":[[125.1455014,11.2781419],[125.1451141,11.2782833]]}},{"type":"Feature","properties":{"u":"4504492312","v":"4504492380","key":"0","osmid":453758746,"name":null,"ref":null,"highway":"residential","length":33.399102727086635,"oneway":false},"geometry":{"type":"LineString","coordinates":[[125.1455014,11.2781419],[125.1455894,11.2784296]]}},{"type":"Feature","properties":{"u":"4504492380","v":"2524491263","key":"0","osmid":245214942,"name":null,"ref":null,"highway":"residential","length":33.29423913098843,"oneway":false},"geometry":{"type":"LineString","coordinates":[[125.1455894,11.2784296],[125.1458728,11.2783182]]}},{"type":"Feature","properties":{"u":"4504492380","v":"2524491265","key":"0","osmid":245214942,"name":null,"ref":null,"highway":"residential","length":44.80987587899829,"oneway":false},"geometry":{"type":"LineString","coordinates":[[125.1455894,11.2784296],[125.1452076,11.2785786]]}},{"type":"Feature","properties":{"u":"4504492380","v":"8323394306","key":"0","osmid":453758746,"name":null,"ref":null,"highway":"residential","length":28.134524283927387,"oneway":false},"geometry":{"type":"LineString","coordinates":[[125.1455894,11.2784296],[125.1456573,11.2786737]]}},{"type":"Feature","properties":{"u":"4504492380","v":"4504492312","key":"0","osmid":453758746,"name":null,"ref":null,"highway":"residential","length":33.399102727086635,"oneway":false},"geometry":{"type":"LineString","coordinates":[[125.1455894,11.2784296],[125.1455014,11.2781419]]}},{"type":"Feature","properties":{"u":"4504492458","v":"2524491267","key":"0","osmid":245214939,"name":null,"ref":null,"highway":"residential","length":33.55223433022364,"oneway":false},"geometry":{"type":"LineString","coordinates":[[125.1457279,11.2789085],[125.1460324,11.2788652]]}},{"type":"Feature","properties":{"u":"4504492458","v":"2524491269","key":"0","osmid":245214939,"name":null,"ref":null,"highway":"residential","length":41.855348915009316,"oneway":false},"geometry":{"type":"LineString","coordinates":[[125.1457279,11.2789085],[125.1453526,11.2789874]]}},{"type":"Feature","properties":{"u":"4504492458","v":"4504492526","key":"0","osmid":453758746,"name":null,"ref":null,"highway":"residential","length":29.595259999817422,"oneway":false},"geometry":{"type":"LineString","coordinates":[[125.1457279,11.2789085],[125.1457996,11.2791652]]}},{"type":"Feature","properties":{"u":"4504492458","v":"8323394306","key":"0","osmid":453758746,"name":null,"ref":null,"highway":"residential","length":27.22003286710084,"oneway":false},"geometry":{"type":"LineString","coordinates":[[125.1457279,11.2789085],[125.1456573,11.2786737]]}},{"type":"Feature","properties":{"u":"4504492526","v":"4504492458","key":"0","osmid":453758746,"name":null,"ref":null,"highway":"residential","length":29.595259999817422,"oneway":false},"geometry":{"type":"LineString","coordinates":[[125.1457996,11.2791652],[125.1457279,11.2789085]]}},{"type":"Feature","properties":{"u":"4504492526","v":"2524491269","key":"0","osmid":505422561,"name":null,"ref":null,"highway":"residential","length":62.16169723669121,"oneway":false},"geometry":{"type":"LineString","coordinates":[[125.1457996,11.2791652],[125.1454303,11.2791689],[125.1453526,11.2789874]]}},{"type":"Feature","properties":{"u":"4504492526","v":"4953817659","key":"0","osmid":505422561,"name":null,"ref":null,"highway":"residential","length":34.746655650390274,"oneway":false},"geometry":{"type":"LineString","coordinates":[[125.1457996,11.2791652],[125.1459077,11.2791597],[125.146117,11.2791387]]}},{"type":"Feature","properties":{"u":"4504493874","v":"5078006519","key":"0","osmid":453758744,"name":null,"ref":null,"highway":"residential","length":36.90559533511451,"oneway":false},"geometry":{"type":"LineString","coordinates":[[125.1455346,11.3174128],[125.1458578,11.3175114]]}},{"type":"Feature","properties":{"u":"4504493874","v":"4504494094","key":"0","osmid":453758744,"name":null,"ref":null,"highway":"residential","length":83.81937974183067,"oneway":false},"geometry":{"type":"LineString","coordinates":[[125.1455346,11.3174128],[125.1454304,11.3173863],[125.1453922,11.317506],[125.1452717,11.3180153]]}},{"type":"Feature","properties":{"u":"4504493874","v":"5078007430","key":"0","osmid":521114266,"name":null,"ref":null,"highway":"residential","length":117.50459683951787,"oneway":false},"geometry":{"type":"LineString","coordinates":[[125.1455346,11.3174128],[125.1455989,11.3170866],[125.1458122,11.317155],[125.145957,11.3172957],[125.1460361,11.3173418],[125.146248,11.3173944]]}},{"type":"Feature","properties":{"u":"4504494078","v":"4504494094","key":"0","osmid":453758743,"name":null,"ref":null,"highway":"residential","length":97.24883301935633,"oneway":false},"geometry":{"type":"LineString","coordinates":[[125.1443847,11.317939],[125.144428,11.3179439],[125.1447016,11.3179768],[125.1449014,11.3179952],[125.1451495,11.3179952],[125.1452717,11.3180153]]}},{"type":"Feature","properties":{"u":"4504494078","v":"4504494092","key":"0","osmid":453758743,"name":null,"ref":null,"highway":"residential","length":54.62784781756769,"oneway":false},"geometry":{"type":"LineString","coordinates":[[125.1443847,11.317939],[125.1442429,11.3179229],[125.1440632,11.3179505],[125.1438956,11.3180044]]}},{"type":"Feature","properties":{"u":"4504494078","v":"4504494177","key":"0","osmid":453758745,"name":null,"ref":null,"highway":"residential","length":90.37971951065387,"oneway":false},"geometry":{"type":"LineString","coordinates":[[125.1443847,11.317939],[125.1443904,11.3182503],[125.1443877,11.318512],[125.1444025,11.3187513]]}},{"type":"Feature","properties":{"u":"4504494092","v":"4504494078","key":"0","osmid":453758743,"name":null,"ref":null,"highway":"residential","length":54.62784781756769,"oneway":false},"geometry":{"type":"LineString","coordinates":[[125.1438956,11.3180044],[125.1440632,11.3179505],[125.1442429,11.3179229],[125.1443847,11.317939]]}},{"type":"Feature","properties":{"u":"4504494094","v":"4504494098","key":"0","osmid":453758743,"name":null,"ref":null,"highway":"residential","length":50.36923169056831,"oneway":false},"geometry":{"type":"LineString","coordinates":[[125.1452717,11.3180153],[125.1457268,11.3180931]]}},{"type":"Feature","properties":{"u":"4504494094","v":"4504494078","key":"0","osmid":453758743,"name":null,"ref":null,"highway":"residential","length":97.24883301935634,"oneway":false},"geometry":{"type":"LineString","coordinates":[[125.1452717,11.3180153],[125.1451495,11.3179952],[125.1449014,11.3179952],[125.1447016,11.3179768],[125.144428,11.3179439],[125.1443847,11.317939]]}},{"type":"Feature","properties":{"u":"4504494094","v":"4504493874","key":"0","osmid":453758744,"name":null,"ref":null,"highway":"residential","length":83.81937974183066,"oneway":false},"geometry":{"type":"LineString","coordinates":[[125.1452717,11.3180153],[125.1453922,11.317506],[125.1454304,11.3173863],[125.1455346,11.3174128]]}},{"type":"Feature","properties":{"u":"4504494098","v":"5078006518","key":"0","osmid":453758743,"name":null,"ref":null,"highway":"residential","length":48.76311566058135,"oneway":false},"geometry":{"type":"LineString","coordinates":[[125.1457268,11.3180931],[125.1461702,11.3181504]]}},{"type":"Feature","properties":{"u":"4504494098","v":"4504494094","key":"0","osmid":453758743,"name":null,"ref":null,"highway":"residential","length":50.36923169056831,"oneway":false},"geometry":{"type":"LineString","coordinates":[[125.1457268,11.3180931],[125.1452717,11.3180153]]}},{"type":"Feature","properties":{"u":"4504494098","v":"5078006519","key":"0","osmid":521114265,"name":null,"ref":null,"highway":"residential","length":66.24044709352374,"oneway":false},"geometry":{"type":"LineString","coordinates":[[125.1457268,11.3180931],[125.1458578,11.3175114]]}},{"type":"Feature","properties":{"u":"4504494098","v":"5078007432","key":"0","osmid":521114265,"name":null,"ref":null,"highway":"residential","length":77.86754722874947,"oneway":false},"geometry":{"type":"LineString","coordinates":[[125.1457268,11.3180931],[125.1456043,11.318783]]}},{"type":"Feature","properties":{"u":"4504494177","v":"4504494194","key":"0","osmid":453758745,"name":null,"ref":null,"highway":"residential","length":30.706876647700923,"oneway":false},"geometry":{"type":"LineString","coordinates":[[125.1444025,11.3187513],[125.1444293,11.3190262]]}},{"type":"Feature","properties":{"u":"4504494177","v":"4504494078","key":"0","osmid":453758745,"name":null,"ref":null,"highway":"residential","length":90.37971951065387,"oneway":false},"geometry":{"type":"LineString","coordinates":[[125.1444025,11.3187513],[125.1443877,11.318512],[125.1443904,11.3182503],[125.1443847,11.317939]]}},{"type":"Feature","properties":{"u":"4504494177","v":"5078007432","key":"0","osmid":521114268,"name":null,"ref":null,"highway":"residential","length":131.25553931865994,"oneway":false},"geometry":{"type":"LineString","coordinates":[[125.1444025,11.3187513],[125.1454085,11.3187554],[125.1456043,11.318783]]}},{"type":"Feature","properties":{"u":"4504494194","v":"4504494177","key":"0","osmid":453758745,"name":null,"ref":null,"highway":"residential","length":30.706876647700923,"oneway":false},"geometry":{"type":"LineString","coordinates":[[125.1444293,11.3190262],[125.1444025,11.3187513]]}},{"type":"Feature","properties":{"u":"4644485575","v":"1107290250","key":"0","osmid":337410399,"name":"Serafin Marabut Street","ref":null,"highway":"tertiary","length":49.88720725819008,"oneway":false},"geometry":{"type":"LineString","coordinates":[[125.0684856,11.2803348],[125.0689374,11.2804053]]}},{"type":"Feature","properties":{"u":"4644485575","v":"4644489515","key":"0","osmid":337410399,"name":"Serafin Marabut Street","ref":null,"highway":"tertiary","length":38.76716624631396,"oneway":false},"geometry":{"type":"LineString","coordinates":[[125.0684856,11.2803348],[125.068136,11.2802715]]}},{"type":"Feature","properties":{"u":"4644485575","v":"4644485576","key":"0","osmid":470250510,"name":null,"ref":null,"highway":"residential","length":48.50808222833805,"oneway":false},"geometry":{"type":"LineString","coordinates":[[125.0684856,11.2803348],[125.0685517,11.2799034]]}},{"type":"Feature","properties":{"u":"4644485575","v":"3903840250","key":"0","osmid":470250510,"name":null,"ref":null,"highway":"residential","length":40.24711347946466,"oneway":false},"geometry":{"type":"LineString","coordinates":[[125.0684856,11.2803348],[125.0684279,11.2806923]]}},{"type":"Feature","properties":{"u":"4644485576","v":"4644485575","key":"0","osmid":470250510,"name":null,"ref":null,"highway":"residential","length":48.50808222833805,"oneway":false},"geometry":{"type":"LineString","coordinates":[[125.0685517,11.2799034],[125.0684856,11.2803348]]}},{"type":"Feature","properties":{"u":"4644489515","v":"4644485575","key":"0","osmid":337410399,"name":"Serafin Marabut Street","ref":null,"highway":"tertiary","length":38.76716624631396,"oneway":false},"geometry":{"type":"LineString","coordinates":[[125.068136,11.2802715],[125.0684856,11.2803348]]}},{"type":"Feature","properties":{"u":"4644489515","v":"1107290257","key":"0","osmid":337410399,"name":"Serafin Marabut Street","ref":null,"highway":"tertiary","length":61.723891617413784,"oneway":false},"geometry":{"type":"LineString","coordinates":[[125.068136,11.2802715],[125.0675852,11.2801436]]}},{"type":"Feature","properties":{"u":"4644489515","v":"4644489516","key":"0","osmid":470251035,"name":null,"ref":null,"highway":"residential","length":45.948699015360134,"oneway":false},"geometry":{"type":"LineString","coordinates":[[125.068136,11.2802715],[125.0681869,11.2798613]]}},{"type":"Feature","properties":{"u":"4644489515","v":"3903840251","key":"0","osmid":470251035,"name":null,"ref":null,"highway":"residential","length":40.25497445340411,"oneway":false},"geometry":{"type":"LineString","coordinates":[[125.068136,11.2802715],[125.0680712,11.2806279]]}},{"type":"Feature","properties":{"u":"4644489516","v":"4644489515","key":"0","osmid":470251035,"name":null,"ref":null,"highway":"residential","length":45.948699015360134,"oneway":false},"geometry":{"type":"LineString","coordinates":[[125.0681869,11.2798613],[125.068136,11.2802715]]}},{"type":"Feature","properties":{"u":"4644489900","v":"1107290077","key":"0","osmid":95489187,"name":"San Roque Street","ref":null,"highway":"residential","length":94.01212625106739,"oneway":false},"geometry":{"type":"LineString","coordinates":[[125.0679875,11.2809349],[125.0688383,11.2810715]]}},{"type":"Feature","properties":{"u":"4644489900","v":"1107290013","key":"0","osmid":95489187,"name":"San Roque Street","ref":null,"highway":"residential","length":64.27029048061259,"oneway":false},"geometry":{"type":"LineString","coordinates":[[125.0679875,11.2809349],[125.0674009,11.2808788]]}},{"type":"Feature","properties":{"u":"4644489900","v":"3903840251","key":"0","osmid":470251085,"name":null,"ref":null,"highway":"residential","length":35.33600780819421,"oneway":false},"geometry":{"type":"LineString","coordinates":[[125.0679875,11.2809349],[125.0680712,11.2806279]]}},{"type":"Feature","properties":{"u":"4848524051","v":"2526468716","key":"0","osmid":246031910,"name":null,"ref":null,"highway":"tertiary","length":456.19736355900534,"oneway":false},"geometry":{"type":"LineString","coordinates":[[125.0841307,11.3519157],[125.0843761,11.3519972],[125.0845868,11.3520169],[125.0847289,11.3520117],[125.0849234,11.3519854],[125.0850602,11.3519183],[125.0852238,11.3517066],[125.0853177,11.3515403],[125.0853464,11.3513213],[125.0853351,11.3508966],[125.085327,11.3505653],[125.0853042,11.3502234],[125.0852391,11.3499302],[125.0852533,11.349537],[125.0852747,11.3491939],[125.0853678,11.3488595]]}},{"type":"Feature","properties":{"u":"4848524051","v":"4848524053","key":"0","osmid":246031910,"name":null,"ref":null,"highway":"tertiary","length":49.444568476518086,"oneway":false},"geometry":{"type":"LineString","coordinates":[[125.0841307,11.3519157],[125.0840422,11.3517],[125.0839591,11.3515041]]}},{"type":"Feature","properties":{"u":"4848524051","v":"6426878709","key":"0","osmid":[910440673,685750933],"name":null,"ref":null,"highway":["residential","path"],"length":1561.3371253725095,"oneway":false},"geometry":{"type":"LineString","coordinates":[[125.0841307,11.3519157],[125.0842586,11.3522668],[125.0841594,11.3524785],[125.0841562,11.3526362],[125.0842184,11.3527691],[125.0844571,11.3531241],[125.0849252,11.3536592],[125.0851513,11.3539172],[125.0852081,11.3540655],[125.0852761,11.3544455],[125.0854885,11.3548675],[125.0856655,11.3552174],[125.0858559,11.3554238],[125.0863695,11.355738],[125.0866297,11.3559852],[125.0866995,11.3563639],[125.0866458,11.3566163],[125.0865278,11.3568951],[125.0863883,11.3571844],[125.0863615,11.3574263],[125.0863883,11.3577544],[125.0863186,11.3579101],[125.0860986,11.3581731],[125.0859882,11.3582888],[125.0858152,11.3583598],[125.085652,11.3585886],[125.0855729,11.3589094],[125.0854549,11.3592513],[125.0853476,11.3596773],[125.0851634,11.3599994],[125.0848675,11.3602394],[125.08464,11.3603934],[125.0845012,11.3605406],[125.0843807,11.3609331],[125.0841782,11.3613703],[125.0840872,11.36158],[125.0840326,11.3617451],[125.0839666,11.3618967],[125.0839029,11.3620038],[125.0838073,11.3620774],[125.0837573,11.3622469],[125.083689,11.3623072],[125.0836572,11.3623986],[125.0836071,11.3624254],[125.083573,11.362528],[125.0835411,11.3627577],[125.0835093,11.3628581],[125.0834547,11.3629295],[125.0833887,11.3629986],[125.0832818,11.3631191],[125.083259,11.3632328],[125.0833546,11.3633109],[125.0835161,11.3634024],[125.0835912,11.3633912],[125.0836549,11.3634381],[125.083689,11.3635139],[125.0837664,11.3636433]]}},{"type":"Feature","properties":{"u":"4848524053","v":"4848524051","key":"0","osmid":246031910,"name":null,"ref":null,"highway":"tertiary","length":49.444568476518086,"oneway":false},"geometry":{"type":"LineString","coordinates":[[125.0839591,11.3515041],[125.0840422,11.3517],[125.0841307,11.3519157]]}},{"type":"Feature","properties":{"u":"4848524053","v":"8449003442","key":"0","osmid":246031910,"name":null,"ref":null,"highway":"tertiary","length":1504.2282558973134,"oneway":false},"geometry":{"type":"LineString","coordinates":[[125.0839591,11.3515041],[125.0837673,11.3514148],[125.0834575,11.351374],[125.0831356,11.3514121],[125.0826716,11.3514489],[125.0824463,11.3514331],[125.0821406,11.3512701],[125.0816846,11.3511531],[125.0814539,11.3512122],[125.0812608,11.351228],[125.0809591,11.351107],[125.0807995,11.3511636],[125.0805849,11.3512438],[125.0803596,11.3511965],[125.0800752,11.3510334],[125.0797802,11.350923],[125.0794785,11.3508414],[125.0790882,11.3505758],[125.0785571,11.3499552],[125.0782634,11.3497001],[125.0778973,11.3496396],[125.0774346,11.3495305],[125.076756,11.3494608],[125.0761673,11.3493951],[125.075777,11.349424],[125.0754055,11.3494621],[125.0751588,11.3494608],[125.0746196,11.3492347],[125.0741006,11.349019],[125.0739424,11.3489322],[125.07376,11.3487573],[125.0735213,11.3485627],[125.0733,11.3485246],[125.0729983,11.3485207],[125.0728051,11.3484339],[125.0726709,11.3482689],[125.0725168,11.3477751],[125.0725061,11.3475108],[125.0725422,11.3470411],[125.0725064,11.3469123]]}},{"type":"Feature","properties":{"u":"4848524053","v":"7308024294","key":"0","osmid":782580220,"name":null,"ref":null,"highway":"residential","length":163.87205233381445,"oneway":false},"geometry":{"type":"LineString","coordinates":[[125.0839591,11.3515041],[125.084025,11.3513307],[125.0841085,11.3509539],[125.0841589,11.3506749],[125.0842558,11.3504349],[125.084295,11.3503367],[125.0843016,11.3502164],[125.084267,11.350085]]}},{"type":"Feature","properties":{"u":"4848524280","v":"2525595558","key":"0","osmid":245451244,"name":null,"ref":null,"highway":"tertiary","length":1167.2727011542365,"oneway":false},"geometry":{"type":"LineString","coordinates":[[125.1023,11.3394018],[125.1021579,11.3396779],[125.1020397,11.3399314],[125.1019792,11.3401646],[125.1018928,11.3403259],[125.101746,11.3405016],[125.1015842,11.3406188],[125.1013981,11.3407362],[125.1010757,11.3409775],[125.1008377,11.3412],[125.1005451,11.3415016],[125.1003812,11.3417414],[125.1003087,11.3419121],[125.1003073,11.3420839],[125.1003501,11.3423346],[125.1003621,11.3425373],[125.1003304,11.3426906],[125.1001844,11.3429511],[125.1000278,11.3433024],[125.0999662,11.3435606],[125.0999706,11.3436884],[125.0999941,11.3437948],[125.100082,11.3439686],[125.1003882,11.3443651],[125.1005362,11.3445821],[125.1006066,11.3447085],[125.1006579,11.3448464],[125.1006388,11.3449858],[125.1005509,11.3451108],[125.1004219,11.3452918],[125.1003648,11.3454369],[125.1003296,11.3456639],[125.1002388,11.3459556],[125.1001965,11.3461288],[125.1001177,11.3463706],[125.1000069,11.3464821],[125.0997944,11.3466388],[125.0995085,11.3469659],[125.0993236,11.3471553],[125.0992745,11.3472268],[125.0992528,11.3472937],[125.0992447,11.3473963],[125.0992396,11.3475647],[125.0992293,11.3476481],[125.0991994,11.3477348],[125.0991471,11.3478264],[125.0989982,11.3480644],[125.0988371,11.3483101]]}},{"type":"Feature","properties":{"u":"4848524280","v":"8314797400","key":"0","osmid":245451244,"name":null,"ref":null,"highway":"tertiary","length":164.32718578686774,"oneway":false},"geometry":{"type":"LineString","coordinates":[[125.1023,11.3394018],[125.1023403,11.339123],[125.1023939,11.3388601],[125.1024697,11.3386609],[125.1026031,11.3383104],[125.1026648,11.3380185],[125.102676,11.3379766]]}},{"type":"Feature","properties":{"u":"4848524280","v":"8314797405","key":"0","osmid":894562262,"name":null,"ref":null,"highway":"residential","length":236.35407292481514,"oneway":false},"geometry":{"type":"LineString","coordinates":[[125.1023,11.3394018],[125.1016818,11.3394452],[125.1014914,11.3387772],[125.1014417,11.3385366],[125.1014578,11.337958]]}},{"type":"Feature","properties":{"u":"4848524282","v":"8314797400","key":"0","osmid":245451244,"name":null,"ref":null,"highway":"tertiary","length":38.774016947739156,"oneway":false},"geometry":{"type":"LineString","coordinates":[[125.1027467,11.3376359],[125.1027346,11.3377581],[125.102676,11.3379766]]}},{"type":"Feature","properties":{"u":"4848524282","v":"8314797406","key":"0","osmid":492882495,"name":null,"ref":null,"highway":"tertiary","length":135.80736672154302,"oneway":false},"geometry":{"type":"LineString","coordinates":[[125.1027467,11.3376359],[125.102587,11.3376082],[125.1015852,11.3374886],[125.1015114,11.3374804]]}},{"type":"Feature","properties":{"u":"4848524282","v":"2526385969","key":"0","osmid":[894563850,245439738],"name":null,"ref":null,"highway":"unclassified","length":1421.725133609486,"oneway":false},"geometry":{"type":"LineString","coordinates":[[125.1027467,11.3376359],[125.1029062,11.3375543],[125.1031,11.3375175],[125.1032294,11.337457],[125.1033615,11.337363],[125.1034145,11.3372729],[125.1035238,11.3370389],[125.1037257,11.3367877],[125.1040328,11.3367272],[125.1046336,11.3365708],[125.1050198,11.3363781],[125.1051794,11.3362499],[125.1053551,11.3360053],[125.105461,11.3356976],[125.1055368,11.3351815],[125.1055911,11.3349771],[125.105693,11.334864],[125.1058908,11.3348218],[125.1060518,11.3348094],[125.1063086,11.3347956],[125.1064803,11.3348403],[125.1069818,11.3350467],[125.1073064,11.3351322],[125.1077382,11.3351493],[125.1080091,11.3351453],[125.1082787,11.3350836],[125.1085469,11.3350888],[125.1088111,11.3352072],[125.1089473,11.3352992],[125.1090377,11.3353248],[125.1091136,11.3353051],[125.1098252,11.3351115],[125.1104338,11.3350528],[125.1108927,11.3351055],[125.1113,11.33511],[125.1118427,11.3350807],[125.112499,11.3351083],[125.1128668,11.335111],[125.1134451,11.3349946],[125.1138836,11.3349205],[125.1140539,11.334903]]}},{"type":"Feature","properties":{"u":"4848524306","v":"2526468582","key":"0","osmid":[245442592,245451245],"name":null,"ref":null,"highway":"tertiary","length":1715.4321588358537,"oneway":false},"geometry":{"type":"LineString","coordinates":[[125.0961779,11.3352216],[125.0958842,11.3358186],[125.0956925,11.3366602],[125.0956106,11.337006],[125.0954014,11.337123],[125.095101,11.337148],[125.0948891,11.337198],[125.0947308,11.3373321],[125.0945699,11.337695],[125.0944519,11.3382315],[125.0944412,11.3385681],[125.094428,11.3387473],[125.0942194,11.3391832],[125.0940931,11.3395438],[125.0940576,11.3396457],[125.0939559,11.3397053],[125.0938049,11.3397591],[125.0936674,11.3397204],[125.0934015,11.3396542],[125.0932834,11.3396407],[125.0928937,11.3397564],[125.0924847,11.3399744],[125.0922711,11.340204],[125.0921214,11.3404869],[125.0920374,11.3408302],[125.0918949,11.3412643],[125.0916504,11.341659],[125.0913155,11.3418205],[125.0910054,11.3419093],[125.0904729,11.3419147],[125.0901216,11.3419766],[125.0896303,11.3421865],[125.0893119,11.342348],[125.0892158,11.3425229],[125.0890402,11.3428162],[125.0888974,11.3432548],[125.0887218,11.3436246],[125.0881646,11.3444793],[125.0878353,11.3449798],[125.0875114,11.345588],[125.0873931,11.3460483]]}},{"type":"Feature","properties":{"u":"4848524306","v":"4848524308","key":"0","osmid":245442592,"name":null,"ref":null,"highway":"tertiary","length":177.59310146749766,"oneway":false},"geometry":{"type":"LineString","coordinates":[[125.0961779,11.3352216],[125.0965152,11.3343143],[125.0967171,11.3337147]]}},{"type":"Feature","properties":{"u":"4848524306","v":"8314797406","key":"0","osmid":492882495,"name":null,"ref":null,"highway":"tertiary","length":658.0107249888808,"oneway":false},"geometry":{"type":"LineString","coordinates":[[125.0961779,11.3352216],[125.0963482,11.3353347],[125.0965212,11.3353663],[125.0966808,11.3354215],[125.0968042,11.3355162],[125.0974479,11.3363643],[125.0975244,11.3364169],[125.097869,11.3364984],[125.0983626,11.3366589],[125.0987971,11.3367115],[125.0993469,11.3368245],[125.0997519,11.3369744],[125.1003581,11.3372532],[125.1010059,11.3374241],[125.1015114,11.3374804]]}},{"type":"Feature","properties":{"u":"4848524308","v":"4848524306","key":"0","osmid":245442592,"name":null,"ref":null,"highway":"tertiary","length":177.59310146749766,"oneway":false},"geometry":{"type":"LineString","coordinates":[[125.0967171,11.3337147],[125.0965152,11.3343143],[125.0961779,11.3352216]]}},{"type":"Feature","properties":{"u":"4848524308","v":"8314859138","key":"0","osmid":245442592,"name":null,"ref":null,"highway":"tertiary","length":160.46794714383998,"oneway":false},"geometry":{"type":"LineString","coordinates":[[125.0967171,11.3337147],[125.096835,11.3334005],[125.0969101,11.3330428],[125.0969102,11.332547],[125.0968206,11.3323158]]}},{"type":"Feature","properties":{"u":"4848524308","v":"8314859138","key":"1","osmid":894562522,"name":null,"ref":null,"highway":"residential","length":216.1061428215918,"oneway":false},"geometry":{"type":"LineString","coordinates":[[125.0967171,11.3337147],[125.0961202,11.3333702],[125.0963241,11.3331098],[125.096481,11.3329362],[125.0968206,11.3323158]]}},{"type":"Feature","properties":{"u":"4848524333","v":"6572188718","key":"0","osmid":25552377,"name":"Dolongan-Basey Road","ref":"670","highway":"secondary","length":444.73911071578067,"oneway":false},"geometry":{"type":"LineString","coordinates":[[125.0328682,11.3307947],[125.0352939,11.3275791]]}},{"type":"Feature","properties":{"u":"4848524333","v":"8386120096","key":"0","osmid":[245348115,902910669,902910670],"name":null,"ref":null,"highway":"tertiary","length":516.9730640993658,"oneway":false},"geometry":{"type":"LineString","coordinates":[[125.0328682,11.3307947],[125.0339184,11.3318978],[125.0340138,11.3319915],[125.0347258,11.332664],[125.0360401,11.3337568],[125.0362976,11.3339864],[125.0363033,11.3339915]]}},{"type":"Feature","properties":{"u":"4848524338","v":"8386131018","key":"0","osmid":902910635,"name":null,"ref":null,"highway":"service","length":81.96412946289419,"oneway":false},"geometry":{"type":"LineString","coordinates":[[125.0366825,11.3344235],[125.0372613,11.3339531]]}},{"type":"Feature","properties":{"u":"4848524338","v":"8332835829","key":"0","osmid":245348115,"name":null,"ref":null,"highway":"tertiary","length":845.8846490416672,"oneway":false},"geometry":{"type":"LineString","coordinates":[[125.0366825,11.3344235],[125.0366771,11.3344853],[125.0366262,11.3345523],[125.0365779,11.3346141],[125.0365752,11.3346917],[125.0368635,11.3350546],[125.0372793,11.3355267],[125.0375086,11.3357082],[125.0377902,11.3358304],[125.0380518,11.3358673],[125.0384125,11.3358817],[125.0384943,11.3359067],[125.0386284,11.3360237],[125.0387357,11.3362802],[125.0388578,11.3366115],[125.0389664,11.33691],[125.0389463,11.3371454],[125.0388953,11.3373019],[125.0389154,11.3374557],[125.0389865,11.3376148],[125.0391367,11.3378134],[125.0393996,11.3379909],[125.0395994,11.338146],[125.0397965,11.3381986],[125.0401828,11.3383222],[125.040455,11.3384156],[125.0405328,11.3384406],[125.0406227,11.3384406],[125.0408372,11.3383985],[125.0410089,11.3383775],[125.0411336,11.3383722],[125.041261,11.3384748],[125.0414354,11.3385655],[125.0416607,11.3386076],[125.0417995,11.3386067]]}},{"type":"Feature","properties":{"u":"4848524338","v":"8386120096","key":"0","osmid":245348115,"name":null,"ref":null,"highway":"tertiary","length":63.41582206516515,"oneway":false},"geometry":{"type":"LineString","coordinates":[[125.0366825,11.3344235],[125.0363351,11.3340198],[125.0363033,11.3339915]]}},{"type":"Feature","properties":{"u":"4848524437","v":"2525595897","key":"0","osmid":[492882496,245394563],"name":null,"ref":null,"highway":"track","length":560.0229519120298,"oneway":false},"geometry":{"type":"LineString","coordinates":[[125.1551315,11.3726438],[125.1550081,11.3725123],[125.1548392,11.3723493],[125.1547158,11.3722678],[125.1546675,11.3721389],[125.154638,11.3720285],[125.1545173,11.3719365],[125.1544207,11.3718444],[125.1544154,11.3717603],[125.15441,11.3715236],[125.1544234,11.3713659],[125.1544073,11.3712712],[125.1543537,11.3711371],[125.1543993,11.3708662],[125.15441,11.3706085],[125.1543859,11.3703456],[125.154359,11.3702351],[125.1543336,11.3701549],[125.1542196,11.3699498],[125.1541713,11.3698552],[125.1541686,11.369729],[125.1541699,11.3695935],[125.1541579,11.3694673],[125.1541163,11.3692846],[125.1541834,11.3690729],[125.154233,11.3690137],[125.1542987,11.3689493],[125.1543711,11.3687494],[125.1543684,11.3686009],[125.1542705,11.3684247],[125.1541632,11.3683024],[125.1541154,11.3681021]]}},{"type":"Feature","properties":{"u":"4848524437","v":"2526056514","key":"0","osmid":245394563,"name":null,"ref":null,"highway":"track","length":1574.4674023396838,"oneway":false},"geometry":{"type":"LineString","coordinates":[[125.1551315,11.3726438],[125.1552361,11.3728042],[125.1554024,11.3731066],[125.1555822,11.373475],[125.1559562,11.3738323],[125.1567713,11.3741613],[125.1576151,11.3741989],[125.1580083,11.3746126],[125.1582672,11.3752142],[125.1586603,11.3770474],[125.1584973,11.3780533],[125.158085,11.3786455],[125.1582384,11.3790592],[125.1578933,11.380187],[125.1582512,11.3810532],[125.1587209,11.3812615],[125.1588999,11.3816562],[125.1591347,11.3817659],[125.1596492,11.3815575],[125.1601861,11.3815247],[125.1615729,11.3816782]]}},{"type":"Feature","properties":{"u":"4848524437","v":"2526056557","key":"0","osmid":245394564,"name":null,"ref":null,"highway":"track","length":1756.997241131027,"oneway":false},"geometry":{"type":"LineString","coordinates":[[125.1551315,11.3726438],[125.1553233,11.3727345],[125.1554936,11.372799],[125.1556519,11.3729502],[125.1557189,11.3731224],[125.15579,11.3731855],[125.1560341,11.3733091],[125.1562527,11.3734379],[125.1563399,11.3734682],[125.1564163,11.3735116],[125.1564619,11.3735694],[125.1565035,11.3736141],[125.1565491,11.3736641],[125.1566134,11.3737062],[125.1567006,11.3737219],[125.1567449,11.3737193],[125.1568079,11.3737009],[125.1568951,11.3736877],[125.1569541,11.3736851],[125.1570627,11.3736838],[125.1571177,11.3736654],[125.1571485,11.3736391],[125.1571968,11.373572],[125.1572129,11.3735155],[125.15728,11.3734458],[125.1574141,11.3734024],[125.1575066,11.3733893],[125.1576059,11.3733735],[125.1577051,11.3733367],[125.1577668,11.3733104],[125.1578164,11.3732604],[125.1578875,11.3731158],[125.1579988,11.3728187],[125.1580873,11.372774],[125.1582295,11.372724],[125.1583166,11.3726912],[125.1584092,11.3726754],[125.1584615,11.3726885],[125.1585178,11.3727253],[125.1585688,11.3727622],[125.158613,11.3727477],[125.1586519,11.3727056],[125.1587297,11.372511],[125.1587445,11.3724269],[125.1587337,11.3722823],[125.158727,11.3721245],[125.158776,11.3720561],[125.158897,11.3720036],[125.1591134,11.3719751],[125.1594946,11.3719803],[125.1599357,11.3721401],[125.1601371,11.3723281],[125.1601275,11.3727136],[125.159859,11.3730144],[125.1598494,11.3733246],[125.1600412,11.3735032],[125.1602905,11.3740109],[125.160233,11.3742365],[125.1604344,11.374716],[125.1604919,11.374951],[125.1610193,11.3753176],[125.1614412,11.3757877],[125.1614508,11.3760603],[125.1612686,11.3762765],[125.1612495,11.3767184],[125.1609138,11.3768876],[125.1607316,11.3772918],[125.1608275,11.3778089],[125.1612782,11.3780909],[125.1619015,11.3781943],[125.1630331,11.3786361],[125.1632824,11.3789934]]}},{"type":"Feature","properties":{"u":"4848524458","v":"2525595897","key":"0","osmid":1105826269,"name":null,"ref":null,"highway":"path","length":101.6339353361945,"oneway":false},"geometry":{"type":"LineString","coordinates":[[125.1532956,11.3676759],[125.1535342,11.3678461],[125.1537341,11.3679343],[125.1539191,11.3680197],[125.1541154,11.3681021]]}},{"type":"Feature","properties":{"u":"4848524458","v":"10119067449","key":"0","osmid":1105826270,"name":null,"ref":null,"highway":"unclassified","length":183.15163974795564,"oneway":false},"geometry":{"type":"LineString","coordinates":[[125.1532956,11.3676759],[125.153439,11.3675214],[125.153608,11.3673821],[125.1539218,11.3672532],[125.1542839,11.3670823],[125.1545387,11.3669087],[125.1546836,11.3667825]]}},{"type":"Feature","properties":{"u":"4848524458","v":"8434465834","key":"0","osmid":[953885912,1105826270],"name":null,"ref":null,"highway":"unclassified","length":512.1891484308351,"oneway":false},"geometry":{"type":"LineString","coordinates":[[125.1532956,11.3676759],[125.1531588,11.3678101],[125.1530743,11.3679251],[125.1530488,11.3680441],[125.1530246,11.3682611],[125.1530528,11.3686095],[125.1531386,11.3692143],[125.1533331,11.3699282],[125.1534377,11.3703108],[125.1534779,11.3704863],[125.15349,11.3706309],[125.1534847,11.3707591],[125.1534672,11.370836],[125.1534323,11.3709215],[125.1533867,11.3709872],[125.1532795,11.3710937],[125.1531373,11.3712311],[125.1528007,11.371527],[125.1525338,11.3717557]]}},{"type":"Feature","properties":{"u":"4848524480","v":"4848524514","key":"0","osmid":492882498,"name":null,"ref":null,"highway":"residential","length":110.88606175773614,"oneway":false},"geometry":{"type":"LineString","coordinates":[[125.1501748,11.3732026],[125.1502794,11.3732065],[125.1505342,11.3731855],[125.1507555,11.3732223],[125.1509593,11.3732394],[125.1511833,11.3732801]]}},{"type":"Feature","properties":{"u":"4848524480","v":"4848524498","key":"0","osmid":492882498,"name":null,"ref":null,"highway":"residential","length":41.33211474531348,"oneway":false},"geometry":{"type":"LineString","coordinates":[[125.1501748,11.3732026],[125.1500702,11.373196],[125.1497966,11.3732157]]}},{"type":"Feature","properties":{"u":"4848524480","v":"9277158268","key":"0","osmid":1005510689,"name":null,"ref":null,"highway":"footway","length":50.63465775286657,"oneway":false},"geometry":{"type":"LineString","coordinates":[[125.1501748,11.3732026],[125.1501292,11.373029],[125.1500608,11.3729199],[125.1500447,11.3727727]]}},{"type":"Feature","properties":{"u":"4848524483","v":"4848524490","key":"0","osmid":492882501,"name":null,"ref":null,"highway":"residential","length":37.158392143905154,"oneway":false},"geometry":{"type":"LineString","coordinates":[[125.150671,11.371947],[125.1506173,11.371617]]}},{"type":"Feature","properties":{"u":"4848524483","v":"4848524486","key":"0","osmid":492882502,"name":null,"ref":null,"highway":"residential","length":26.667785198010833,"oneway":false},"geometry":{"type":"LineString","coordinates":[[125.150671,11.371947],[125.1509151,11.3719312]]}},{"type":"Feature","properties":{"u":"4848524483","v":"4848524484","key":"0","osmid":492882502,"name":null,"ref":null,"highway":"residential","length":41.37688752318081,"oneway":false},"geometry":{"type":"LineString","coordinates":[[125.150671,11.371947],[125.1502928,11.3719785]]}},{"type":"Feature","properties":{"u":"4848524484","v":"4848524491","key":"0","osmid":492882500,"name":null,"ref":null,"highway":"residential","length":41.24204329650782,"oneway":false},"geometry":{"type":"LineString","coordinates":[[125.1502928,11.3719785],[125.1502841,11.3716077]]}},{"type":"Feature","properties":{"u":"4848524484","v":"4848524483","key":"0","osmid":492882502,"name":null,"ref":null,"highway":"residential","length":41.37688752318081,"oneway":false},"geometry":{"type":"LineString","coordinates":[[125.1502928,11.3719785],[125.150671,11.371947]]}},{"type":"Feature","properties":{"u":"4848524484","v":"4848524485","key":"0","osmid":492882502,"name":null,"ref":null,"highway":"residential","length":37.64894409900477,"oneway":false},"geometry":{"type":"LineString","coordinates":[[125.1502928,11.3719785],[125.1499481,11.3719995]]}},{"type":"Feature","properties":{"u":"4848524485","v":"4848524492","key":"0","osmid":492882499,"name":null,"ref":null,"highway":"residential","length":39.344761355287645,"oneway":false},"geometry":{"type":"LineString","coordinates":[[125.1499481,11.3719995],[125.1499025,11.3716485]]}},{"type":"Feature","properties":{"u":"4848524485","v":"4848524484","key":"0","osmid":492882502,"name":null,"ref":null,"highway":"residential","length":37.64894409900477,"oneway":false},"geometry":{"type":"LineString","coordinates":[[125.1499481,11.3719995],[125.1502928,11.3719785]]}},{"type":"Feature","properties":{"u":"4848524485","v":"4848524495","key":"0","osmid":492882502,"name":null,"ref":null,"highway":"residential","length":35.801486490727726,"oneway":false},"geometry":{"type":"LineString","coordinates":[[125.1499481,11.3719995],[125.1496209,11.3720272]]}},{"type":"Feature","properties":{"u":"4848524486","v":"4848524483","key":"0","osmid":492882502,"name":null,"ref":null,"highway":"residential","length":26.667785198010833,"oneway":false},"geometry":{"type":"LineString","coordinates":[[125.1509151,11.3719312],[125.150671,11.371947]]}},{"type":"Feature","properties":{"u":"4848524486","v":"4848524516","key":"0","osmid":492882497,"name":null,"ref":null,"highway":"residential","length":139.26192641329047,"oneway":false},"geometry":{"type":"LineString","coordinates":[[125.1509151,11.3719312],[125.1509178,11.3719772],[125.1509181,11.372016],[125.1509191,11.3720646],[125.1510163,11.3722882],[125.1511095,11.3724308],[125.151237,11.3725879],[125.1513791,11.3727707],[125.1514562,11.372889],[125.1515441,11.3729936]]}},{"type":"Feature","properties":{"u":"4848524486","v":"4848524489","key":"0","osmid":492882503,"name":null,"ref":null,"highway":"residential","length":38.34144477118336,"oneway":false},"geometry":{"type":"LineString","coordinates":[[125.1509151,11.3719312],[125.1508876,11.371849],[125.1508608,11.3717432],[125.1508414,11.3716709],[125.1508186,11.3715998]]}},{"type":"Feature","properties":{"u":"4848524489","v":"4848524490","key":"0","osmid":492882503,"name":null,"ref":null,"highway":"residential","length":22.027345702558407,"oneway":false},"geometry":{"type":"LineString","coordinates":[[125.1508186,11.3715998],[125.1506173,11.371617]]}},{"type":"Feature","properties":{"u":"4848524489","v":"4848524486","key":"0","osmid":492882503,"name":null,"ref":null,"highway":"residential","length":38.34144477118336,"oneway":false},"geometry":{"type":"LineString","coordinates":[[125.1508186,11.3715998],[125.1508414,11.3716709],[125.1508608,11.3717432],[125.1508876,11.371849],[125.1509151,11.3719312]]}},{"type":"Feature","properties":{"u":"4848524489","v":"8434465834","key":"0","osmid":908362908,"name":null,"ref":null,"highway":"residential","length":340.8503269466816,"oneway":false},"geometry":{"type":"LineString","coordinates":[[125.1508186,11.3715998],[125.1507716,11.3714382],[125.1507126,11.3712344],[125.1506616,11.3710543],[125.1506563,11.3710043],[125.1506697,11.370978],[125.1507957,11.3709333],[125.1511793,11.3708163],[125.1514851,11.37074],[125.1515079,11.37074],[125.1515253,11.3707532],[125.1516245,11.3710806],[125.1516728,11.3711647],[125.151819,11.3713225],[125.1518713,11.3713461],[125.1519974,11.3713001],[125.1520242,11.3713027],[125.1522347,11.3714894],[125.1525338,11.3717557]]}},{"type":"Feature","properties":{"u":"4848524490","v":"4848524483","key":"0","osmid":492882501,"name":null,"ref":null,"highway":"residential","length":37.158392143905154,"oneway":false},"geometry":{"type":"LineString","coordinates":[[125.1506173,11.371617],[125.150671,11.371947]]}},{"type":"Feature","properties":{"u":"4848524490","v":"4848524489","key":"0","osmid":492882503,"name":null,"ref":null,"highway":"residential","length":22.027345702558407,"oneway":false},"geometry":{"type":"LineString","coordinates":[[125.1506173,11.371617],[125.1508186,11.3715998]]}},{"type":"Feature","properties":{"u":"4848524490","v":"4848524491","key":"0","osmid":492882503,"name":null,"ref":null,"highway":"residential","length":36.33758650042956,"oneway":false},"geometry":{"type":"LineString","coordinates":[[125.1506173,11.371617],[125.1502841,11.3716077]]}},{"type":"Feature","properties":{"u":"4848524491","v":"4848524484","key":"0","osmid":492882500,"name":null,"ref":null,"highway":"residential","length":41.24204329650782,"oneway":false},"geometry":{"type":"LineString","coordinates":[[125.1502841,11.3716077],[125.1502928,11.3719785]]}},{"type":"Feature","properties":{"u":"4848524491","v":"4848524490","key":"0","osmid":492882503,"name":null,"ref":null,"highway":"residential","length":36.33758650042956,"oneway":false},"geometry":{"type":"LineString","coordinates":[[125.1502841,11.3716077],[125.1506173,11.371617]]}},{"type":"Feature","properties":{"u":"4848524491","v":"4848524492","key":"0","osmid":492882503,"name":null,"ref":null,"highway":"residential","length":41.845713954505996,"oneway":false},"geometry":{"type":"LineString","coordinates":[[125.1502841,11.3716077],[125.1499025,11.3716485]]}},{"type":"Feature","properties":{"u":"4848524492","v":"4848524485","key":"0","osmid":492882499,"name":null,"ref":null,"highway":"residential","length":39.344761355287645,"oneway":false},"geometry":{"type":"LineString","coordinates":[[125.1499025,11.3716485],[125.1499481,11.3719995]]}},{"type":"Feature","properties":{"u":"4848524492","v":"4848524491","key":"0","osmid":492882503,"name":null,"ref":null,"highway":"residential","length":41.845713954505996,"oneway":false},"geometry":{"type":"LineString","coordinates":[[125.1499025,11.3716485],[125.1502841,11.3716077]]}},{"type":"Feature","properties":{"u":"4848524492","v":"4848524494","key":"0","osmid":492882503,"name":null,"ref":null,"highway":"residential","length":38.16904365068025,"oneway":false},"geometry":{"type":"LineString","coordinates":[[125.1499025,11.3716485],[125.1495532,11.3716722]]}},{"type":"Feature","properties":{"u":"4848524493","v":"4848524494","key":"0","osmid":492882503,"name":null,"ref":null,"highway":"residential","length":36.85546682832777,"oneway":false},"geometry":{"type":"LineString","coordinates":[[125.1492158,11.3716933],[125.1495532,11.3716722]]}},{"type":"Feature","properties":{"u":"4848524494","v":"4848524492","key":"0","osmid":492882503,"name":null,"ref":null,"highway":"residential","length":38.16904365068025,"oneway":false},"geometry":{"type":"LineString","coordinates":[[125.1495532,11.3716722],[125.1499025,11.3716485]]}},{"type":"Feature","properties":{"u":"4848524494","v":"4848524493","key":"0","osmid":492882503,"name":null,"ref":null,"highway":"residential","length":36.85546682832777,"oneway":false},"geometry":{"type":"LineString","coordinates":[[125.1495532,11.3716722],[125.1492158,11.3716933]]}},{"type":"Feature","properties":{"u":"4848524494","v":"4848524495","key":"0","osmid":492882504,"name":null,"ref":null,"highway":"residential","length":40.158224131134105,"oneway":false},"geometry":{"type":"LineString","coordinates":[[125.1495532,11.3716722],[125.1496209,11.3720272]]}},{"type":"Feature","properties":{"u":"4848524495","v":"4848524485","key":"0","osmid":492882502,"name":null,"ref":null,"highway":"residential","length":35.801486490727726,"oneway":false},"geometry":{"type":"LineString","coordinates":[[125.1496209,11.3720272],[125.1499481,11.3719995]]}},{"type":"Feature","properties":{"u":"4848524495","v":"4848524494","key":"0","osmid":492882504,"name":null,"ref":null,"highway":"residential","length":40.158224131134105,"oneway":false},"geometry":{"type":"LineString","coordinates":[[125.1496209,11.3720272],[125.1495532,11.3716722]]}},{"type":"Feature","properties":{"u":"4848524495","v":"4848524498","key":"0","osmid":492882504,"name":null,"ref":null,"highway":"residential","length":133.56446242588544,"oneway":false},"geometry":{"type":"LineString","coordinates":[[125.1496209,11.3720272],[125.1496866,11.372444],[125.1497832,11.3730685],[125.1497966,11.3732157]]}},{"type":"Feature","properties":{"u":"4848524498","v":"4848524480","key":"0","osmid":492882498,"name":null,"ref":null,"highway":"residential","length":41.33211474531348,"oneway":false},"geometry":{"type":"LineString","coordinates":[[125.1497966,11.3732157],[125.1500702,11.373196],[125.1501748,11.3732026]]}},{"type":"Feature","properties":{"u":"4848524498","v":"4848524495","key":"0","osmid":492882504,"name":null,"ref":null,"highway":"residential","length":133.56446242588544,"oneway":false},"geometry":{"type":"LineString","coordinates":[[125.1497966,11.3732157],[125.1497832,11.3730685],[125.1496866,11.372444],[125.1496209,11.3720272]]}},{"type":"Feature","properties":{"u":"4848524498","v":"4848524501","key":"0","osmid":492882504,"name":null,"ref":null,"highway":"residential","length":38.587956184877676,"oneway":false},"geometry":{"type":"LineString","coordinates":[[125.1497966,11.3732157],[125.1498181,11.3733854],[125.1498623,11.3735155],[125.1498703,11.3735536]]}},{"type":"Feature","properties":{"u":"4848524501","v":"13956012171","key":"0","osmid":492882504,"name":null,"ref":null,"highway":"residential","length":6.892080687561567,"oneway":false},"geometry":{"type":"LineString","coordinates":[[125.1498703,11.3735536],[125.1498906,11.3736123]]}},{"type":"Feature","properties":{"u":"4848524501","v":"4848524498","key":"0","osmid":492882504,"name":null,"ref":null,"highway":"residential","length":38.58795618487767,"oneway":false},"geometry":{"type":"LineString","coordinates":[[125.1498703,11.3735536],[125.1498623,11.3735155],[125.1498181,11.3733854],[125.1497966,11.3732157]]}},{"type":"Feature","properties":{"u":"4848524501","v":"8434494002","key":"0","osmid":908355037,"name":null,"ref":null,"highway":"residential","length":124.50853217802498,"oneway":false},"geometry":{"type":"LineString","coordinates":[[125.1498703,11.3735536],[125.1500863,11.3735155],[125.1504497,11.3734603],[125.1505181,11.3734603],[125.1505744,11.3734866],[125.1506147,11.3735497],[125.1506388,11.3736391],[125.1506334,11.3736654],[125.150616,11.3736733],[125.1504148,11.3737226]]}},{"type":"Feature","properties":{"u":"4848524514","v":"4848524480","key":"0","osmid":492882498,"name":null,"ref":null,"highway":"residential","length":110.88606175773616,"oneway":false},"geometry":{"type":"LineString","coordinates":[[125.1511833,11.3732801],[125.1509593,11.3732394],[125.1507555,11.3732223],[125.1505342,11.3731855],[125.1502794,11.3732065],[125.1501748,11.3732026]]}},{"type":"Feature","properties":{"u":"4848524514","v":"8434438863","key":"0","osmid":492882504,"name":null,"ref":null,"highway":"residential","length":176.49859575956782,"oneway":false},"geometry":{"type":"LineString","coordinates":[[125.1511833,11.3732801],[125.1511028,11.3734846],[125.151023,11.3736056],[125.1509728,11.3736825],[125.1508306,11.3738192],[125.150677,11.3738777],[125.1504189,11.373998],[125.1502358,11.3741164],[125.150091,11.374213],[125.149981,11.3742288]]}},{"type":"Feature","properties":{"u":"4848524514","v":"4848524516","key":"0","osmid":492882504,"name":null,"ref":null,"highway":"residential","length":51.12220295048731,"oneway":false},"geometry":{"type":"LineString","coordinates":[[125.1511833,11.3732801],[125.151355,11.3731848],[125.1515441,11.3729936]]}},{"type":"Feature","properties":{"u":"4848524516","v":"4848524486","key":"0","osmid":492882497,"name":null,"ref":null,"highway":"residential","length":139.26192641329044,"oneway":false},"geometry":{"type":"LineString","coordinates":[[125.1515441,11.3729936],[125.1514562,11.372889],[125.1513791,11.3727707],[125.151237,11.3725879],[125.1511095,11.3724308],[125.1510163,11.3722882],[125.1509191,11.3720646],[125.1509181,11.372016],[125.1509178,11.3719772],[125.1509151,11.3719312]]}},{"type":"Feature","properties":{"u":"4848524516","v":"8434560800","key":"0","osmid":492882497,"name":null,"ref":null,"highway":"residential","length":180.722553101168,"oneway":false},"geometry":{"type":"LineString","coordinates":[[125.1515441,11.3729936],[125.1516272,11.3732158],[125.1516782,11.3733249],[125.1517265,11.3734872],[125.1517513,11.3736588],[125.1517553,11.3737706],[125.151709,11.3739454],[125.1517224,11.374115],[125.1517144,11.3742439],[125.1516312,11.3743609],[125.1515692,11.3745429]]}},{"type":"Feature","properties":{"u":"4848524516","v":"4848524514","key":"0","osmid":492882504,"name":null,"ref":null,"highway":"residential","length":51.12220295048731,"oneway":false},"geometry":{"type":"LineString","coordinates":[[125.1515441,11.3729936],[125.151355,11.3731848],[125.1511833,11.3732801]]}},{"type":"Feature","properties":{"u":"4848524521","v":"8434560800","key":"0","osmid":492882505,"name":null,"ref":null,"highway":"tertiary","length":226.87587567608867,"oneway":false},"geometry":{"type":"LineString","coordinates":[[125.1496171,11.3752369],[125.1498717,11.3751597],[125.1501748,11.3750414],[125.1503545,11.3749651],[125.1505396,11.3748652],[125.1507153,11.3747968],[125.1515692,11.3745429]]}},{"type":"Feature","properties":{"u":"4848524521","v":"4848524527","key":"0","osmid":492882505,"name":null,"ref":null,"highway":"tertiary","length":339.12272053121006,"oneway":false},"geometry":{"type":"LineString","coordinates":[[125.1496171,11.3752369],[125.1485708,11.3757125],[125.1481819,11.3758676],[125.1475409,11.3759965],[125.1471841,11.3760438],[125.146924,11.3760096],[125.1466906,11.3758952]]}},{"type":"Feature","properties":{"u":"4848524521","v":"13956012165","key":"0","osmid":908350594,"name":null,"ref":null,"highway":"residential","length":59.60918931771951,"oneway":false},"geometry":{"type":"LineString","coordinates":[[125.1496171,11.3752369],[125.1497,11.3749644],[125.1497836,11.3747264]]}},{"type":"Feature","properties":{"u":"4848524521","v":"13956012152","key":"0","osmid":1531240042,"name":null,"ref":null,"highway":"unclassified","length":781.4616475921245,"oneway":false},"geometry":{"type":"LineString","coordinates":[[125.1496171,11.3752369],[125.1495887,11.3760241],[125.14957,11.3765658],[125.1495606,11.3771639],[125.1495525,11.3775084],[125.1496048,11.3779476],[125.1496477,11.3782749],[125.1498047,11.3792939],[125.1498878,11.3796804],[125.1500836,11.3800985],[125.150266,11.3804508],[125.1505422,11.3810214],[125.1507447,11.3814146],[125.1508614,11.381667],[125.1509044,11.3818444],[125.1509044,11.3820154]]}},{"type":"Feature","properties":{"u":"4848524527","v":"8434496188","key":"0","osmid":245349096,"name":null,"ref":null,"highway":"unclassified","length":1311.6725825755655,"oneway":false},"geometry":{"type":"LineString","coordinates":[[125.1466906,11.3758952],[125.1465619,11.3760701],[125.1463473,11.3764448],[125.1463709,11.3766202],[125.1463768,11.3770456],[125.1463406,11.377419],[125.1462306,11.3777175],[125.1462306,11.3780606],[125.1461729,11.3784025],[125.1459329,11.3787193],[125.1457424,11.379048],[125.1455325,11.3791411],[125.1452114,11.3792334],[125.1448962,11.3797159],[125.1446293,11.3800945],[125.1444885,11.3802221],[125.144463,11.3803535],[125.1442525,11.3807059],[125.1441331,11.3808623],[125.1440983,11.381007],[125.1437657,11.3814527],[125.1437093,11.3816236],[125.1436396,11.3817498],[125.143484,11.3819588],[125.143421,11.38216],[125.1434425,11.382394],[125.143362,11.3827976],[125.1434129,11.3833814],[125.1434411,11.3839151],[125.1436272,11.3842948],[125.1438059,11.3844857],[125.1438924,11.3846126],[125.143932,11.3848861],[125.1439575,11.3854094],[125.1438636,11.3857904],[125.1437911,11.3860608],[125.143818,11.3862001],[125.1439051,11.3863527]]}},{"type":"Feature","properties":{"u":"4848524527","v":"4848524521","key":"0","osmid":492882505,"name":null,"ref":null,"highway":"tertiary","length":339.12272053121,"oneway":false},"geometry":{"type":"LineString","coordinates":[[125.1466906,11.3758952],[125.146924,11.3760096],[125.1471841,11.3760438],[125.1475409,11.3759965],[125.1481819,11.3758676],[125.1485708,11.3757125],[125.1496171,11.3752369]]}},{"type":"Feature","properties":{"u":"4848524527","v":"4848524573","key":"0","osmid":[245349104,492882505,492882506],"name":null,"ref":null,"highway":"tertiary","length":1869.4248153971857,"oneway":false},"geometry":{"type":"LineString","coordinates":[[125.1466906,11.3758952],[125.1464009,11.375652],[125.1457947,11.3754127],[125.1450357,11.3751129],[125.144738,11.3749815],[125.144392,11.3745476],[125.1440245,11.374169],[125.143775,11.3740822],[125.1435685,11.3740822],[125.1431233,11.3742478],[125.1428604,11.3742557],[125.1423803,11.3742426],[125.1421523,11.3742794],[125.1419941,11.374282],[125.141809,11.3742347],[125.1416588,11.3741532],[125.1412457,11.3741216],[125.1407039,11.3741505],[125.1402855,11.3741874],[125.1401514,11.3742847],[125.1394701,11.3754679],[125.1393118,11.3756152],[125.1391751,11.3756783],[125.1390517,11.3756993],[125.1389524,11.3756914],[125.1386708,11.3755547],[125.1378715,11.3751971],[125.1375362,11.3750735],[125.1373941,11.375042],[125.1372519,11.3751103],[125.1371393,11.3753522],[125.13693,11.3758966],[125.1366779,11.376291],[125.136466,11.3765644],[125.1363346,11.3766381],[125.1361307,11.3766986],[125.1359189,11.3766828],[125.1356184,11.3767459],[125.1350605,11.37688],[125.1348406,11.3768668],[125.1346019,11.3767748],[125.1339045,11.3763988],[125.1334244,11.3761595],[125.1333211,11.3761358],[125.1331897,11.3761306],[125.1330194,11.3761385],[125.1327404,11.3761385],[125.1326425,11.3761279],[125.1325741,11.3761017],[125.1325124,11.3760412],[125.1324293,11.3759229]]}},{"type":"Feature","properties":{"u":"4848524573","v":"4848524527","key":"0","osmid":[245349104,492882505,492882506],"name":null,"ref":null,"highway":"tertiary","length":1869.4248153971853,"oneway":false},"geometry":{"type":"LineString","coordinates":[[125.1324293,11.3759229],[125.1325124,11.3760412],[125.1325741,11.3761017],[125.1326425,11.3761279],[125.1327404,11.3761385],[125.1330194,11.3761385],[125.1331897,11.3761306],[125.1333211,11.3761358],[125.1334244,11.3761595],[125.1339045,11.3763988],[125.1346019,11.3767748],[125.1348406,11.3768668],[125.1350605,11.37688],[125.1356184,11.3767459],[125.1359189,11.3766828],[125.1361307,11.3766986],[125.1363346,11.3766381],[125.136466,11.3765644],[125.1366779,11.376291],[125.13693,11.3758966],[125.1371393,11.3753522],[125.1372519,11.3751103],[125.1373941,11.375042],[125.1375362,11.3750735],[125.1378715,11.3751971],[125.1386708,11.3755547],[125.1389524,11.3756914],[125.1390517,11.3756993],[125.1391751,11.3756783],[125.1393118,11.3756152],[125.1394701,11.3754679],[125.1401514,11.3742847],[125.1402855,11.3741874],[125.1407039,11.3741505],[125.1412457,11.3741216],[125.1416588,11.3741532],[125.141809,11.3742347],[125.1419941,11.374282],[125.1421523,11.3742794],[125.1423803,11.3742426],[125.1428604,11.3742557],[125.1431233,11.3742478],[125.1435685,11.3740822],[125.143775,11.3740822],[125.1440245,11.374169],[125.144392,11.3745476],[125.144738,11.3749815],[125.1450357,11.3751129],[125.1457947,11.3754127],[125.1464009,11.375652],[125.1466906,11.3758952]]}},{"type":"Feature","properties":{"u":"4848524573","v":"2525595795","key":"0","osmid":245349104,"name":null,"ref":null,"highway":"tertiary","length":3753.634147934334,"oneway":false},"geometry":{"type":"LineString","coordinates":[[125.1324293,11.3759229],[125.1324213,11.3757861],[125.1324856,11.3754522],[125.1323622,11.3741164],[125.1320779,11.3738219],[125.1315951,11.3736746],[125.1311284,11.3735011],[125.1299,11.3728016],[125.129562,11.3726175],[125.1290899,11.3720758],[125.1288485,11.3717761],[125.1280868,11.3707243],[125.127486,11.3698723],[125.1268744,11.3693358],[125.1264721,11.3691781],[125.125249,11.369015],[125.1249567,11.3689217],[125.1243854,11.3686679],[125.1236504,11.3683208],[125.1233447,11.3682367],[125.1232105,11.3680842],[125.1230711,11.3678265],[125.1228672,11.367148],[125.122481,11.3666431],[125.1219975,11.3661789],[125.1217666,11.365941],[125.1212454,11.3656353],[125.1208216,11.3654347],[125.1201956,11.3652103],[125.119879,11.3650455],[125.1196038,11.36479],[125.1193686,11.3646029],[125.1191155,11.364477],[125.1189244,11.3644652],[125.1186367,11.3644862],[125.1182458,11.3644592],[125.1175853,11.3643922],[125.1166867,11.3643416],[125.1160759,11.3641884],[125.1154234,11.3639313],[125.1149151,11.3637769],[125.1146898,11.3636329],[125.1142964,11.3633477],[125.1138751,11.3630195],[125.113683,11.3628249],[125.1134147,11.3625143],[125.1130493,11.3618576],[125.1129095,11.3614437],[125.1126856,11.3611715],[125.1123208,11.3608981],[125.1119874,11.3607854],[125.1117461,11.3606824],[125.1114638,11.3606877],[125.1106444,11.3608553],[125.1100952,11.3609756],[125.1096413,11.3610802],[125.1090411,11.3611781],[125.1084946,11.3612367],[125.1079612,11.3612606],[125.1075009,11.361259],[125.1071126,11.3613425],[125.1067823,11.3613824],[125.1064121,11.3612726],[125.1060565,11.3610744],[125.1058292,11.3609099],[125.1057693,11.3608549],[125.1057242,11.3607937],[125.1057032,11.3607331],[125.1057025,11.3606816],[125.1057093,11.3606393]]}},{"type":"Feature","properties":{"u":"4848524573","v":"8434438864","key":"0","osmid":908347481,"name":null,"ref":null,"highway":"residential","length":73.77034780093771,"oneway":false},"geometry":{"type":"LineString","coordinates":[[125.1324293,11.3759229],[125.1322697,11.3762174],[125.1320242,11.3764431]]}},{"type":"Feature","properties":{"u":"4848526403","v":"13956012152","key":"0","osmid":245349099,"name":null,"ref":null,"highway":"unclassified","length":2810.7609270369107,"oneway":false},"geometry":{"type":"LineString","coordinates":[[125.1494233,11.4034634],[125.1493697,11.4032701],[125.1491559,11.402797],[125.1491287,11.4025152],[125.1491569,11.4022286],[125.1493044,11.4019985],[125.1494533,11.4016725],[125.1494318,11.4014885],[125.1494211,11.4012702],[125.1494962,11.4011467],[125.1494832,11.4008275],[125.1496344,11.4005357],[125.1497168,11.4000103],[125.1496664,11.3998172],[125.1494649,11.3995792],[125.1491946,11.3990179],[125.1491625,11.3985149],[125.1493045,11.398003],[125.1493353,11.397534],[125.149354,11.3972343],[125.1494465,11.3970151],[125.1501721,11.3965112],[125.1505329,11.3963495],[125.150899,11.3959722],[125.151245,11.3954595],[125.1513496,11.3950835],[125.1512504,11.3947127],[125.1513724,11.3942802],[125.1515025,11.3937359],[125.151644,11.3933572],[125.1520151,11.3926027],[125.1521937,11.3920414],[125.1525327,11.3915205],[125.1528409,11.3910579],[125.1530877,11.3904505],[125.1532573,11.3902014],[125.1534444,11.3900561],[125.1534766,11.3898524],[125.1535007,11.3896736],[125.1536442,11.389124],[125.153663,11.3889544],[125.1537542,11.3888374],[125.1539835,11.3886481],[125.1541203,11.3884824],[125.1542129,11.3882839],[125.1542531,11.3881183],[125.154237,11.3879921],[125.1543,11.3878685],[125.1543993,11.3874563],[125.1544395,11.3872151],[125.1544449,11.3870718],[125.154418,11.3868588],[125.1544288,11.3862146],[125.1543228,11.385548],[125.154174,11.3852075],[125.1539205,11.3850182],[125.1537797,11.3849459],[125.153769,11.3848828],[125.1538065,11.3848013],[125.153836,11.3846501],[125.1538011,11.3843096],[125.1537032,11.3839572],[125.1536617,11.3838757],[125.1534095,11.3837363],[125.1530796,11.3834537],[125.1529817,11.3833945],[125.1529013,11.3833866],[125.1526102,11.3833998],[125.152511,11.3833577],[125.1523541,11.3832052],[125.1520362,11.3829817],[125.1516232,11.382586],[125.1513308,11.3824006],[125.1512182,11.3823256],[125.1511458,11.3822231],[125.1509044,11.3820154]]}},{"type":"Feature","properties":{"u":"4848526403","v":"2525596098","key":"0","osmid":245349099,"name":null,"ref":null,"highway":"unclassified","length":78.25653644571368,"oneway":false},"geometry":{"type":"LineString","coordinates":[[125.1494233,11.4034634],[125.1494604,11.4035971],[125.1494766,11.4037845],[125.1494827,11.4041616]]}},{"type":"Feature","properties":{"u":"4848526403","v":"4848526405","key":"0","osmid":492882716,"name":null,"ref":null,"highway":"residential","length":118.09626529531693,"oneway":false},"geometry":{"type":"LineString","coordinates":[[125.1494233,11.4034634],[125.1490577,11.4035825],[125.1492425,11.4042425]]}},{"type":"Feature","properties":{"u":"4848526405","v":"2525596098","key":"0","osmid":492882717,"name":null,"ref":null,"highway":"residential","length":27.68402912542143,"oneway":false},"geometry":{"type":"LineString","coordinates":[[125.1492425,11.4042425],[125.1494827,11.4041616]]}},{"type":"Feature","properties":{"u":"4848526405","v":"4848526403","key":"0","osmid":492882716,"name":null,"ref":null,"highway":"residential","length":118.09626529531693,"oneway":false},"geometry":{"type":"LineString","coordinates":[[125.1492425,11.4042425],[125.1490577,11.4035825],[125.1494233,11.4034634]]}},{"type":"Feature","properties":{"u":"4848526405","v":"8453642547","key":"0","osmid":[910442164,492882717],"name":null,"ref":null,"highway":"residential","length":69.63022993194456,"oneway":false},"geometry":{"type":"LineString","coordinates":[[125.1492425,11.4042425],[125.1491341,11.404265],[125.1489007,11.4044569],[125.1487318,11.4046002]]}},{"type":"Feature","properties":{"u":"4848526406","v":"2525596098","key":"0","osmid":953885903,"name":null,"ref":null,"highway":"path","length":99.82204188261478,"oneway":false},"geometry":{"type":"LineString","coordinates":[[125.1503754,11.4043613],[125.1499821,11.4042816],[125.1494827,11.4041616]]}},{"type":"Feature","properties":{"u":"4848527139","v":"2525595966","key":"0","osmid":908359204,"name":null,"ref":null,"highway":"residential","length":55.25924798139691,"oneway":false},"geometry":{"type":"LineString","coordinates":[[125.142257,11.3882734],[125.1417835,11.3884509]]}},{"type":"Feature","properties":{"u":"4848527139","v":"2536026048","key":"0","osmid":[246580320,492882719,246580313,246580314,246580316,246580319],"name":null,"ref":null,"highway":["residential","unclassified"],"length":4400.832371520627,"oneway":false},"geometry":{"type":"LineString","coordinates":[[125.142257,11.3882734],[125.1422811,11.3883286],[125.1423937,11.3884864],[125.1424876,11.3885889],[125.1425895,11.388677],[125.1426485,11.3887112],[125.1427102,11.3887309],[125.1427478,11.3887467],[125.1428135,11.3887572],[125.1429221,11.3887809],[125.1429972,11.3887927],[125.143024,11.3888427],[125.1430254,11.3889163],[125.1429878,11.3890596],[125.142957,11.3891306],[125.142898,11.3892581],[125.1428819,11.3893291],[125.1428752,11.3894067],[125.1428819,11.3894842],[125.1429087,11.3895658],[125.1429395,11.3896604],[125.1429784,11.3897524],[125.1430026,11.3898195],[125.1430294,11.3898971],[125.1430602,11.3899681],[125.1430334,11.3900693],[125.1428846,11.3901521],[125.1428229,11.3902954],[125.1428001,11.3903546],[125.1427773,11.3904584],[125.1427665,11.3905084],[125.1427417,11.3906175],[125.1427048,11.3906911],[125.1426861,11.3907556],[125.1427156,11.3908896],[125.1427484,11.391073],[125.1427692,11.3911736],[125.1427934,11.3913892],[125.1428121,11.3917573],[125.1429033,11.3921228],[125.1430081,11.3925558],[125.143012,11.3929603],[125.1428658,11.3930919],[125.1427323,11.3933691],[125.142623,11.3934684],[125.1425037,11.3937898],[125.1423937,11.3941428],[125.1420581,11.3944857],[125.1418117,11.3948258],[125.1414818,11.3950309],[125.1412595,11.395153],[125.1412229,11.395327],[125.1411951,11.3957674],[125.1411031,11.3962329],[125.1410794,11.3963456],[125.141024,11.396472],[125.1409042,11.3967844],[125.1409406,11.3976609],[125.1409684,11.3981537],[125.1410946,11.3984599],[125.141416,11.3988079],[125.1416963,11.3989223],[125.1419431,11.3993587],[125.1422113,11.4000161],[125.1422515,11.4010941],[125.1421916,11.4014431],[125.1419132,11.4019442],[125.1418224,11.4022207],[125.1417379,11.402247],[125.1415703,11.4022457],[125.1415582,11.4023404],[125.1415649,11.4024639],[125.1418197,11.4028149],[125.1418255,11.4031838],[125.1416137,11.404112],[125.1417378,11.4048177],[125.1417097,11.4056085],[125.1419889,11.4060306],[125.1420342,11.4063449],[125.1420343,11.4066734],[125.142222,11.406931],[125.1425251,11.407215],[125.1427075,11.4075804],[125.1426432,11.4078434],[125.1426002,11.4081957],[125.1425394,11.4084771],[125.1424393,11.4089253],[125.1424184,11.4092421],[125.1423588,11.4094787],[125.1424458,11.4098197],[125.1423432,11.4104361],[125.1424313,11.4109011],[125.142898,11.411469],[125.1430106,11.4118056],[125.143311,11.4120028],[125.1435658,11.4123367],[125.1438689,11.4125102],[125.1440513,11.4128888],[125.1442377,11.4130334],[125.1444375,11.413128],[125.1446897,11.4131806],[125.1448318,11.41332],[125.1450491,11.4138432],[125.1452368,11.4140903],[125.1452824,11.4143269],[125.1451968,11.4146927],[125.145084,11.4149027],[125.1450276,11.4150868],[125.1450303,11.4152366],[125.145041,11.4154023],[125.1451054,11.4155206],[125.1451754,11.4157033],[125.1452652,11.4159445],[125.1452798,11.4161174],[125.1455051,11.4164303],[125.1455574,11.4166248],[125.1459289,11.4172571],[125.1459208,11.4174714],[125.1460066,11.4176423],[125.1461461,11.4177974],[125.1462319,11.4179026],[125.1462641,11.4180209],[125.1462641,11.4181155],[125.1462321,11.4182824],[125.1461209,11.4187647],[125.1459262,11.4188832],[125.1457143,11.4190673],[125.1453978,11.4191015],[125.1448587,11.4191067],[125.1446038,11.4191751],[125.1443563,11.4192143],[125.1441935,11.4192618],[125.1441546,11.4193223],[125.1441666,11.4194511],[125.1441103,11.4195182],[125.143759,11.4196943],[125.1436572,11.4198262],[125.1433396,11.4203303],[125.1432358,11.4208366],[125.1431574,11.4210228],[125.1429886,11.4212235],[125.1427943,11.4214181],[125.1427317,11.4215807]]}},{"type":"Feature","properties":{"u":"4848527139","v":"4848527142","key":"0","osmid":908359204,"name":null,"ref":null,"highway":"residential","length":54.814255820583696,"oneway":false},"geometry":{"type":"LineString","coordinates":[[125.142257,11.3882734],[125.1424594,11.3881735],[125.14256,11.3881525],[125.1427317,11.3881288]]}},{"type":"Feature","properties":{"u":"4848527142","v":"4848527148","key":"0","osmid":492882718,"name":null,"ref":null,"highway":"residential","length":116.93831375986005,"oneway":false},"geometry":{"type":"LineString","coordinates":[[125.1427317,11.3881288],[125.1428832,11.3882484],[125.1430643,11.3883444],[125.1432131,11.3883825],[125.1432762,11.3883615],[125.143299,11.3882603],[125.1432869,11.3879211]]}},{"type":"Feature","properties":{"u":"4848527142","v":"4848527148","key":"1","osmid":908359204,"name":null,"ref":null,"highway":"residential","length":65.51118519093127,"oneway":false},"geometry":{"type":"LineString","coordinates":[[125.1427317,11.3881288],[125.1429972,11.3880749],[125.1431179,11.3880197],[125.1432869,11.3879211]]}},{"type":"Feature","properties":{"u":"4848527142","v":"4848527139","key":"0","osmid":908359204,"name":null,"ref":null,"highway":"residential","length":54.814255820583696,"oneway":false},"geometry":{"type":"LineString","coordinates":[[125.1427317,11.3881288],[125.14256,11.3881525],[125.1424594,11.3881735],[125.142257,11.3882734]]}},{"type":"Feature","properties":{"u":"4848527148","v":"2525595964","key":"0","osmid":908359204,"name":null,"ref":null,"highway":"residential","length":31.075765671512812,"oneway":false},"geometry":{"type":"LineString","coordinates":[[125.1432869,11.3879211],[125.1434694,11.3877064]]}},{"type":"Feature","properties":{"u":"4848527148","v":"4848527142","key":"0","osmid":492882718,"name":null,"ref":null,"highway":"residential","length":116.93831375986005,"oneway":false},"geometry":{"type":"LineString","coordinates":[[125.1432869,11.3879211],[125.143299,11.3882603],[125.1432762,11.3883615],[125.1432131,11.3883825],[125.1430643,11.3883444],[125.1428832,11.3882484],[125.1427317,11.3881288]]}},{"type":"Feature","properties":{"u":"4848527148","v":"4848527142","key":"1","osmid":908359204,"name":null,"ref":null,"highway":"residential","length":65.51118519093127,"oneway":false},"geometry":{"type":"LineString","coordinates":[[125.1432869,11.3879211],[125.1431179,11.3880197],[125.1429972,11.3880749],[125.1427317,11.3881288]]}},{"type":"Feature","properties":{"u":"4953817648","v":"2526489403","key":"0","osmid":[895481997,61414429,895481998],"name":"Basey-Marabut Road","ref":"670","highway":"primary","length":2004.9009040034464,"oneway":false},"geometry":{"type":"LineString","coordinates":[[125.1176542,11.2986405],[125.1175764,11.298696],[125.1173879,11.29876],[125.1172096,11.2987418],[125.1170867,11.298717],[125.0995776,11.2956496]]}},{"type":"Feature","properties":{"u":"4953817648","v":"278505668","key":"0","osmid":61414429,"name":"Basey-Marabut Road","ref":"670","highway":"primary","length":357.3722368713351,"oneway":false},"geometry":{"type":"LineString","coordinates":[[125.1176542,11.2986405],[125.1177588,11.2985595],[125.119566,11.29654],[125.1196911,11.2963751],[125.1197729,11.2962019]]}},{"type":"Feature","properties":{"u":"4953817648","v":"4953817653","key":"0","osmid":505422559,"name":null,"ref":null,"highway":"residential","length":270.2982029450768,"oneway":false},"geometry":{"type":"LineString","coordinates":[[125.1176542,11.2986405],[125.117264,11.2969132],[125.1172224,11.2966752],[125.1171272,11.2962655]]}},{"type":"Feature","properties":{"u":"4953817648","v":"8389175718","key":"0","osmid":[903240825,903240826,895482967],"name":null,"ref":null,"highway":["track","service"],"length":1061.373848633254,"oneway":false},"geometry":{"type":"LineString","coordinates":[[125.1176542,11.2986405],[125.11783,11.2995015],[125.1178756,11.2996462],[125.1179615,11.2998514],[125.1180661,11.3000223],[125.1180929,11.3002222],[125.1180902,11.3003353],[125.1181733,11.3005795],[125.1182538,11.301195],[125.1183289,11.3015264],[125.1185649,11.3022997],[125.1185596,11.3024523],[125.1185166,11.3027416],[125.1183879,11.3033781],[125.1183771,11.3037832],[125.1185327,11.3046881],[125.1185649,11.3052404],[125.1187151,11.3058559],[125.1189834,11.3064241],[125.1191282,11.3066293],[125.1193643,11.3071132],[125.1194233,11.3071764],[125.119493,11.3072185],[125.1196272,11.3073658],[125.1197881,11.3077077]]}},{"type":"Feature","properties":{"u":"4953817651","v":"4953817653","key":"0","osmid":505422559,"name":null,"ref":null,"highway":"residential","length":47.50994333377067,"oneway":false},"geometry":{"type":"LineString","coordinates":[[125.1170665,11.2958424],[125.1171272,11.2962655]]}},{"type":"Feature","properties":{"u":"4953817651","v":"4953817652","key":"0","osmid":505422559,"name":null,"ref":null,"highway":"residential","length":63.56206470116593,"oneway":false},"geometry":{"type":"LineString","coordinates":[[125.1170665,11.2958424],[125.1169578,11.2952808]]}},{"type":"Feature","properties":{"u":"4953817651","v":"8324334643","key":"0","osmid":895482969,"name":null,"ref":null,"highway":"residential","length":229.61520220563824,"oneway":false},"geometry":{"type":"LineString","coordinates":[[125.1170665,11.2958424],[125.1187956,11.2957061],[125.1188131,11.295714],[125.1188238,11.2957304],[125.118891,11.2960492]]}},{"type":"Feature","properties":{"u":"4953817652","v":"4953817651","key":"0","osmid":505422559,"name":null,"ref":null,"highway":"residential","length":63.56206470116593,"oneway":false},"geometry":{"type":"LineString","coordinates":[[125.1169578,11.2952808],[125.1170665,11.2958424]]}},{"type":"Feature","properties":{"u":"4953817653","v":"4953817651","key":"0","osmid":505422559,"name":null,"ref":null,"highway":"residential","length":47.50994333377067,"oneway":false},"geometry":{"type":"LineString","coordinates":[[125.1171272,11.2962655],[125.1170665,11.2958424]]}},{"type":"Feature","properties":{"u":"4953817653","v":"8323919606","key":"0","osmid":505422560,"name":null,"ref":null,"highway":"residential","length":31.166090281037935,"oneway":false},"geometry":{"type":"LineString","coordinates":[[125.1171272,11.2962655],[125.116843,11.2962953]]}},{"type":"Feature","properties":{"u":"4953817653","v":"8323919604","key":"0","osmid":505422560,"name":null,"ref":null,"highway":"residential","length":88.05419010300166,"oneway":false},"geometry":{"type":"LineString","coordinates":[[125.1171272,11.2962655],[125.1179285,11.2961673]]}},{"type":"Feature","properties":{"u":"4953817653","v":"4953817648","key":"0","osmid":505422559,"name":null,"ref":null,"highway":"residential","length":270.2982029450768,"oneway":false},"geometry":{"type":"LineString","coordinates":[[125.1171272,11.2962655],[125.1172224,11.2966752],[125.117264,11.2969132],[125.1176542,11.2986405]]}},{"type":"Feature","properties":{"u":"4953817655","v":"12971426443","key":"0","osmid":1411619748,"name":null,"ref":null,"highway":"residential","length":56.72474177742374,"oneway":false},"geometry":{"type":"LineString","coordinates":[[125.1471555,11.2782244],[125.1466617,11.2783848]]}},{"type":"Feature","properties":{"u":"4953817655","v":"2524491266","key":"0","osmid":[245214939,245214942],"name":null,"ref":null,"highway":"residential","length":98.74248131436106,"oneway":false},"geometry":{"type":"LineString","coordinates":[[125.1471555,11.2782244],[125.1473025,11.2785634],[125.1467922,11.2787033]]}},{"type":"Feature","properties":{"u":"4953817655","v":"2524491261","key":"0","osmid":245214942,"name":null,"ref":null,"highway":"residential","length":92.32920318843979,"oneway":false},"geometry":{"type":"LineString","coordinates":[[125.1471555,11.2782244],[125.1469631,11.2778813],[125.1465529,11.2780565]]}},{"type":"Feature","properties":{"u":"4953817656","v":"4504492312","key":"0","osmid":245214940,"name":null,"ref":null,"highway":"residential","length":45.06596503955449,"oneway":false},"geometry":{"type":"LineString","coordinates":[[125.1451141,11.2782833],[125.1455014,11.2781419]]}},{"type":"Feature","properties":{"u":"4953817656","v":"2524491264","key":"0","osmid":245214940,"name":null,"ref":null,"highway":"residential","length":22.976022040749953,"oneway":false},"geometry":{"type":"LineString","coordinates":[[125.1451141,11.2782833],[125.14491,11.2783346]]}},{"type":"Feature","properties":{"u":"4953817656","v":"2524491265","key":"0","osmid":505422561,"name":null,"ref":null,"highway":"residential","length":34.38247392382653,"oneway":false},"geometry":{"type":"LineString","coordinates":[[125.1451141,11.2782833],[125.1452076,11.2785786]]}},{"type":"Feature","properties":{"u":"4953817659","v":"2524491267","key":"0","osmid":245214941,"name":null,"ref":null,"highway":"residential","length":31.780328914784803,"oneway":false},"geometry":{"type":"LineString","coordinates":[[125.146117,11.2791387],[125.1460324,11.2788652]]}},{"type":"Feature","properties":{"u":"4953817659","v":"4504492526","key":"0","osmid":505422561,"name":null,"ref":null,"highway":"residential","length":34.746655650390274,"oneway":false},"geometry":{"type":"LineString","coordinates":[[125.146117,11.2791387],[125.1459077,11.2791597],[125.1457996,11.2791652]]}},{"type":"Feature","properties":{"u":"4953817659","v":"2524491268","key":"0","osmid":505422561,"name":null,"ref":null,"highway":"residential","length":86.96808941607847,"oneway":false},"geometry":{"type":"LineString","coordinates":[[125.146117,11.2791387],[125.1463315,11.2791058],[125.146589,11.2790413],[125.1468974,11.2789801]]}},{"type":"Feature","properties":{"u":"4953817662","v":"2524491268","key":"0","osmid":505422561,"name":null,"ref":null,"highway":"residential","length":59.46125600016379,"oneway":false},"geometry":{"type":"LineString","coordinates":[[125.1474165,11.2788164],[125.1468974,11.2789801]]}},{"type":"Feature","properties":{"u":"4953817669","v":"8323129726","key":"0","osmid":245374028,"name":"Basey-Marabut Road","ref":"670","highway":"primary","length":103.12394462775443,"oneway":false},"geometry":{"type":"LineString","coordinates":[[125.1525002,11.2728416],[125.1528362,11.2719747]]}},{"type":"Feature","properties":{"u":"4953817669","v":"8323129726","key":"1","osmid":[505422562,895404442],"name":null,"ref":null,"highway":"residential","length":275.88756568209976,"oneway":false},"geometry":{"type":"LineString","coordinates":[[125.1525002,11.2728416],[125.1530954,11.2731472],[125.1531678,11.2731551],[125.1532,11.2731117],[125.1532885,11.2727881],[125.1535178,11.2721581],[125.1528362,11.2719747]]}},{"type":"Feature","properties":{"u":"4953817669","v":"4953817672","key":"0","osmid":505422562,"name":null,"ref":null,"highway":"residential","length":42.07918335822213,"oneway":false},"geometry":{"type":"LineString","coordinates":[[125.1525002,11.2728416],[125.1521499,11.2726829]]}},{"type":"Feature","properties":{"u":"4953817669","v":"278505659","key":"0","osmid":245374028,"name":"Basey-Marabut Road","ref":"670","highway":"primary","length":965.5149108586667,"oneway":false},"geometry":{"type":"LineString","coordinates":[[125.1525002,11.2728416],[125.1521916,11.2736654],[125.1521179,11.273902],[125.1519545,11.2745825],[125.1518792,11.2748168],[125.1517734,11.2751243],[125.1516042,11.2754096],[125.1513516,11.2756883],[125.1482028,11.2784976],[125.1478862,11.278797],[125.1476096,11.2791258],[125.147472,11.2793448],[125.1474496,11.2796403]]}},{"type":"Feature","properties":{"u":"4953817670","v":"4953817672","key":"0","osmid":505422563,"name":null,"ref":null,"highway":"residential","length":51.08709284910058,"oneway":false},"geometry":{"type":"LineString","coordinates":[[125.1520761,11.2731366],[125.1521499,11.2726829]]}},{"type":"Feature","properties":{"u":"4953817672","v":"4953817669","key":"0","osmid":505422562,"name":null,"ref":null,"highway":"residential","length":42.07918335822213,"oneway":false},"geometry":{"type":"LineString","coordinates":[[125.1521499,11.2726829],[125.1525002,11.2728416]]}},{"type":"Feature","properties":{"u":"4953817672","v":"4953817670","key":"0","osmid":505422563,"name":null,"ref":null,"highway":"residential","length":51.08709284910058,"oneway":false},"geometry":{"type":"LineString","coordinates":[[125.1521499,11.2726829],[125.1520761,11.2731366]]}},{"type":"Feature","properties":{"u":"4953817672","v":"4953817673","key":"0","osmid":505422563,"name":null,"ref":null,"highway":"residential","length":92.91261146438669,"oneway":false},"geometry":{"type":"LineString","coordinates":[[125.1521499,11.2726829],[125.1521704,11.2722486],[125.1522438,11.2718543]]}},{"type":"Feature","properties":{"u":"4953817673","v":"8323129726","key":"0","osmid":505422563,"name":null,"ref":null,"highway":"residential","length":65.9739963247971,"oneway":false},"geometry":{"type":"LineString","coordinates":[[125.1522438,11.2718543],[125.1528362,11.2719747]]}},{"type":"Feature","properties":{"u":"4953817673","v":"4953817672","key":"0","osmid":505422563,"name":null,"ref":null,"highway":"residential","length":92.91261146438669,"oneway":false},"geometry":{"type":"LineString","coordinates":[[125.1522438,11.2718543],[125.1521704,11.2722486],[125.1521499,11.2726829]]}},{"type":"Feature","properties":{"u":"4953817673","v":"8323154333","key":"0","osmid":895405009,"name":null,"ref":null,"highway":"residential","length":127.85109692074133,"oneway":false},"geometry":{"type":"LineString","coordinates":[[125.1522438,11.2718543],[125.1523595,11.2713621],[125.1529861,11.271557]]}},{"type":"Feature","properties":{"u":"4953817674","v":"2524491249","key":"0","osmid":245214936,"name":null,"ref":null,"highway":"tertiary","length":60.33227317361582,"oneway":false},"geometry":{"type":"LineString","coordinates":[[125.1601607,11.2620565],[125.1598495,11.2625051]]}},{"type":"Feature","properties":{"u":"4953817674","v":"2531776316","key":"0","osmid":245214936,"name":null,"ref":null,"highway":"tertiary","length":55.34546308711202,"oneway":false},"geometry":{"type":"LineString","coordinates":[[125.1601607,11.2620565],[125.1604381,11.2616397]]}},{"type":"Feature","properties":{"u":"4953817674","v":"8323301366","key":"0","osmid":505422564,"name":null,"ref":null,"highway":"residential","length":85.84083606864398,"oneway":false},"geometry":{"type":"LineString","coordinates":[[125.1601607,11.2620565],[125.1607901,11.2625201]]}},{"type":"Feature","properties":{"u":"4953817674","v":"4953817675","key":"0","osmid":505422564,"name":null,"ref":null,"highway":"residential","length":35.49475946883897,"oneway":false},"geometry":{"type":"LineString","coordinates":[[125.1601607,11.2620565],[125.1599096,11.2618534]]}},{"type":"Feature","properties":{"u":"4953817675","v":"2524491244","key":"0","osmid":245374037,"name":null,"ref":null,"highway":"residential","length":50.78176313603711,"oneway":false},"geometry":{"type":"LineString","coordinates":[[125.1599096,11.2618534],[125.1601615,11.2614693]]}},{"type":"Feature","properties":{"u":"4953817675","v":"4953817674","key":"0","osmid":505422564,"name":null,"ref":null,"highway":"residential","length":35.49475946883897,"oneway":false},"geometry":{"type":"LineString","coordinates":[[125.1599096,11.2618534],[125.1601607,11.2620565]]}},{"type":"Feature","properties":{"u":"4953817675","v":"2524491249","key":"0","osmid":245374037,"name":null,"ref":null,"highway":"residential","length":88.41342166734522,"oneway":false},"geometry":{"type":"LineString","coordinates":[[125.1599096,11.2618534],[125.1597156,11.2621493],[125.159673,11.2623676],[125.1598495,11.2625051]]}},{"type":"Feature","properties":{"u":"4953817676","v":"2525821824","key":"0","osmid":505422565,"name":null,"ref":null,"highway":"residential","length":43.01912223549381,"oneway":false},"geometry":{"type":"LineString","coordinates":[[125.1607494,11.2610426],[125.1603638,11.260961]]}},{"type":"Feature","properties":{"u":"4953817676","v":"2531776316","key":"0","osmid":245214936,"name":null,"ref":null,"highway":"tertiary","length":74.90715319737599,"oneway":false},"geometry":{"type":"LineString","coordinates":[[125.1607494,11.2610426],[125.160734,11.2610892],[125.1606017,11.2613934],[125.1604381,11.2616397]]}},{"type":"Feature","properties":{"u":"4953817676","v":"2524491241","key":"0","osmid":245214936,"name":null,"ref":null,"highway":"tertiary","length":100.43406525390631,"oneway":false},"geometry":{"type":"LineString","coordinates":[[125.1607494,11.2610426],[125.1608091,11.2609426],[125.1608828,11.2608959],[125.1613569,11.2607482],[125.1614782,11.2607417],[125.161574,11.2607495]]}},{"type":"Feature","properties":{"u":"4953819030","v":"4953819044","key":"0","osmid":505422640,"name":null,"ref":null,"highway":"residential","length":68.294876750422,"oneway":false},"geometry":{"type":"LineString","coordinates":[[125.1328307,11.2975621],[125.1322272,11.2973978]]}},{"type":"Feature","properties":{"u":"4953819031","v":"4953819034","key":"0","osmid":505422642,"name":null,"ref":null,"highway":"residential","length":41.53591228274453,"oneway":false},"geometry":{"type":"LineString","coordinates":[[125.1298718,11.2967135],[125.1295029,11.2966204]]}},{"type":"Feature","properties":{"u":"4953819031","v":"4953819033","key":"0","osmid":505422641,"name":null,"ref":null,"highway":"residential","length":80.08951931896303,"oneway":false},"geometry":{"type":"LineString","coordinates":[[125.1298718,11.2967135],[125.1297897,11.297163],[125.129729,11.2974198]]}},{"type":"Feature","properties":{"u":"4953819031","v":"4953819044","key":"0","osmid":894889449,"name":null,"ref":null,"highway":"residential","length":277.1262616118521,"oneway":false},"geometry":{"type":"LineString","coordinates":[[125.1298718,11.2967135],[125.1299201,11.2966451],[125.1300113,11.2966385],[125.1307569,11.2970265],[125.1318164,11.2972514],[125.1322272,11.2973978]]}},{"type":"Feature","properties":{"u":"4953819033","v":"4953819049","key":"0","osmid":505422646,"name":null,"ref":null,"highway":"residential","length":67.94264362655916,"oneway":false},"geometry":{"type":"LineString","coordinates":[[125.129729,11.2974198],[125.1303031,11.2976573]]}},{"type":"Feature","properties":{"u":"4953819033","v":"4953819040","key":"0","osmid":505422646,"name":null,"ref":null,"highway":"residential","length":50.456941043657395,"oneway":false},"geometry":{"type":"LineString","coordinates":[[125.129729,11.2974198],[125.1293085,11.2972304]]}},{"type":"Feature","properties":{"u":"4953819033","v":"4953819031","key":"0","osmid":505422641,"name":null,"ref":null,"highway":"residential","length":80.08951931896303,"oneway":false},"geometry":{"type":"LineString","coordinates":[[125.129729,11.2974198],[125.1297897,11.297163],[125.1298718,11.2967135]]}},{"type":"Feature","properties":{"u":"4953819034","v":"4953819031","key":"0","osmid":505422642,"name":null,"ref":null,"highway":"residential","length":41.53591228274453,"oneway":false},"geometry":{"type":"LineString","coordinates":[[125.1295029,11.2966204],[125.1298718,11.2967135]]}},{"type":"Feature","properties":{"u":"4953819034","v":"4953819038","key":"0","osmid":505422642,"name":null,"ref":null,"highway":"residential","length":44.58180231619577,"oneway":false},"geometry":{"type":"LineString","coordinates":[[125.1295029,11.2966204],[125.1291051,11.2965278]]}},{"type":"Feature","properties":{"u":"4953819034","v":"4953819040","key":"0","osmid":505422648,"name":null,"ref":null,"highway":"residential","length":71.0641111187874,"oneway":false},"geometry":{"type":"LineString","coordinates":[[125.1295029,11.2966204],[125.1293085,11.2972304]]}},{"type":"Feature","properties":{"u":"4953819034","v":"4953819035","key":"0","osmid":[505422648,505422643],"name":null,"ref":null,"highway":"residential","length":66.16159167860232,"oneway":false},"geometry":{"type":"LineString","coordinates":[[125.1295029,11.2966204],[125.1295664,11.2964522],[125.1292425,11.2961841]]}},{"type":"Feature","properties":{"u":"4953819035","v":"4953819038","key":"0","osmid":505422644,"name":null,"ref":null,"highway":"residential","length":41.04952377491568,"oneway":false},"geometry":{"type":"LineString","coordinates":[[125.1292425,11.2961841],[125.1291051,11.2965278]]}},{"type":"Feature","properties":{"u":"4953819035","v":"4953819034","key":"0","osmid":[505422648,505422643],"name":null,"ref":null,"highway":"residential","length":66.16159167860232,"oneway":false},"geometry":{"type":"LineString","coordinates":[[125.1292425,11.2961841],[125.1295664,11.2964522],[125.1295029,11.2966204]]}},{"type":"Feature","properties":{"u":"4953819035","v":"4953819037","key":"0","osmid":505422643,"name":null,"ref":null,"highway":"residential","length":107.65542657727093,"oneway":false},"geometry":{"type":"LineString","coordinates":[[125.1292425,11.2961841],[125.1289609,11.2959425],[125.1286283,11.2964476]]}},{"type":"Feature","properties":{"u":"4953819037","v":"8317340400","key":"0","osmid":894788725,"name":null,"ref":null,"highway":"residential","length":53.65419820422166,"oneway":false},"geometry":{"type":"LineString","coordinates":[[125.1286283,11.2964476],[125.1290787,11.2966419]]}},{"type":"Feature","properties":{"u":"4953819037","v":"4953819035","key":"0","osmid":505422643,"name":null,"ref":null,"highway":"residential","length":107.65542657727093,"oneway":false},"geometry":{"type":"LineString","coordinates":[[125.1286283,11.2964476],[125.1289609,11.2959425],[125.1292425,11.2961841]]}},{"type":"Feature","properties":{"u":"4953819037","v":"4953819039","key":"0","osmid":[505422643,505422646],"name":null,"ref":null,"highway":"residential","length":118.06396895656513,"oneway":false},"geometry":{"type":"LineString","coordinates":[[125.1286283,11.2964476],[125.1283905,11.2968404],[125.1289585,11.2970765]]}},{"type":"Feature","properties":{"u":"4953819038","v":"4953819034","key":"0","osmid":505422642,"name":null,"ref":null,"highway":"residential","length":44.58180231619577,"oneway":false},"geometry":{"type":"LineString","coordinates":[[125.1291051,11.2965278],[125.1295029,11.2966204]]}},{"type":"Feature","properties":{"u":"4953819038","v":"4953819035","key":"0","osmid":505422644,"name":null,"ref":null,"highway":"residential","length":41.04952377491568,"oneway":false},"geometry":{"type":"LineString","coordinates":[[125.1291051,11.2965278],[125.1292425,11.2961841]]}},{"type":"Feature","properties":{"u":"4953819038","v":"8317340400","key":"0","osmid":505422644,"name":null,"ref":null,"highway":"residential","length":13.009837273397947,"oneway":false},"geometry":{"type":"LineString","coordinates":[[125.1291051,11.2965278],[125.1290787,11.2966419]]}},{"type":"Feature","properties":{"u":"4953819039","v":"8317340400","key":"0","osmid":505422644,"name":null,"ref":null,"highway":"residential","length":50.071230578753614,"oneway":false},"geometry":{"type":"LineString","coordinates":[[125.1289585,11.2970765],[125.1290787,11.2966419]]}},{"type":"Feature","properties":{"u":"4953819039","v":"4953819040","key":"0","osmid":505422646,"name":null,"ref":null,"highway":"residential","length":41.825343708683654,"oneway":false},"geometry":{"type":"LineString","coordinates":[[125.1289585,11.2970765],[125.1293085,11.2972304]]}},{"type":"Feature","properties":{"u":"4953819039","v":"4953819037","key":"0","osmid":[505422643,505422646],"name":null,"ref":null,"highway":"residential","length":118.06396895656513,"oneway":false},"geometry":{"type":"LineString","coordinates":[[125.1289585,11.2970765],[125.1283905,11.2968404],[125.1286283,11.2964476]]}},{"type":"Feature","properties":{"u":"4953819040","v":"4953819033","key":"0","osmid":505422646,"name":null,"ref":null,"highway":"residential","length":50.456941043657395,"oneway":false},"geometry":{"type":"LineString","coordinates":[[125.1293085,11.2972304],[125.129729,11.2974198]]}},{"type":"Feature","properties":{"u":"4953819040","v":"4953819039","key":"0","osmid":505422646,"name":null,"ref":null,"highway":"residential","length":41.825343708683654,"oneway":false},"geometry":{"type":"LineString","coordinates":[[125.1293085,11.2972304],[125.1289585,11.2970765]]}},{"type":"Feature","properties":{"u":"4953819040","v":"4953819034","key":"0","osmid":505422648,"name":null,"ref":null,"highway":"residential","length":71.0641111187874,"oneway":false},"geometry":{"type":"LineString","coordinates":[[125.1293085,11.2972304],[125.1295029,11.2966204]]}},{"type":"Feature","properties":{"u":"4953819040","v":"4953819054","key":"0","osmid":505422648,"name":null,"ref":null,"highway":"residential","length":103.72666160351498,"oneway":false},"geometry":{"type":"LineString","coordinates":[[125.1293085,11.2972304],[125.12902,11.2981193]]}},{"type":"Feature","properties":{"u":"4953819044","v":"4953819030","key":"0","osmid":505422640,"name":null,"ref":null,"highway":"residential","length":68.294876750422,"oneway":false},"geometry":{"type":"LineString","coordinates":[[125.1322272,11.2973978],[125.1328307,11.2975621]]}},{"type":"Feature","properties":{"u":"4953819044","v":"4953819047","key":"0","osmid":505422645,"name":null,"ref":null,"highway":"residential","length":102.20808092369366,"oneway":false},"geometry":{"type":"LineString","coordinates":[[125.1322272,11.2973978],[125.1319747,11.298283]]}},{"type":"Feature","properties":{"u":"4953819044","v":"4953819031","key":"0","osmid":894889449,"name":null,"ref":null,"highway":"residential","length":277.12626161185216,"oneway":false},"geometry":{"type":"LineString","coordinates":[[125.1322272,11.2973978],[125.1318164,11.2972514],[125.1307569,11.2970265],[125.1300113,11.2966385],[125.1299201,11.2966451],[125.1298718,11.2967135]]}},{"type":"Feature","properties":{"u":"4953819045","v":"4953819047","key":"0","osmid":505422645,"name":null,"ref":null,"highway":"residential","length":47.257278052584994,"oneway":false},"geometry":{"type":"LineString","coordinates":[[125.1318772,11.2986971],[125.1319747,11.298283]]}},{"type":"Feature","properties":{"u":"4953819045","v":"12971308294","key":"0","osmid":[245454889,245442593],"name":null,"ref":null,"highway":"secondary","length":1379.4273556476446,"oneway":false},"geometry":{"type":"LineString","coordinates":[[125.1318772,11.2986971],[125.1321897,11.2987471],[125.1335602,11.299089],[125.1348663,11.2993606],[125.1379696,11.3000184],[125.1397106,11.3004754],[125.1400332,11.3006411],[125.1407143,11.3008269],[125.1415695,11.3010127],[125.1418562,11.301078],[125.1430238,11.3016504],[125.1433488,11.3019129],[125.1437806,11.3023757]]}},{"type":"Feature","properties":{"u":"4953819045","v":"4953819052","key":"0","osmid":245454889,"name":null,"ref":null,"highway":"secondary","length":198.9503279366997,"oneway":false},"geometry":{"type":"LineString","coordinates":[[125.1318772,11.2986971],[125.1313957,11.2986234],[125.1300886,11.2983466]]}},{"type":"Feature","properties":{"u":"4953819046","v":"4953819047","key":"0","osmid":505422646,"name":null,"ref":null,"highway":"residential","length":47.5197908915662,"oneway":false},"geometry":{"type":"LineString","coordinates":[[125.1323935,11.2984012],[125.1319747,11.298283]]}},{"type":"Feature","properties":{"u":"4953819047","v":"4953819044","key":"0","osmid":505422645,"name":null,"ref":null,"highway":"residential","length":102.20808092369366,"oneway":false},"geometry":{"type":"LineString","coordinates":[[125.1319747,11.298283],[125.1322272,11.2973978]]}},{"type":"Feature","properties":{"u":"4953819047","v":"4953819045","key":"0","osmid":505422645,"name":null,"ref":null,"highway":"residential","length":47.257278052584994,"oneway":false},"geometry":{"type":"LineString","coordinates":[[125.1319747,11.298283],[125.1318772,11.2986971]]}},{"type":"Feature","properties":{"u":"4953819047","v":"4953819046","key":"0","osmid":505422646,"name":null,"ref":null,"highway":"residential","length":47.5197908915662,"oneway":false},"geometry":{"type":"LineString","coordinates":[[125.1319747,11.298283],[125.1323935,11.2984012]]}},{"type":"Feature","properties":{"u":"4953819047","v":"4953819049","key":"0","osmid":505422646,"name":null,"ref":null,"highway":"residential","length":195.58327246432214,"oneway":false},"geometry":{"type":"LineString","coordinates":[[125.1319747,11.298283],[125.1309615,11.2979688],[125.1303031,11.2976573]]}},{"type":"Feature","properties":{"u":"4953819049","v":"4953819033","key":"0","osmid":505422646,"name":null,"ref":null,"highway":"residential","length":67.94264362655916,"oneway":false},"geometry":{"type":"LineString","coordinates":[[125.1303031,11.2976573],[125.129729,11.2974198]]}},{"type":"Feature","properties":{"u":"4953819049","v":"8318292653","key":"0","osmid":894889448,"name":null,"ref":null,"highway":"residential","length":40.11400843904062,"oneway":false},"geometry":{"type":"LineString","coordinates":[[125.1303031,11.2976573],[125.1304365,11.2973211]]}},{"type":"Feature","properties":{"u":"4953819049","v":"4953819047","key":"0","osmid":505422646,"name":null,"ref":null,"highway":"residential","length":195.58327246432214,"oneway":false},"geometry":{"type":"LineString","coordinates":[[125.1303031,11.2976573],[125.1309615,11.2979688],[125.1319747,11.298283]]}},{"type":"Feature","properties":{"u":"4953819049","v":"4953819052","key":"0","osmid":505422647,"name":null,"ref":null,"highway":"residential","length":80.35923021379489,"oneway":false},"geometry":{"type":"LineString","coordinates":[[125.1303031,11.2976573],[125.1301736,11.2979813],[125.1300886,11.2983466]]}},{"type":"Feature","properties":{"u":"4953819052","v":"4953819054","key":"0","osmid":245454889,"name":null,"ref":null,"highway":"secondary","length":119.23003632109184,"oneway":false},"geometry":{"type":"LineString","coordinates":[[125.1300886,11.2983466],[125.12902,11.2981193]]}},{"type":"Feature","properties":{"u":"4953819052","v":"4953819045","key":"0","osmid":245454889,"name":null,"ref":null,"highway":"secondary","length":198.9503279366997,"oneway":false},"geometry":{"type":"LineString","coordinates":[[125.1300886,11.2983466],[125.1313957,11.2986234],[125.1318772,11.2986971]]}},{"type":"Feature","properties":{"u":"4953819052","v":"4953819049","key":"0","osmid":505422647,"name":null,"ref":null,"highway":"residential","length":80.35923021379489,"oneway":false},"geometry":{"type":"LineString","coordinates":[[125.1300886,11.2983466],[125.1301736,11.2979813],[125.1303031,11.2976573]]}},{"type":"Feature","properties":{"u":"4953819054","v":"4953819052","key":"0","osmid":245454889,"name":null,"ref":null,"highway":"secondary","length":119.23003632109184,"oneway":false},"geometry":{"type":"LineString","coordinates":[[125.12902,11.2981193],[125.1300886,11.2983466]]}},{"type":"Feature","properties":{"u":"4953819054","v":"4953819040","key":"0","osmid":505422648,"name":null,"ref":null,"highway":"residential","length":103.72666160351498,"oneway":false},"geometry":{"type":"LineString","coordinates":[[125.12902,11.2981193],[125.1293085,11.2972304]]}},{"type":"Feature","properties":{"u":"4953819054","v":"278505668","key":"0","osmid":[245454889,245442595],"name":null,"ref":null,"highway":"secondary","length":1031.742269900964,"oneway":false},"geometry":{"type":"LineString","coordinates":[[125.12902,11.2981193],[125.1207885,11.2963262],[125.1202891,11.2962088],[125.1199815,11.2962011],[125.1197729,11.2962019]]}},{"type":"Feature","properties":{"u":"5078006474","v":"5078006495","key":"0","osmid":902888163,"name":null,"ref":null,"highway":"residential","length":73.82796957192052,"oneway":false},"geometry":{"type":"LineString","coordinates":[[125.1531024,11.3447385],[125.152971,11.3447227],[125.1527242,11.3447674],[125.1524641,11.3446334]]}},{"type":"Feature","properties":{"u":"5078006479","v":"5078006480","key":"0","osmid":521114261,"name":null,"ref":null,"highway":"residential","length":21.42906826598896,"oneway":false},"geometry":{"type":"LineString","coordinates":[[125.1518301,11.3450756],[125.152023,11.3451126]]}},{"type":"Feature","properties":{"u":"5078006479","v":"10119067449","key":"0","osmid":[188698816,245349091,245476178,245439736,1105826268,1105826270],"name":null,"ref":null,"highway":["track","tertiary","unclassified"],"length":3319.5743091434347,"oneway":false},"geometry":{"type":"LineString","coordinates":[[125.1518301,11.3450756],[125.1517331,11.3454531],[125.1515357,11.346241],[125.1513694,11.3467696],[125.1512718,11.3471756],[125.1511591,11.3477095],[125.1510985,11.3482344],[125.1511296,11.3485799],[125.151194,11.3489008],[125.1513469,11.3492374],[125.1514917,11.349503],[125.1517449,11.3499253],[125.1520185,11.350396],[125.1523259,11.3508889],[125.1526729,11.351398],[125.152748,11.3515768],[125.1527926,11.3517488],[125.1527856,11.3519634],[125.1527534,11.35225],[125.1526665,11.3528112],[125.1525469,11.3532598],[125.1523779,11.3536648],[125.1522223,11.3539357],[125.1520281,11.3541865],[125.1517368,11.3545274],[125.1515705,11.354764],[125.1514338,11.3549902],[125.15132,11.3551306],[125.1511441,11.3553031],[125.1510304,11.3554567],[125.1509338,11.3555645],[125.1508104,11.3556145],[125.1506387,11.3556487],[125.150451,11.3556802],[125.1501399,11.355696],[125.1498985,11.3556986],[125.1497483,11.3557197],[125.1496758,11.3557828],[125.1496383,11.3558932],[125.1495498,11.3560404],[125.1494734,11.3561877],[125.1493768,11.356331],[125.1491984,11.3565769],[125.1490321,11.3567505],[125.1489034,11.3568899],[125.1487918,11.3570729],[125.1486781,11.3573764],[125.1485772,11.3576383],[125.148537,11.3577961],[125.1485262,11.3579644],[125.1485439,11.3582258],[125.1485544,11.3585691],[125.1485952,11.3586703],[125.1486121,11.3588774],[125.1486073,11.3590681],[125.1487081,11.359407],[125.1487393,11.3596965],[125.1486721,11.359913],[125.148588,11.3602637],[125.1486097,11.3604685],[125.1486745,11.3606144],[125.1487945,11.3607462],[125.1491546,11.3609792],[125.1494787,11.3612146],[125.1497356,11.3613581],[125.149798,11.3614664],[125.1498148,11.3615558],[125.1496707,11.3619677],[125.1496755,11.3622148],[125.1496707,11.3625796],[125.1496083,11.3627868],[125.1494835,11.3629892],[125.149313,11.3632387],[125.1491954,11.363474],[125.1491138,11.3638741],[125.1490994,11.3642436],[125.1491066,11.3645825],[125.1490514,11.3647567],[125.1489505,11.3649709],[125.1489433,11.3650768],[125.1490754,11.3652604],[125.1494163,11.3656369],[125.1497248,11.36607],[125.1499067,11.3660349],[125.1503944,11.3658261],[125.150842,11.3658201],[125.1515921,11.3659714],[125.1521974,11.3658631],[125.1524316,11.36594],[125.1526064,11.3660538],[125.1527645,11.3661262],[125.1529217,11.3661309],[125.1531426,11.3661226],[125.1533557,11.3661367],[125.1534925,11.3661567],[125.1537137,11.3662107],[125.1538078,11.366275],[125.1538803,11.3663289],[125.15395,11.3663631],[125.1540696,11.3663958],[125.1542083,11.3664178],[125.1543873,11.3664497],[125.1545682,11.366462],[125.154634,11.3664735],[125.1546867,11.3665147],[125.1547399,11.3665984],[125.154744,11.3666677],[125.1547265,11.3667299],[125.1546836,11.3667825]]}},{"type":"Feature","properties":{"u":"5078006479","v":"1993195509","key":"0","osmid":188698816,"name":null,"ref":null,"highway":"tertiary","length":146.18339725967854,"oneway":false},"geometry":{"type":"LineString","coordinates":[[125.1518301,11.3450756],[125.15193,11.3447131],[125.1519943,11.3444475],[125.1520426,11.3442161],[125.1520657,11.3440488],[125.1520576,11.3439042],[125.1519943,11.3438058]]}},{"type":"Feature","properties":{"u":"5078006480","v":"5078006479","key":"0","osmid":521114261,"name":null,"ref":null,"highway":"residential","length":21.42906826598896,"oneway":false},"geometry":{"type":"LineString","coordinates":[[125.152023,11.3451126],[125.1518301,11.3450756]]}},{"type":"Feature","properties":{"u":"5078006480","v":"5078006494","key":"0","osmid":521114261,"name":null,"ref":null,"highway":"residential","length":38.226662521571484,"oneway":false},"geometry":{"type":"LineString","coordinates":[[125.152023,11.3451126],[125.1523685,11.3451712]]}},{"type":"Feature","properties":{"u":"5078006480","v":"5078006489","key":"0","osmid":[902888162,521114262],"name":null,"ref":null,"highway":"residential","length":136.49665296282063,"oneway":false},"geometry":{"type":"LineString","coordinates":[[125.152023,11.3451126],[125.1518954,11.3459009],[125.1519261,11.3460096],[125.151933,11.3460915],[125.1521717,11.3461047]]}},{"type":"Feature","properties":{"u":"5078006480","v":"5078006495","key":"0","osmid":[902888163,909583247],"name":null,"ref":null,"highway":["residential","path"],"length":97.28085563493957,"oneway":false},"geometry":{"type":"LineString","coordinates":[[125.152023,11.3451126],[125.1521181,11.3446728],[125.152163,11.34456],[125.1524641,11.3446334]]}},{"type":"Feature","properties":{"u":"5078006489","v":"5078006494","key":"0","osmid":[521114264,521114263],"name":null,"ref":null,"highway":"residential","length":108.30836245868151,"oneway":false},"geometry":{"type":"LineString","coordinates":[[125.1521717,11.3461047],[125.1521878,11.345979],[125.1522481,11.3458922],[125.152283,11.3458383],[125.1523246,11.3457476],[125.1523303,11.345554],[125.1523674,11.345296],[125.1523685,11.3451712]]}},{"type":"Feature","properties":{"u":"5078006489","v":"5078006492","key":"0","osmid":521114263,"name":null,"ref":null,"highway":"residential","length":33.27854765562781,"oneway":false},"geometry":{"type":"LineString","coordinates":[[125.1521717,11.3461047],[125.1521757,11.346142],[125.1521958,11.3462328],[125.1522213,11.3463998]]}},{"type":"Feature","properties":{"u":"5078006489","v":"5078006480","key":"0","osmid":[902888162,521114262],"name":null,"ref":null,"highway":"residential","length":136.49665296282063,"oneway":false},"geometry":{"type":"LineString","coordinates":[[125.1521717,11.3461047],[125.151933,11.3460915],[125.1519261,11.3460096],[125.1518954,11.3459009],[125.152023,11.3451126]]}},{"type":"Feature","properties":{"u":"5078006492","v":"5078006489","key":"0","osmid":521114263,"name":null,"ref":null,"highway":"residential","length":33.278547655627804,"oneway":false},"geometry":{"type":"LineString","coordinates":[[125.1522213,11.3463998],[125.1521958,11.3462328],[125.1521757,11.346142],[125.1521717,11.3461047]]}},{"type":"Feature","properties":{"u":"5078006494","v":"5078006480","key":"0","osmid":521114261,"name":null,"ref":null,"highway":"residential","length":38.226662521571484,"oneway":false},"geometry":{"type":"LineString","coordinates":[[125.1523685,11.3451712],[125.152023,11.3451126]]}},{"type":"Feature","properties":{"u":"5078006494","v":"5078006495","key":"0","osmid":521114264,"name":null,"ref":null,"highway":"residential","length":60.702183221258785,"oneway":false},"geometry":{"type":"LineString","coordinates":[[125.1523685,11.3451712],[125.1524641,11.3446334]]}},{"type":"Feature","properties":{"u":"5078006494","v":"5078006489","key":"0","osmid":[521114264,521114263],"name":null,"ref":null,"highway":"residential","length":108.30836245868151,"oneway":false},"geometry":{"type":"LineString","coordinates":[[125.1523685,11.3451712],[125.1523674,11.345296],[125.1523303,11.345554],[125.1523246,11.3457476],[125.152283,11.3458383],[125.1522481,11.3458922],[125.1521878,11.345979],[125.1521717,11.3461047]]}},{"type":"Feature","properties":{"u":"5078006495","v":"5078006494","key":"0","osmid":521114264,"name":null,"ref":null,"highway":"residential","length":60.702183221258785,"oneway":false},"geometry":{"type":"LineString","coordinates":[[125.1524641,11.3446334],[125.1523685,11.3451712]]}},{"type":"Feature","properties":{"u":"5078006495","v":"1993195509","key":"0","osmid":521114264,"name":null,"ref":null,"highway":"residential","length":117.07500696772786,"oneway":false},"geometry":{"type":"LineString","coordinates":[[125.1524641,11.3446334],[125.1524936,11.3443012],[125.1524024,11.3440921],[125.1519943,11.3438058]]}},{"type":"Feature","properties":{"u":"5078006495","v":"5078006474","key":"0","osmid":902888163,"name":null,"ref":null,"highway":"residential","length":73.82796957192052,"oneway":false},"geometry":{"type":"LineString","coordinates":[[125.1524641,11.3446334],[125.1527242,11.3447674],[125.152971,11.3447227],[125.1531024,11.3447385]]}},{"type":"Feature","properties":{"u":"5078006495","v":"5078006480","key":"0","osmid":[902888163,909583247],"name":null,"ref":null,"highway":["residential","path"],"length":97.28085563493957,"oneway":false},"geometry":{"type":"LineString","coordinates":[[125.1524641,11.3446334],[125.152163,11.34456],[125.1521181,11.3446728],[125.152023,11.3451126]]}},{"type":"Feature","properties":{"u":"5078006518","v":"4504494098","key":"0","osmid":453758743,"name":null,"ref":null,"highway":"residential","length":48.76311566058135,"oneway":false},"geometry":{"type":"LineString","coordinates":[[125.1461702,11.3181504],[125.1457268,11.3180931]]}},{"type":"Feature","properties":{"u":"5078006518","v":"5078007464","key":"0","osmid":521114268,"name":null,"ref":null,"highway":"residential","length":50.71227290663963,"oneway":false},"geometry":{"type":"LineString","coordinates":[[125.1461702,11.3181504],[125.1462185,11.3176968]]}},{"type":"Feature","properties":{"u":"5078006518","v":"5078007432","key":"0","osmid":521114268,"name":null,"ref":null,"highway":"residential","length":128.6418737481119,"oneway":false},"geometry":{"type":"LineString","coordinates":[[125.1461702,11.3181504],[125.1460992,11.3188172],[125.1456043,11.318783]]}},{"type":"Feature","properties":{"u":"5078006519","v":"5078006520","key":"0","osmid":453758744,"name":null,"ref":null,"highway":"residential","length":42.212933637615585,"oneway":false},"geometry":{"type":"LineString","coordinates":[[125.1458578,11.3175114],[125.1462248,11.3176323]]}},{"type":"Feature","properties":{"u":"5078006519","v":"4504493874","key":"0","osmid":453758744,"name":null,"ref":null,"highway":"residential","length":36.90559533511451,"oneway":false},"geometry":{"type":"LineString","coordinates":[[125.1458578,11.3175114],[125.1455346,11.3174128]]}},{"type":"Feature","properties":{"u":"5078006519","v":"4504494098","key":"0","osmid":521114265,"name":null,"ref":null,"highway":"residential","length":66.24044709352374,"oneway":false},"geometry":{"type":"LineString","coordinates":[[125.1458578,11.3175114],[125.1457268,11.3180931]]}},{"type":"Feature","properties":{"u":"5078006520","v":"5078006519","key":"0","osmid":453758744,"name":null,"ref":null,"highway":"residential","length":42.212933637615585,"oneway":false},"geometry":{"type":"LineString","coordinates":[[125.1462248,11.3176323],[125.1458578,11.3175114]]}},{"type":"Feature","properties":{"u":"5078006520","v":"5078007430","key":"0","osmid":521114268,"name":null,"ref":null,"highway":"residential","length":26.5739782163775,"oneway":false},"geometry":{"type":"LineString","coordinates":[[125.1462248,11.3176323],[125.146248,11.3173944]]}},{"type":"Feature","properties":{"u":"5078006520","v":"5078007464","key":"0","osmid":521114268,"name":null,"ref":null,"highway":"residential","length":7.204902075336839,"oneway":false},"geometry":{"type":"LineString","coordinates":[[125.1462248,11.3176323],[125.1462185,11.3176968]]}},{"type":"Feature","properties":{"u":"5078007428","v":"2526403196","key":"0","osmid":[902898761,245442593,902898762],"name":null,"ref":null,"highway":"secondary","length":65.42837691611155,"oneway":false},"geometry":{"type":"LineString","coordinates":[[125.1476267,11.3171524],[125.1475703,11.3172735],[125.147448,11.3174867],[125.147329,11.3176621]]}},{"type":"Feature","properties":{"u":"5078007428","v":"5078007589","key":"0","osmid":245442593,"name":null,"ref":null,"highway":"secondary","length":618.1529933096521,"oneway":false},"geometry":{"type":"LineString","coordinates":[[125.1476267,11.3171524],[125.1477608,11.3169262],[125.1484582,11.3159031],[125.1490536,11.315172],[125.1493379,11.3146933],[125.1499495,11.3133414],[125.1507059,11.3126155],[125.1507483,11.3125714]]}},{"type":"Feature","properties":{"u":"5078007428","v":"5078007429","key":"0","osmid":521114266,"name":null,"ref":null,"highway":"residential","length":74.09146291404201,"oneway":false},"geometry":{"type":"LineString","coordinates":[[125.1476267,11.3171524],[125.1475073,11.3171445],[125.14705,11.3173667],[125.1470017,11.3173773]]}},{"type":"Feature","properties":{"u":"5078007429","v":"5078007430","key":"0","osmid":521114266,"name":null,"ref":null,"highway":"residential","length":82.51445802136445,"oneway":false},"geometry":{"type":"LineString","coordinates":[[125.1470017,11.3173773],[125.1465404,11.3174193],[125.146248,11.3173944]]}},{"type":"Feature","properties":{"u":"5078007429","v":"5078007428","key":"0","osmid":521114266,"name":null,"ref":null,"highway":"residential","length":74.09146291404203,"oneway":false},"geometry":{"type":"LineString","coordinates":[[125.1470017,11.3173773],[125.14705,11.3173667],[125.1475073,11.3171445],[125.1476267,11.3171524]]}},{"type":"Feature","properties":{"u":"5078007429","v":"5078007463","key":"0","osmid":[902898744,521114267,902898743],"name":null,"ref":null,"highway":"path","length":34.06776436286763,"oneway":false},"geometry":{"type":"LineString","coordinates":[[125.1470017,11.3173773],[125.1470274,11.3174971],[125.1470432,11.3175707],[125.1470661,11.3176771]]}},{"type":"Feature","properties":{"u":"5078007430","v":"5078006520","key":"0","osmid":521114268,"name":null,"ref":null,"highway":"residential","length":26.5739782163775,"oneway":false},"geometry":{"type":"LineString","coordinates":[[125.146248,11.3173944],[125.1462248,11.3176323]]}},{"type":"Feature","properties":{"u":"5078007430","v":"4504493874","key":"0","osmid":521114266,"name":null,"ref":null,"highway":"residential","length":117.50459683951787,"oneway":false},"geometry":{"type":"LineString","coordinates":[[125.146248,11.3173944],[125.1460361,11.3173418],[125.145957,11.3172957],[125.1458122,11.317155],[125.1455989,11.3170866],[125.1455346,11.3174128]]}},{"type":"Feature","properties":{"u":"5078007430","v":"5078007429","key":"0","osmid":521114266,"name":null,"ref":null,"highway":"residential","length":82.51445802136445,"oneway":false},"geometry":{"type":"LineString","coordinates":[[125.146248,11.3173944],[125.1465404,11.3174193],[125.1470017,11.3173773]]}},{"type":"Feature","properties":{"u":"5078007432","v":"4504494098","key":"0","osmid":521114265,"name":null,"ref":null,"highway":"residential","length":77.86754722874947,"oneway":false},"geometry":{"type":"LineString","coordinates":[[125.1456043,11.318783],[125.1457268,11.3180931]]}},{"type":"Feature","properties":{"u":"5078007432","v":"5078006518","key":"0","osmid":521114268,"name":null,"ref":null,"highway":"residential","length":128.6418737481119,"oneway":false},"geometry":{"type":"LineString","coordinates":[[125.1456043,11.318783],[125.1460992,11.3188172],[125.1461702,11.3181504]]}},{"type":"Feature","properties":{"u":"5078007432","v":"4504494177","key":"0","osmid":521114268,"name":null,"ref":null,"highway":"residential","length":131.25553931865994,"oneway":false},"geometry":{"type":"LineString","coordinates":[[125.1456043,11.318783],[125.1454085,11.3187554],[125.1444025,11.3187513]]}},{"type":"Feature","properties":{"u":"5078007463","v":"2526403196","key":"0","osmid":521114269,"name":null,"ref":null,"highway":"residential","length":28.713209467249992,"oneway":false},"geometry":{"type":"LineString","coordinates":[[125.1470661,11.3176771],[125.147329,11.3176621]]}},{"type":"Feature","properties":{"u":"5078007463","v":"5078007464","key":"0","osmid":521114269,"name":null,"ref":null,"highway":"residential","length":92.44215712468424,"oneway":false},"geometry":{"type":"LineString","coordinates":[[125.1470661,11.3176771],[125.1462185,11.3176968]]}},{"type":"Feature","properties":{"u":"5078007463","v":"5078007429","key":"0","osmid":[902898744,521114267,902898743],"name":null,"ref":null,"highway":"path","length":34.06776436286763,"oneway":false},"geometry":{"type":"LineString","coordinates":[[125.1470661,11.3176771],[125.1470432,11.3175707],[125.1470274,11.3174971],[125.1470017,11.3173773]]}},{"type":"Feature","properties":{"u":"5078007464","v":"5078006520","key":"0","osmid":521114268,"name":null,"ref":null,"highway":"residential","length":7.204902075336839,"oneway":false},"geometry":{"type":"LineString","coordinates":[[125.1462185,11.3176968],[125.1462248,11.3176323]]}},{"type":"Feature","properties":{"u":"5078007464","v":"5078006518","key":"0","osmid":521114268,"name":null,"ref":null,"highway":"residential","length":50.71227290663963,"oneway":false},"geometry":{"type":"LineString","coordinates":[[125.1462185,11.3176968],[125.1461702,11.3181504]]}},{"type":"Feature","properties":{"u":"5078007464","v":"5078007463","key":"0","osmid":521114269,"name":null,"ref":null,"highway":"residential","length":92.44215712468424,"oneway":false},"geometry":{"type":"LineString","coordinates":[[125.1462185,11.3176968],[125.1470661,11.3176771]]}},{"type":"Feature","properties":{"u":"5078007513","v":"5078007535","key":"0","osmid":521114274,"name":null,"ref":null,"highway":"residential","length":137.34157592699202,"oneway":false},"geometry":{"type":"LineString","coordinates":[[125.1579505,11.3108904],[125.1590908,11.3114151]]}},{"type":"Feature","properties":{"u":"5078007513","v":"5078007514","key":"0","osmid":521114274,"name":null,"ref":null,"highway":"residential","length":17.018515501757104,"oneway":false},"geometry":{"type":"LineString","coordinates":[[125.1579505,11.3108904],[125.1578083,11.3108273]]}},{"type":"Feature","properties":{"u":"5078007513","v":"5078007516","key":"0","osmid":521114275,"name":null,"ref":null,"highway":"residential","length":87.3689873859021,"oneway":false},"geometry":{"type":"LineString","coordinates":[[125.1579505,11.3108904],[125.1576187,11.3116056]]}},{"type":"Feature","properties":{"u":"5078007514","v":"5078007513","key":"0","osmid":521114274,"name":null,"ref":null,"highway":"residential","length":17.018515501757104,"oneway":false},"geometry":{"type":"LineString","coordinates":[[125.1578083,11.3108273],[125.1579505,11.3108904]]}},{"type":"Feature","properties":{"u":"5078007514","v":"8823200209","key":"0","osmid":521114274,"name":null,"ref":null,"highway":"residential","length":9.442473028798586,"oneway":false},"geometry":{"type":"LineString","coordinates":[[125.1578083,11.3108273],[125.1577217,11.3108274]]}},{"type":"Feature","properties":{"u":"5078007514","v":"5078007526","key":"0","osmid":909003195,"name":null,"ref":null,"highway":"residential","length":29.837315842176604,"oneway":false},"geometry":{"type":"LineString","coordinates":[[125.1578083,11.3108273],[125.157928,11.310586]]}},{"type":"Feature","properties":{"u":"5078007515","v":"8823200209","key":"0","osmid":521114274,"name":null,"ref":null,"highway":"residential","length":69.66941330478483,"oneway":false},"geometry":{"type":"LineString","coordinates":[[125.1571094,11.3106483],[125.1577217,11.3108274]]}},{"type":"Feature","properties":{"u":"5078007515","v":"8823200209","key":"1","osmid":953254488,"name":null,"ref":null,"highway":"footway","length":112.91886707719476,"oneway":false},"geometry":{"type":"LineString","coordinates":[[125.1571094,11.3106483],[125.1570711,11.310862],[125.157645,11.311026],[125.1577217,11.3108274]]}},{"type":"Feature","properties":{"u":"5078007515","v":"5078007524","key":"0","osmid":953254489,"name":null,"ref":null,"highway":"residential","length":50.048650044908754,"oneway":false},"geometry":{"type":"LineString","coordinates":[[125.1571094,11.3106483],[125.1572318,11.3102145]]}},{"type":"Feature","properties":{"u":"5078007515","v":"8440259948","key":"0","osmid":909003196,"name":null,"ref":null,"highway":"residential","length":100.42828697688999,"oneway":false},"geometry":{"type":"LineString","coordinates":[[125.1571094,11.3106483],[125.156848,11.3106826],[125.1567676,11.3107431],[125.1565811,11.3112567]]}},{"type":"Feature","properties":{"u":"5078007516","v":"5078007513","key":"0","osmid":521114275,"name":null,"ref":null,"highway":"residential","length":87.3689873859021,"oneway":false},"geometry":{"type":"LineString","coordinates":[[125.1576187,11.3116056],[125.1579505,11.3108904]]}},{"type":"Feature","properties":{"u":"5078007516","v":"8440259950","key":"0","osmid":953254490,"name":null,"ref":null,"highway":"tertiary","length":13.308010283051686,"oneway":false},"geometry":{"type":"LineString","coordinates":[[125.1576187,11.3116056],[125.1575023,11.3115696]]}},{"type":"Feature","properties":{"u":"5078007516","v":"5078007535","key":"0","osmid":953254490,"name":null,"ref":null,"highway":"tertiary","length":181.08708055158993,"oneway":false},"geometry":{"type":"LineString","coordinates":[[125.1576187,11.3116056],[125.1582469,11.3117996],[125.1583971,11.3117996],[125.1587726,11.3116944],[125.1589872,11.3116207],[125.1590647,11.3114771],[125.1590908,11.3114151]]}},{"type":"Feature","properties":{"u":"5078007524","v":"5078007515","key":"0","osmid":953254489,"name":null,"ref":null,"highway":"residential","length":50.048650044908754,"oneway":false},"geometry":{"type":"LineString","coordinates":[[125.1572318,11.3102145],[125.1571094,11.3106483]]}},{"type":"Feature","properties":{"u":"5078007524","v":"1170165105","key":"0","osmid":[521114276,953254469,953254468],"name":null,"ref":null,"highway":"residential","length":414.2685323842109,"oneway":false},"geometry":{"type":"LineString","coordinates":[[125.1572318,11.3102145],[125.1559093,11.3095937],[125.1555325,11.3095952],[125.155429,11.3095858],[125.1554466,11.3098622],[125.1554101,11.3105389],[125.1556805,11.310608],[125.1558717,11.3106944],[125.156034,11.3108509],[125.1561118,11.3109895]]}},{"type":"Feature","properties":{"u":"5078007524","v":"5078007526","key":"0","osmid":521114276,"name":null,"ref":null,"highway":"residential","length":86.43180752056347,"oneway":false},"geometry":{"type":"LineString","coordinates":[[125.1572318,11.3102145],[125.1576232,11.3104169],[125.157928,11.310586]]}},{"type":"Feature","properties":{"u":"5078007526","v":"5078007514","key":"0","osmid":909003195,"name":null,"ref":null,"highway":"residential","length":29.837315842176604,"oneway":false},"geometry":{"type":"LineString","coordinates":[[125.157928,11.310586],[125.1578083,11.3108273]]}},{"type":"Feature","properties":{"u":"5078007526","v":"5078007524","key":"0","osmid":521114276,"name":null,"ref":null,"highway":"residential","length":86.43180752056347,"oneway":false},"geometry":{"type":"LineString","coordinates":[[125.157928,11.310586],[125.1576232,11.3104169],[125.1572318,11.3102145]]}},{"type":"Feature","properties":{"u":"5078007526","v":"5078007528","key":"0","osmid":521114276,"name":null,"ref":null,"highway":"residential","length":148.52541020699726,"oneway":false},"geometry":{"type":"LineString","coordinates":[[125.157928,11.310586],[125.1586554,11.3109553],[125.1591782,11.3110994]]}},{"type":"Feature","properties":{"u":"5078007526","v":"8440259945","key":"0","osmid":[953254482,953254483,521114260],"name":null,"ref":null,"highway":"path","length":128.2560674906479,"oneway":false},"geometry":{"type":"LineString","coordinates":[[125.157928,11.310586],[125.1579454,11.3105515],[125.1580292,11.310367],[125.1584199,11.3095383]]}},{"type":"Feature","properties":{"u":"5078007528","v":"5078007529","key":"0","osmid":953254470,"name":null,"ref":null,"highway":"residential","length":92.26139321460299,"oneway":false},"geometry":{"type":"LineString","coordinates":[[125.1591782,11.3110994],[125.1600238,11.3110692]]}},{"type":"Feature","properties":{"u":"5078007528","v":"5078007535","key":"0","osmid":953254490,"name":null,"ref":null,"highway":"tertiary","length":36.37479679365551,"oneway":false},"geometry":{"type":"LineString","coordinates":[[125.1591782,11.3110994],[125.1590908,11.3114151]]}},{"type":"Feature","properties":{"u":"5078007528","v":"5078007526","key":"0","osmid":521114276,"name":null,"ref":null,"highway":"residential","length":148.52541020699726,"oneway":false},"geometry":{"type":"LineString","coordinates":[[125.1591782,11.3110994],[125.1586554,11.3109553],[125.157928,11.310586]]}},{"type":"Feature","properties":{"u":"5078007528","v":"1170165024","key":"0","osmid":[953254475,953254476,953254480,953254490,953254491],"name":null,"ref":null,"highway":"tertiary","length":784.7496262129545,"oneway":false},"geometry":{"type":"LineString","coordinates":[[125.1591782,11.3110994],[125.1591843,11.3110347],[125.1592075,11.3108691],[125.1593646,11.3102287],[125.1597186,11.3087452],[125.1597485,11.3084799],[125.1597582,11.3082925],[125.1598796,11.3077774],[125.1598903,11.3067569],[125.1600606,11.3060332],[125.1602766,11.3053261],[125.1603181,11.3048028],[125.1600831,11.3044821],[125.1598826,11.3043469]]}},{"type":"Feature","properties":{"u":"5078007529","v":"5078007533","key":"0","osmid":909003198,"name":null,"ref":null,"highway":"residential","length":63.271965337336994,"oneway":false},"geometry":{"type":"LineString","coordinates":[[125.1600238,11.3110692],[125.1599018,11.3116255]]}},{"type":"Feature","properties":{"u":"5078007529","v":"5078007533","key":"1","osmid":[521114273,953254470,953254471],"name":null,"ref":null,"highway":"residential","length":181.34402001103837,"oneway":false},"geometry":{"type":"LineString","coordinates":[[125.1600238,11.3110692],[125.1604234,11.3110429],[125.1604636,11.3114887],[125.1603777,11.3117767],[125.1599018,11.3116255]]}},{"type":"Feature","properties":{"u":"5078007529","v":"5078007528","key":"0","osmid":953254470,"name":null,"ref":null,"highway":"residential","length":92.26139321460299,"oneway":false},"geometry":{"type":"LineString","coordinates":[[125.1600238,11.3110692],[125.1591782,11.3110994]]}},{"type":"Feature","properties":{"u":"5078007533","v":"8440259951","key":"0","osmid":909003198,"name":null,"ref":null,"highway":"residential","length":131.16974361945324,"oneway":false},"geometry":{"type":"LineString","coordinates":[[125.1599018,11.3116255],[125.1596242,11.3127733]]}},{"type":"Feature","properties":{"u":"5078007533","v":"5078007529","key":"0","osmid":909003198,"name":null,"ref":null,"highway":"residential","length":63.271965337336994,"oneway":false},"geometry":{"type":"LineString","coordinates":[[125.1599018,11.3116255],[125.1600238,11.3110692]]}},{"type":"Feature","properties":{"u":"5078007533","v":"5078007529","key":"1","osmid":[521114273,953254470,953254471],"name":null,"ref":null,"highway":"residential","length":181.34402001103837,"oneway":false},"geometry":{"type":"LineString","coordinates":[[125.1599018,11.3116255],[125.1603777,11.3117767],[125.1604636,11.3114887],[125.1604234,11.3110429],[125.1600238,11.3110692]]}},{"type":"Feature","properties":{"u":"5078007533","v":"5078007535","key":"0","osmid":521114273,"name":null,"ref":null,"highway":"residential","length":91.48588231775133,"oneway":false},"geometry":{"type":"LineString","coordinates":[[125.1599018,11.3116255],[125.1595919,11.3115374],[125.1590908,11.3114151]]}},{"type":"Feature","properties":{"u":"5078007535","v":"5078007513","key":"0","osmid":521114274,"name":null,"ref":null,"highway":"residential","length":137.34157592699202,"oneway":false},"geometry":{"type":"LineString","coordinates":[[125.1590908,11.3114151],[125.1579505,11.3108904]]}},{"type":"Feature","properties":{"u":"5078007535","v":"5078007528","key":"0","osmid":953254490,"name":null,"ref":null,"highway":"tertiary","length":36.37479679365551,"oneway":false},"geometry":{"type":"LineString","coordinates":[[125.1590908,11.3114151],[125.1591782,11.3110994]]}},{"type":"Feature","properties":{"u":"5078007535","v":"5078007533","key":"0","osmid":521114273,"name":null,"ref":null,"highway":"residential","length":91.48588231775133,"oneway":false},"geometry":{"type":"LineString","coordinates":[[125.1590908,11.3114151],[125.1595919,11.3115374],[125.1599018,11.3116255]]}},{"type":"Feature","properties":{"u":"5078007535","v":"5078007516","key":"0","osmid":953254490,"name":null,"ref":null,"highway":"tertiary","length":181.08708055158996,"oneway":false},"geometry":{"type":"LineString","coordinates":[[125.1590908,11.3114151],[125.1590647,11.3114771],[125.1589872,11.3116207],[125.1587726,11.3116944],[125.1583971,11.3117996],[125.1582469,11.3117996],[125.1576187,11.3116056]]}},{"type":"Feature","properties":{"u":"5078007536","v":"5078007557","key":"0","osmid":[521114280,521114277],"name":null,"ref":null,"highway":"residential","length":226.39610753313485,"oneway":false},"geometry":{"type":"LineString","coordinates":[[125.1530389,11.3113379],[125.1535673,11.3114379],[125.1534305,11.3117298],[125.1528646,11.3127792]]}},{"type":"Feature","properties":{"u":"5078007536","v":"5078007561","key":"0","osmid":[521114277,521114285],"name":null,"ref":null,"highway":"residential","length":203.28794418354255,"oneway":false},"geometry":{"type":"LineString","coordinates":[[125.1530389,11.3113379],[125.1526232,11.3112537],[125.1525079,11.3115615],[125.1521412,11.3125842]]}},{"type":"Feature","properties":{"u":"5078007536","v":"5078007558","key":"0","osmid":521114283,"name":null,"ref":null,"highway":"residential","length":160.78012117940565,"oneway":false},"geometry":{"type":"LineString","coordinates":[[125.1530389,11.3113379],[125.1529021,11.311743],[125.1525762,11.3127108]]}},{"type":"Feature","properties":{"u":"5078007552","v":"5078007554","key":"0","osmid":521114282,"name":null,"ref":null,"highway":"residential","length":52.30405462677987,"oneway":false},"geometry":{"type":"LineString","coordinates":[[125.1518176,11.3134828],[125.1522745,11.3136261]]}},{"type":"Feature","properties":{"u":"5078007552","v":"5078007563","key":"0","osmid":521114285,"name":null,"ref":null,"highway":"residential","length":64.9725153660927,"oneway":false},"geometry":{"type":"LineString","coordinates":[[125.1518176,11.3134828],[125.1520165,11.312932]]}},{"type":"Feature","properties":{"u":"5078007552","v":"5078007562","key":"0","osmid":521114285,"name":null,"ref":null,"highway":"residential","length":17.767514289767277,"oneway":false},"geometry":{"type":"LineString","coordinates":[[125.1518176,11.3134828],[125.1517649,11.313634]]}},{"type":"Feature","properties":{"u":"5078007554","v":"5078007552","key":"0","osmid":521114282,"name":null,"ref":null,"highway":"residential","length":52.30405462677987,"oneway":false},"geometry":{"type":"LineString","coordinates":[[125.1522745,11.3136261],[125.1518176,11.3134828]]}},{"type":"Feature","properties":{"u":"5078007554","v":"5078007555","key":"0","osmid":521114283,"name":null,"ref":null,"highway":"residential","length":64.81679009834177,"oneway":false},"geometry":{"type":"LineString","coordinates":[[125.1522745,11.3136261],[125.1524743,11.3130771]]}},{"type":"Feature","properties":{"u":"5078007554","v":"8386023232","key":"0","osmid":[902898745,521114283],"name":null,"ref":null,"highway":["track","residential"],"length":378.22793020639153,"oneway":false},"geometry":{"type":"LineString","coordinates":[[125.1522745,11.3136261],[125.1521511,11.3139259],[125.1519605,11.3143144],[125.1517515,11.3145321],[125.151723,11.3147836],[125.1518322,11.314857],[125.1518702,11.3149233],[125.1518619,11.3149769],[125.1515769,11.3151934],[125.1514867,11.3155078],[125.1514333,11.3159468],[125.1514154,11.3166593]]}},{"type":"Feature","properties":{"u":"5078007555","v":"5078007563","key":"0","osmid":521114281,"name":null,"ref":null,"highway":"residential","length":52.4588337975635,"oneway":false},"geometry":{"type":"LineString","coordinates":[[125.1524743,11.3130771],[125.1520165,11.312932]]}},{"type":"Feature","properties":{"u":"5078007555","v":"5078007554","key":"0","osmid":521114283,"name":null,"ref":null,"highway":"residential","length":64.81679009834177,"oneway":false},"geometry":{"type":"LineString","coordinates":[[125.1524743,11.3130771],[125.1522745,11.3136261]]}},{"type":"Feature","properties":{"u":"5078007555","v":"5078007558","key":"0","osmid":521114283,"name":null,"ref":null,"highway":"residential","length":42.21896255108841,"oneway":false},"geometry":{"type":"LineString","coordinates":[[125.1524743,11.3130771],[125.1525762,11.3127108]]}},{"type":"Feature","properties":{"u":"5078007555","v":"5078007557","key":"0","osmid":[521114280,521114281],"name":null,"ref":null,"highway":"residential","length":67.85253463358833,"oneway":false},"geometry":{"type":"LineString","coordinates":[[125.1524743,11.3130771],[125.1526715,11.3131395],[125.1528646,11.3127792]]}},{"type":"Feature","properties":{"u":"5078007557","v":"5078007558","key":"0","osmid":521114284,"name":null,"ref":null,"highway":"residential","length":32.352329126715546,"oneway":false},"geometry":{"type":"LineString","coordinates":[[125.1528646,11.3127792],[125.1525762,11.3127108]]}},{"type":"Feature","properties":{"u":"5078007557","v":"5078007555","key":"0","osmid":[521114280,521114281],"name":null,"ref":null,"highway":"residential","length":67.85253463358833,"oneway":false},"geometry":{"type":"LineString","coordinates":[[125.1528646,11.3127792],[125.1526715,11.3131395],[125.1524743,11.3130771]]}},{"type":"Feature","properties":{"u":"5078007557","v":"5078007536","key":"0","osmid":[521114280,521114277],"name":null,"ref":null,"highway":"residential","length":226.39610753313485,"oneway":false},"geometry":{"type":"LineString","coordinates":[[125.1528646,11.3127792],[125.1534305,11.3117298],[125.1535673,11.3114379],[125.1530389,11.3113379]]}},{"type":"Feature","properties":{"u":"5078007558","v":"5078007555","key":"0","osmid":521114283,"name":null,"ref":null,"highway":"residential","length":42.21896255108841,"oneway":false},"geometry":{"type":"LineString","coordinates":[[125.1525762,11.3127108],[125.1524743,11.3130771]]}},{"type":"Feature","properties":{"u":"5078007558","v":"5078007557","key":"0","osmid":521114284,"name":null,"ref":null,"highway":"residential","length":32.352329126715546,"oneway":false},"geometry":{"type":"LineString","coordinates":[[125.1525762,11.3127108],[125.1528646,11.3127792]]}},{"type":"Feature","properties":{"u":"5078007558","v":"5078007561","key":"0","osmid":521114284,"name":null,"ref":null,"highway":"residential","length":49.47509340352217,"oneway":false},"geometry":{"type":"LineString","coordinates":[[125.1525762,11.3127108],[125.1521412,11.3125842]]}},{"type":"Feature","properties":{"u":"5078007558","v":"5078007536","key":"0","osmid":521114283,"name":null,"ref":null,"highway":"residential","length":160.78012117940565,"oneway":false},"geometry":{"type":"LineString","coordinates":[[125.1525762,11.3127108],[125.1529021,11.311743],[125.1530389,11.3113379]]}},{"type":"Feature","properties":{"u":"5078007561","v":"5078007558","key":"0","osmid":521114284,"name":null,"ref":null,"highway":"residential","length":49.47509340352217,"oneway":false},"geometry":{"type":"LineString","coordinates":[[125.1521412,11.3125842],[125.1525762,11.3127108]]}},{"type":"Feature","properties":{"u":"5078007561","v":"5078007563","key":"0","osmid":521114285,"name":null,"ref":null,"highway":"residential","length":40.99413855895533,"oneway":false},"geometry":{"type":"LineString","coordinates":[[125.1521412,11.3125842],[125.1520165,11.312932]]}},{"type":"Feature","properties":{"u":"5078007561","v":"5078007536","key":"0","osmid":[521114285,521114277],"name":null,"ref":null,"highway":"residential","length":203.28794418354258,"oneway":false},"geometry":{"type":"LineString","coordinates":[[125.1521412,11.3125842],[125.1525079,11.3115615],[125.1526232,11.3112537],[125.1530389,11.3113379]]}},{"type":"Feature","properties":{"u":"5078007562","v":"5078007552","key":"0","osmid":521114285,"name":null,"ref":null,"highway":"residential","length":17.767514289767277,"oneway":false},"geometry":{"type":"LineString","coordinates":[[125.1517649,11.313634],[125.1518176,11.3134828]]}},{"type":"Feature","properties":{"u":"5078007563","v":"5078007555","key":"0","osmid":521114281,"name":null,"ref":null,"highway":"residential","length":52.4588337975635,"oneway":false},"geometry":{"type":"LineString","coordinates":[[125.1520165,11.312932],[125.1524743,11.3130771]]}},{"type":"Feature","properties":{"u":"5078007563","v":"5078007561","key":"0","osmid":521114285,"name":null,"ref":null,"highway":"residential","length":40.99413855895533,"oneway":false},"geometry":{"type":"LineString","coordinates":[[125.1520165,11.312932],[125.1521412,11.3125842]]}},{"type":"Feature","properties":{"u":"5078007563","v":"5078007552","key":"0","osmid":521114285,"name":null,"ref":null,"highway":"residential","length":64.9725153660927,"oneway":false},"geometry":{"type":"LineString","coordinates":[[125.1520165,11.312932],[125.1518176,11.3134828]]}},{"type":"Feature","properties":{"u":"5078007563","v":"7111574726","key":"0","osmid":521114286,"name":null,"ref":null,"highway":"residential","length":31.65190891773398,"oneway":false},"geometry":{"type":"LineString","coordinates":[[125.1520165,11.312932],[125.1517377,11.3128527]]}},{"type":"Feature","properties":{"u":"5078007564","v":"8440242424","key":"0","osmid":[953254493,953254494,521114287],"name":null,"ref":null,"highway":"residential","length":410.39453461635225,"oneway":false},"geometry":{"type":"LineString","coordinates":[[125.1586475,11.3030635],[125.1565491,11.302954],[125.1562969,11.302879],[125.1557358,11.3028298],[125.1557444,11.3027369],[125.1550088,11.3028193]]}},{"type":"Feature","properties":{"u":"5078007564","v":"1170165024","key":"0","osmid":953254491,"name":null,"ref":null,"highway":"tertiary","length":210.47318443357517,"oneway":false},"geometry":{"type":"LineString","coordinates":[[125.1586475,11.3030635],[125.1586579,11.3033324],[125.1588359,11.3036684],[125.159397,11.3041181],[125.1596385,11.3042768],[125.1598826,11.3043469]]}},{"type":"Feature","properties":{"u":"5078007564","v":"8440259978","key":"0","osmid":953254491,"name":null,"ref":null,"highway":"tertiary","length":649.1886824913082,"oneway":false},"geometry":{"type":"LineString","coordinates":[[125.1586475,11.3030635],[125.1586216,11.3028708],[125.1577204,11.3012414],[125.1575152,11.3009587],[125.156897,11.3003077],[125.1567146,11.3000026],[125.1566717,11.2997922],[125.1566609,11.2990031],[125.1568111,11.298101],[125.1568582,11.2978225]]}},{"type":"Feature","properties":{"u":"5078007573","v":"5078007589","key":"0","osmid":245442593,"name":null,"ref":null,"highway":"secondary","length":1089.6799694013296,"oneway":false},"geometry":{"type":"LineString","coordinates":[[125.1495216,11.3056482],[125.1496666,11.3056707],[125.1505315,11.3057404],[125.1512503,11.3057745],[125.1516231,11.305764],[125.1517653,11.3058272],[125.1518914,11.3059692],[125.1521704,11.3065793],[125.1522159,11.3067069],[125.1522146,11.3068319],[125.1520255,11.3081732],[125.1520282,11.3082811],[125.152114,11.3092332],[125.1521623,11.3100841],[125.1520818,11.3109191],[125.1520336,11.3113347],[125.1520498,11.3117412],[125.1520202,11.3117924],[125.1517854,11.3119396],[125.1507483,11.3125714]]}},{"type":"Feature","properties":{"u":"5078007573","v":"12971308294","key":"0","osmid":245442593,"name":null,"ref":null,"highway":"secondary","length":757.0199422149647,"oneway":false},"geometry":{"type":"LineString","coordinates":[[125.1495216,11.3056482],[125.149405,11.305601],[125.1486164,11.3051249],[125.1485279,11.3050933],[125.1478547,11.3050486],[125.1474524,11.3050434],[125.1471439,11.3050092],[125.1465967,11.304754],[125.145843,11.3043464],[125.1453495,11.3040491],[125.145028,11.3039031],[125.1448881,11.3038138],[125.1441862,11.3028104],[125.1437806,11.3023757]]}},{"type":"Feature","properties":{"u":"5078007573","v":"12971308294","key":"1","osmid":894889447,"name":null,"ref":null,"highway":"residential","length":827.1820402833546,"oneway":false},"geometry":{"type":"LineString","coordinates":[[125.1495216,11.3056482],[125.1495552,11.3047034],[125.1495331,11.3046659],[125.1494633,11.3046528],[125.1480223,11.3045542],[125.1472203,11.3044634],[125.1463795,11.3042201],[125.145831,11.3038966],[125.1453535,11.3034232],[125.1448278,11.3029511],[125.1443584,11.3025552],[125.1439977,11.3022961],[125.14394,11.3022672],[125.1438864,11.3022619],[125.1438622,11.3022685],[125.1437806,11.3023757]]}},{"type":"Feature","properties":{"u":"5078007589","v":"7111574726","key":"0","osmid":521114286,"name":null,"ref":null,"highway":"residential","length":112.32207831591786,"oneway":false},"geometry":{"type":"LineString","coordinates":[[125.1507483,11.3125714],[125.1517377,11.3128527]]}},{"type":"Feature","properties":{"u":"5078007589","v":"5078007428","key":"0","osmid":245442593,"name":null,"ref":null,"highway":"secondary","length":618.1529933096522,"oneway":false},"geometry":{"type":"LineString","coordinates":[[125.1507483,11.3125714],[125.1507059,11.3126155],[125.1499495,11.3133414],[125.1493379,11.3146933],[125.1490536,11.315172],[125.1484582,11.3159031],[125.1477608,11.3169262],[125.1476267,11.3171524]]}},{"type":"Feature","properties":{"u":"5078007589","v":"5078007573","key":"0","osmid":245442593,"name":null,"ref":null,"highway":"secondary","length":1089.6799694013298,"oneway":false},"geometry":{"type":"LineString","coordinates":[[125.1507483,11.3125714],[125.1517854,11.3119396],[125.1520202,11.3117924],[125.1520498,11.3117412],[125.1520336,11.3113347],[125.1520818,11.3109191],[125.1521623,11.3100841],[125.152114,11.3092332],[125.1520282,11.3082811],[125.1520255,11.3081732],[125.1522146,11.3068319],[125.1522159,11.3067069],[125.1521704,11.3065793],[125.1518914,11.3059692],[125.1517653,11.3058272],[125.1516231,11.305764],[125.1512503,11.3057745],[125.1505315,11.3057404],[125.1496666,11.3056707],[125.1495216,11.3056482]]}},{"type":"Feature","properties":{"u":"5078007603","v":"2526305666","key":"0","osmid":245426131,"name":null,"ref":null,"highway":"tertiary","length":756.5212731650163,"oneway":false},"geometry":{"type":"LineString","coordinates":[[125.1600163,11.3422344],[125.1600648,11.3417286],[125.1600292,11.3416924],[125.1599582,11.3416648],[125.1597382,11.3416871],[125.1596242,11.3416608],[125.1594807,11.3415951],[125.1592956,11.3414071],[125.1591415,11.3412572],[125.1589684,11.3411546],[125.1587807,11.3410665],[125.1586653,11.3409745],[125.1585676,11.3408391],[125.1584467,11.340655],[125.158217,11.3403006],[125.1580886,11.3401417],[125.157908,11.3400048],[125.1576909,11.3398958],[125.157355,11.3397745],[125.1570822,11.3396581],[125.1560871,11.3393288],[125.155899,11.3391894],[125.1554561,11.3386891],[125.1552778,11.3385254],[125.1550125,11.3382415]]}},{"type":"Feature","properties":{"u":"5078007603","v":"1993195522","key":"0","osmid":[909577177,188698179,337410414],"name":["Maydolong - Basey Road","Basey-Sohoton Road"],"ref":null,"highway":"secondary","length":857.2589260566169,"oneway":false},"geometry":{"type":"LineString","coordinates":[[125.1600163,11.3422344],[125.1597549,11.3423313],[125.1594195,11.3424286],[125.1591078,11.3425786],[125.158924,11.3426693],[125.1588242,11.3427008],[125.1587216,11.3427155],[125.1585828,11.3426832],[125.1583804,11.3426019],[125.1583059,11.3425299],[125.1577985,11.3420226],[125.1575428,11.3417609],[125.1574371,11.3416552],[125.1572944,11.3415626],[125.157096,11.3414879],[125.1568856,11.341453],[125.1556653,11.3413163],[125.1552415,11.3412006],[125.1530689,11.3399962]]}},{"type":"Feature","properties":{"u":"5078007603","v":"8382917539","key":"0","osmid":[188698176,909577177,1209655321],"name":"Maydolong - Basey Road","ref":null,"highway":"secondary","length":5468.842768162151,"oneway":false},"geometry":{"type":"LineString","coordinates":[[125.1600163,11.3422344],[125.1601815,11.3421563],[125.1603258,11.3420576],[125.1605655,11.3418661],[125.1608141,11.3417216],[125.1610194,11.3416302],[125.1612194,11.3415639],[125.1615005,11.3415008],[125.1616359,11.3415108],[125.1617458,11.3416143],[125.1618047,11.3417499],[125.1619022,11.3419142],[125.1619449,11.3420566],[125.1619456,11.3421322],[125.1619146,11.3422215],[125.1618314,11.3423352],[125.1616693,11.3425723],[125.1615027,11.3428214],[125.1612977,11.3431062],[125.1612254,11.343215],[125.1611903,11.3433931],[125.1612535,11.3436417],[125.1613375,11.3440048],[125.1614223,11.344227],[125.1615181,11.3443515],[125.1616251,11.3444696],[125.1617432,11.3445471],[125.161889,11.3446474],[125.1620473,11.3447815],[125.162183,11.3448719],[125.1623117,11.344985],[125.1625075,11.3450862],[125.1626806,11.3451316],[125.1628294,11.345175],[125.1629555,11.3452401],[125.1630601,11.3453224],[125.1631061,11.3454459],[125.1631983,11.3456792],[125.1632543,11.3458805],[125.1632945,11.3461901],[125.163335,11.3465391],[125.1633257,11.3467545],[125.1632868,11.3469735],[125.1632209,11.347192],[125.1632276,11.3472884],[125.1632747,11.3473583],[125.1635333,11.3477029],[125.1639123,11.3481053],[125.1641091,11.3483283],[125.1642457,11.3486798],[125.1643336,11.3489562],[125.1643366,11.3490802],[125.1643261,11.3491811],[125.164212,11.3495877],[125.164038,11.3500689],[125.1639784,11.3501411],[125.163869,11.3502278],[125.1637709,11.3502914],[125.1636355,11.350356],[125.1635403,11.3504661],[125.1633727,11.3510641],[125.16335,11.3512144],[125.163373,11.3513433],[125.1634503,11.351433],[125.1635983,11.3515327],[125.1639084,11.3517295],[125.1642416,11.3519512],[125.1645005,11.3523049],[125.1646807,11.3523933],[125.165069,11.3526245],[125.1653399,11.3527796],[125.1654572,11.352826],[125.165623,11.3528519],[125.1657984,11.3528759],[125.1660831,11.3529072],[125.1663517,11.3529513],[125.1665996,11.3529697],[125.1668101,11.3529527],[125.1671474,11.3529063],[125.1674058,11.3529006],[125.1675813,11.3529261],[125.1677259,11.352959],[125.1679884,11.3530925],[125.1683168,11.3532522],[125.1685992,11.3533862],[125.1687208,11.3534712],[125.1688375,11.3535554],[125.1689997,11.3537785],[125.1692827,11.35418],[125.1694217,11.3543588],[125.1696674,11.3546141],[125.1698487,11.3548177],[125.1699936,11.3549518],[125.1701545,11.3550938],[125.1703004,11.3552084],[125.1708253,11.3554426],[125.1710742,11.3555583],[125.1715406,11.3558346],[125.172016,11.3561325],[125.1725578,11.3564376],[125.1729478,11.3566512],[125.173192,11.3567814],[125.1734402,11.356914],[125.1736092,11.357024],[125.1738225,11.3571886],[125.1740825,11.3573305],[125.1742096,11.3573699],[125.1743452,11.3573924],[125.17455,11.3574363],[125.1746706,11.3574651],[125.1748296,11.3575604],[125.1750049,11.3576554],[125.1751099,11.3577112],[125.1753511,11.3578119],[125.1756683,11.3579335],[125.1760345,11.3580706],[125.1762687,11.3581437],[125.1764275,11.358147],[125.1765788,11.3581333],[125.176854,11.3580655],[125.1771597,11.3580217],[125.1774698,11.3579784],[125.1777959,11.3578803],[125.1780401,11.3577981],[125.1781568,11.3577804],[125.1783768,11.3577841],[125.1785721,11.3578039],[125.1787303,11.3577877],[125.1788902,11.3577386],[125.17901,11.3576872],[125.1791158,11.3576045],[125.1792089,11.3575081],[125.179269,11.3574022],[125.1793441,11.3572859],[125.1794211,11.3571229],[125.17951,11.3569618],[125.1795983,11.3568105],[125.1796698,11.3566965],[125.1797647,11.3565713],[125.1798491,11.3564647],[125.1799425,11.3563898],[125.1800443,11.3563334],[125.1802254,11.3562749],[125.1804793,11.3561868],[125.180758,11.3561067],[125.1809583,11.3560607],[125.18113,11.3560451],[125.1814759,11.356057],[125.1817722,11.3560637],[125.1820094,11.356057],[125.1821802,11.3560787],[125.1822883,11.3560863],[125.1826963,11.3560524],[125.1829355,11.356019],[125.1831523,11.355956],[125.1833316,11.3558937],[125.1835762,11.3557442],[125.1837784,11.3556133],[125.1838713,11.3555578],[125.1839715,11.3555178],[125.1840499,11.3554986],[125.1841385,11.3554922],[125.1844959,11.3555546],[125.1850282,11.3556628],[125.1853711,11.355724],[125.1855624,11.3557566],[125.1856566,11.3557793],[125.1857391,11.3558191],[125.1858151,11.355881],[125.1858733,11.355955],[125.1860268,11.3562051],[125.1861633,11.356414],[125.1862191,11.356473],[125.1863005,11.3565035],[125.1865606,11.3564897],[125.1867463,11.3564762],[125.1868417,11.356478],[125.1869434,11.3565005],[125.1870213,11.3565288],[125.1871499,11.3565995],[125.1872814,11.3566716],[125.1874338,11.3567188],[125.1875332,11.3567425],[125.1876367,11.3567386],[125.1878444,11.3567074],[125.1880723,11.3566537],[125.1882513,11.3566171],[125.188434,11.3565826],[125.1886486,11.3565689],[125.1888209,11.3565825],[125.1889601,11.3566232],[125.1890914,11.3567184],[125.1892292,11.3568498],[125.1893718,11.3570156],[125.1894372,11.3571019],[125.1894829,11.3571923],[125.1895065,11.3572683],[125.189518,11.3573696],[125.1895022,11.3574356],[125.1893745,11.3577393],[125.1892773,11.3579633],[125.1892456,11.3580519],[125.189244,11.3581311],[125.1892496,11.3582052],[125.1892721,11.3582767],[125.1893119,11.3583354],[125.1893741,11.3583952],[125.1895198,11.3584989],[125.1896629,11.3586141],[125.1897491,11.3587002],[125.1898029,11.3587748],[125.1898703,11.3588883],[125.1899317,11.3590203],[125.1900274,11.3591873],[125.190103,11.3592927],[125.1901819,11.3593793],[125.1902582,11.3594571],[125.190353,11.3595414],[125.1904477,11.3596143],[125.1905715,11.3596766],[125.1910511,11.3597843],[125.1913583,11.3598737],[125.1915317,11.3599479],[125.1916734,11.3600233],[125.1920865,11.360284],[125.1922626,11.3603773],[125.1923881,11.3604297],[125.1924874,11.3604629],[125.1928584,11.3605638],[125.193529,11.3606993]]}},{"type":"Feature","properties":{"u":"6065050683","v":"6065050695","key":"0","osmid":645108099,"name":null,"ref":null,"highway":"track","length":48.002073275640704,"oneway":false},"geometry":{"type":"LineString","coordinates":[[125.1513473,11.3231566],[125.1509079,11.3231836]]}},{"type":"Feature","properties":{"u":"6065050683","v":"6065050693","key":"0","osmid":645108098,"name":null,"ref":null,"highway":"residential","length":264.9008463758569,"oneway":false},"geometry":{"type":"LineString","coordinates":[[125.1513473,11.3231566],[125.1513117,11.3236901],[125.1512823,11.3241975],[125.1512731,11.3243493],[125.1512701,11.3245312],[125.1512528,11.3246379],[125.151201,11.3247624],[125.1511034,11.3248491],[125.151018,11.3248741],[125.1507873,11.3249159],[125.1504685,11.3249648]]}},{"type":"Feature","properties":{"u":"6065050683","v":"2526403196","key":"0","osmid":[645108098,521114270],"name":null,"ref":null,"highway":["residential","unclassified"],"length":993.0435316337163,"oneway":false},"geometry":{"type":"LineString","coordinates":[[125.1513473,11.3231566],[125.1513697,11.3227679],[125.151389,11.322449],[125.1513941,11.3216647],[125.1514002,11.3214883],[125.1514042,11.3213308],[125.1514354,11.3201033],[125.151422,11.3195563],[125.1513818,11.318662],[125.1514005,11.3182675],[125.148367,11.3178415],[125.147329,11.3176621]]}},{"type":"Feature","properties":{"u":"6065050693","v":"6065050683","key":"0","osmid":645108098,"name":null,"ref":null,"highway":"residential","length":264.90084637585693,"oneway":false},"geometry":{"type":"LineString","coordinates":[[125.1504685,11.3249648],[125.1507873,11.3249159],[125.151018,11.3248741],[125.1511034,11.3248491],[125.151201,11.3247624],[125.1512528,11.3246379],[125.1512701,11.3245312],[125.1512731,11.3243493],[125.1512823,11.3241975],[125.1513117,11.3236901],[125.1513473,11.3231566]]}},{"type":"Feature","properties":{"u":"6065050695","v":"6065050683","key":"0","osmid":645108099,"name":null,"ref":null,"highway":"track","length":48.002073275640704,"oneway":false},"geometry":{"type":"LineString","coordinates":[[125.1509079,11.3231836],[125.1513473,11.3231566]]}},{"type":"Feature","properties":{"u":"6426799825","v":"2525588401","key":"0","osmid":685743423,"name":null,"ref":null,"highway":"track","length":354.0016290789518,"oneway":false},"geometry":{"type":"LineString","coordinates":[[125.0510216,11.3442765],[125.0508418,11.3440253],[125.0506782,11.3437636],[125.0505951,11.3436164],[125.0505253,11.3434823],[125.0504261,11.3431851],[125.0504797,11.3428748],[125.0505495,11.3425907],[125.0505227,11.3424435],[125.050587,11.3422068],[125.0505706,11.3418973],[125.0507719,11.3416615],[125.0508354,11.3413482]]}},{"type":"Feature","properties":{"u":"6426799829","v":"2531218894","key":"0","osmid":685743424,"name":null,"ref":null,"highway":"track","length":39.457190671727076,"oneway":false},"geometry":{"type":"LineString","coordinates":[[125.0658542,11.3422773],[125.0658438,11.3419226]]}},{"type":"Feature","properties":{"u":"6426799829","v":"6426799840","key":"0","osmid":[685743424,685743425],"name":null,"ref":null,"highway":"track","length":293.76493519344626,"oneway":false},"geometry":{"type":"LineString","coordinates":[[125.0658542,11.3422773],[125.065889,11.3426034],[125.0660231,11.3428532],[125.0660889,11.3429781],[125.0661546,11.343103],[125.0661901,11.3431649],[125.0663437,11.3434325],[125.0664644,11.3436403],[125.0664805,11.3439664],[125.0665073,11.3441381],[125.0665636,11.3442512],[125.0664992,11.3444221],[125.066569,11.344601],[125.0665448,11.3447325]]}},{"type":"Feature","properties":{"u":"6426799829","v":"6426799847","key":"0","osmid":685743426,"name":null,"ref":null,"highway":"track","length":212.51231230715587,"oneway":false},"geometry":{"type":"LineString","coordinates":[[125.0658542,11.3422773],[125.0657348,11.342515],[125.0656356,11.342778],[125.06548,11.3430015],[125.0653969,11.3433276],[125.0651855,11.3435116],[125.0651581,11.3435354],[125.0650348,11.3436905],[125.0648068,11.343801]]}},{"type":"Feature","properties":{"u":"6426799840","v":"6426799829","key":"0","osmid":[685743424,685743425],"name":null,"ref":null,"highway":"track","length":293.76493519344626,"oneway":false},"geometry":{"type":"LineString","coordinates":[[125.0665448,11.3447325],[125.066569,11.344601],[125.0664992,11.3444221],[125.0665636,11.3442512],[125.0665073,11.3441381],[125.0664805,11.3439664],[125.0664644,11.3436403],[125.0663437,11.3434325],[125.0661901,11.3431649],[125.0661546,11.343103],[125.0660889,11.3429781],[125.0660231,11.3428532],[125.065889,11.3426034],[125.0658542,11.3422773]]}},{"type":"Feature","properties":{"u":"6426799847","v":"6426799829","key":"0","osmid":685743426,"name":null,"ref":null,"highway":"track","length":212.5123123071559,"oneway":false},"geometry":{"type":"LineString","coordinates":[[125.0648068,11.343801],[125.0650348,11.3436905],[125.0651581,11.3435354],[125.0651855,11.3435116],[125.0653969,11.3433276],[125.06548,11.3430015],[125.0656356,11.342778],[125.0657348,11.342515],[125.0658542,11.3422773]]}},{"type":"Feature","properties":{"u":"6426799850","v":"8448967114","key":"0","osmid":[685743427,909962917],"name":null,"ref":null,"highway":["track","residential"],"length":478.9888476011471,"oneway":false},"geometry":{"type":"LineString","coordinates":[[125.0600512,11.3356569],[125.0599332,11.3362249],[125.0602014,11.3364984],[125.0607271,11.3366773],[125.0611026,11.3368666],[125.0611563,11.3372874],[125.0612207,11.3377818],[125.0613747,11.3380933],[125.0613923,11.338129],[125.0614513,11.3382381],[125.0616659,11.338509],[125.0619194,11.3386668],[125.0622285,11.3387687]]}},{"type":"Feature","properties":{"u":"6426815515","v":"1684194129","key":"0","osmid":156132407,"name":null,"ref":null,"highway":"residential","length":49.38170297977073,"oneway":false},"geometry":{"type":"LineString","coordinates":[[125.0131719,11.2775853],[125.0129758,11.2779856]]}},{"type":"Feature","properties":{"u":"6426815515","v":"6426815516","key":"0","osmid":685745166,"name":null,"ref":null,"highway":"residential","length":85.78610083537723,"oneway":false},"geometry":{"type":"LineString","coordinates":[[125.0131719,11.2775853],[125.0124517,11.2772749]]}},{"type":"Feature","properties":{"u":"6426815515","v":"1684194089","key":"0","osmid":156132407,"name":null,"ref":null,"highway":"residential","length":123.72769654090462,"oneway":false},"geometry":{"type":"LineString","coordinates":[[125.0131719,11.2775853],[125.0132735,11.2772635],[125.0125102,11.2770596]]}},{"type":"Feature","properties":{"u":"6426815516","v":"8382612215","key":"0","osmid":156132416,"name":null,"ref":null,"highway":"residential","length":54.462137484396074,"oneway":false},"geometry":{"type":"LineString","coordinates":[[125.0124517,11.2772749],[125.011984,11.2771031]]}},{"type":"Feature","properties":{"u":"6426815516","v":"1684194089","key":"0","osmid":156132419,"name":null,"ref":null,"highway":"residential","length":24.775668696668706,"oneway":false},"geometry":{"type":"LineString","coordinates":[[125.0124517,11.2772749],[125.0125102,11.2770596]]}},{"type":"Feature","properties":{"u":"6426815516","v":"1684194238","key":"0","osmid":156132419,"name":null,"ref":null,"highway":"residential","length":43.53115581560116,"oneway":false},"geometry":{"type":"LineString","coordinates":[[125.0124517,11.2772749],[125.0123761,11.2776593]]}},{"type":"Feature","properties":{"u":"6426815516","v":"6426815515","key":"0","osmid":685745166,"name":null,"ref":null,"highway":"residential","length":85.78610083537723,"oneway":false},"geometry":{"type":"LineString","coordinates":[[125.0124517,11.2772749],[125.0131719,11.2775853]]}},{"type":"Feature","properties":{"u":"6426864101","v":"6426864192","key":"0","osmid":[685749681,685749691],"name":null,"ref":null,"highway":"path","length":350.4010722054628,"oneway":false},"geometry":{"type":"LineString","coordinates":[[125.098852,11.3730652],[125.0988963,11.373106],[125.0988132,11.3732716],[125.0987984,11.3733794],[125.0987917,11.3734544],[125.0987609,11.3735056],[125.0987652,11.3736647],[125.0987397,11.373741],[125.0987344,11.3738172],[125.0987612,11.3739106],[125.0987733,11.3740237],[125.0987961,11.3741551],[125.0987907,11.374188],[125.0987639,11.3742498],[125.0987464,11.3742827],[125.0987491,11.3743616],[125.0987397,11.374472],[125.0986351,11.3758735],[125.0986056,11.3760471],[125.0985949,11.3761417]]}},{"type":"Feature","properties":{"u":"6426864101","v":"7308024318","key":"0","osmid":[685749680,685749681,685751881],"name":null,"ref":null,"highway":"path","length":181.73096264688849,"oneway":false},"geometry":{"type":"LineString","coordinates":[[125.098852,11.3730652],[125.0989593,11.3729574],[125.0989862,11.3729521],[125.0990103,11.3729258],[125.099025,11.3728956],[125.0990275,11.3728749],[125.0990854,11.3728049],[125.0991873,11.372705],[125.0992007,11.3726524],[125.0991739,11.3725787],[125.0991712,11.3725314],[125.0991981,11.3724683],[125.09919,11.3723579],[125.0992288,11.3722119],[125.0991887,11.3720101],[125.0991539,11.3715911]]}},{"type":"Feature","properties":{"u":"6426864101","v":"6426864119","key":"0","osmid":685749682,"name":null,"ref":null,"highway":"path","length":71.55089838361476,"oneway":false},"geometry":{"type":"LineString","coordinates":[[125.098852,11.3730652],[125.0987193,11.3731743],[125.0986334,11.3731625],[125.09838,11.3731362],[125.0983491,11.3731388],[125.0982539,11.373194]]}},{"type":"Feature","properties":{"u":"6426864119","v":"6426864101","key":"0","osmid":685749682,"name":null,"ref":null,"highway":"path","length":71.55089838361478,"oneway":false},"geometry":{"type":"LineString","coordinates":[[125.0982539,11.373194],[125.0983491,11.3731388],[125.09838,11.3731362],[125.0986334,11.3731625],[125.0987193,11.3731743],[125.098852,11.3730652]]}},{"type":"Feature","properties":{"u":"6426864192","v":"6426864101","key":"0","osmid":[685749681,685749691],"name":null,"ref":null,"highway":"path","length":350.4010722054628,"oneway":false},"geometry":{"type":"LineString","coordinates":[[125.0985949,11.3761417],[125.0986056,11.3760471],[125.0986351,11.3758735],[125.0987397,11.374472],[125.0987491,11.3743616],[125.0987464,11.3742827],[125.0987639,11.3742498],[125.0987907,11.374188],[125.0987961,11.3741551],[125.0987733,11.3740237],[125.0987612,11.3739106],[125.0987344,11.3738172],[125.0987397,11.373741],[125.0987652,11.3736647],[125.0987609,11.3735056],[125.0987917,11.3734544],[125.0987984,11.3733794],[125.0988132,11.3732716],[125.0988963,11.373106],[125.098852,11.3730652]]}},{"type":"Feature","properties":{"u":"6426864192","v":"6426864213","key":"0","osmid":685749692,"name":null,"ref":null,"highway":"path","length":304.33797069097704,"oneway":false},"geometry":{"type":"LineString","coordinates":[[125.0985949,11.3761417],[125.0985627,11.3765888],[125.0985466,11.3769779],[125.0986378,11.3772356],[125.0986485,11.3774933],[125.0987397,11.3776984],[125.0987397,11.3778194],[125.0987934,11.3779508],[125.0989328,11.3780192],[125.0989972,11.3781822],[125.0991099,11.378319],[125.0991699,11.3783538],[125.0992189,11.378388],[125.0992383,11.378432],[125.0992785,11.3784633],[125.0993483,11.3785162],[125.099366,11.378555],[125.0993815,11.378574]]}},{"type":"Feature","properties":{"u":"6426864192","v":"6426864288","key":"0","osmid":685749706,"name":null,"ref":null,"highway":"path","length":206.61710320053723,"oneway":false},"geometry":{"type":"LineString","coordinates":[[125.0985949,11.3761417],[125.0985138,11.3762081],[125.0984789,11.3763554],[125.0984467,11.3764869],[125.0984038,11.3766604],[125.0982911,11.3768208],[125.0981999,11.3769391],[125.0981543,11.3769628],[125.0980551,11.377089],[125.0980229,11.3772547],[125.0980095,11.3773415],[125.0979183,11.3774624],[125.0978781,11.3774782],[125.0978378,11.3775807],[125.097811,11.3776938],[125.0977788,11.3777464]]}},{"type":"Feature","properties":{"u":"6426864213","v":"6426864192","key":"0","osmid":685749692,"name":null,"ref":null,"highway":"path","length":304.33797069097693,"oneway":false},"geometry":{"type":"LineString","coordinates":[[125.0993815,11.378574],[125.099366,11.378555],[125.0993483,11.3785162],[125.0992785,11.3784633],[125.0992383,11.378432],[125.0992189,11.378388],[125.0991699,11.3783538],[125.0991099,11.378319],[125.0989972,11.3781822],[125.0989328,11.3780192],[125.0987934,11.3779508],[125.0987397,11.3778194],[125.0987397,11.3776984],[125.0986485,11.3774933],[125.0986378,11.3772356],[125.0985466,11.3769779],[125.0985627,11.3765888],[125.0985949,11.3761417]]}},{"type":"Feature","properties":{"u":"6426864288","v":"6426864192","key":"0","osmid":685749706,"name":null,"ref":null,"highway":"path","length":206.61710320053723,"oneway":false},"geometry":{"type":"LineString","coordinates":[[125.0977788,11.3777464],[125.097811,11.3776938],[125.0978378,11.3775807],[125.0978781,11.3774782],[125.0979183,11.3774624],[125.0980095,11.3773415],[125.0980229,11.3772547],[125.0980551,11.377089],[125.0981543,11.3769628],[125.0981999,11.3769391],[125.0982911,11.3768208],[125.0984038,11.3766604],[125.0984467,11.3764869],[125.0984789,11.3763554],[125.0985138,11.3762081],[125.0985949,11.3761417]]}},{"type":"Feature","properties":{"u":"6426878709","v":"6426889367","key":"0","osmid":685750934,"name":null,"ref":null,"highway":"path","length":48.51881003727752,"oneway":false},"geometry":{"type":"LineString","coordinates":[[125.0837664,11.3636433],[125.0841245,11.3636112],[125.084207,11.3636331]]}},{"type":"Feature","properties":{"u":"6426878709","v":"6426889367","key":"1","osmid":[910440673,685750934,685750334,685750335],"name":null,"ref":null,"highway":"path","length":270.40870071943516,"oneway":false},"geometry":{"type":"LineString","coordinates":[[125.0837664,11.3636433],[125.0840442,11.3639649],[125.0843138,11.3642305],[125.0844104,11.3642975],[125.0844828,11.3643514],[125.0845552,11.3643764],[125.0846504,11.364195],[125.0847778,11.363932],[125.0848194,11.3636796],[125.0843125,11.3636612],[125.084207,11.3636331]]}},{"type":"Feature","properties":{"u":"6426878709","v":"4848524051","key":"0","osmid":[910440673,685750933],"name":null,"ref":null,"highway":["residential","path"],"length":1561.3371253725095,"oneway":false},"geometry":{"type":"LineString","coordinates":[[125.0837664,11.3636433],[125.083689,11.3635139],[125.0836549,11.3634381],[125.0835912,11.3633912],[125.0835161,11.3634024],[125.0833546,11.3633109],[125.083259,11.3632328],[125.0832818,11.3631191],[125.0833887,11.3629986],[125.0834547,11.3629295],[125.0835093,11.3628581],[125.0835411,11.3627577],[125.083573,11.362528],[125.0836071,11.3624254],[125.0836572,11.3623986],[125.083689,11.3623072],[125.0837573,11.3622469],[125.0838073,11.3620774],[125.0839029,11.3620038],[125.0839666,11.3618967],[125.0840326,11.3617451],[125.0840872,11.36158],[125.0841782,11.3613703],[125.0843807,11.3609331],[125.0845012,11.3605406],[125.08464,11.3603934],[125.0848675,11.3602394],[125.0851634,11.3599994],[125.0853476,11.3596773],[125.0854549,11.3592513],[125.0855729,11.3589094],[125.085652,11.3585886],[125.0858152,11.3583598],[125.0859882,11.3582888],[125.0860986,11.3581731],[125.0863186,11.3579101],[125.0863883,11.3577544],[125.0863615,11.3574263],[125.0863883,11.3571844],[125.0865278,11.3568951],[125.0866458,11.3566163],[125.0866995,11.3563639],[125.0866297,11.3559852],[125.0863695,11.355738],[125.0858559,11.3554238],[125.0856655,11.3552174],[125.0854885,11.3548675],[125.0852761,11.3544455],[125.0852081,11.3540655],[125.0851513,11.3539172],[125.0849252,11.3536592],[125.0844571,11.3531241],[125.0842184,11.3527691],[125.0841562,11.3526362],[125.0841594,11.3524785],[125.0842586,11.3522668],[125.0841307,11.3519157]]}},{"type":"Feature","properties":{"u":"6426887758","v":"6426887769","key":"0","osmid":685751876,"name":null,"ref":null,"highway":"path","length":103.55097420031814,"oneway":false},"geometry":{"type":"LineString","coordinates":[[125.1027765,11.3729764],[125.1027433,11.3728884],[125.1026655,11.372799],[125.1026011,11.3727595],[125.1025555,11.3727253],[125.1024643,11.3726885],[125.1023409,11.3726412],[125.10229,11.3726123],[125.1022712,11.3725544],[125.1022095,11.3725255],[125.1022068,11.3724492],[125.1021934,11.3723493]]}},{"type":"Feature","properties":{"u":"6426887769","v":"6426887758","key":"0","osmid":685751876,"name":null,"ref":null,"highway":"path","length":103.55097420031815,"oneway":false},"geometry":{"type":"LineString","coordinates":[[125.1021934,11.3723493],[125.1022068,11.3724492],[125.1022095,11.3725255],[125.1022712,11.3725544],[125.10229,11.3726123],[125.1023409,11.3726412],[125.1024643,11.3726885],[125.1025555,11.3727253],[125.1026011,11.3727595],[125.1026655,11.372799],[125.1027433,11.3728884],[125.1027765,11.3729764]]}},{"type":"Feature","properties":{"u":"6426889367","v":"6426878709","key":"0","osmid":685750934,"name":null,"ref":null,"highway":"path","length":48.51881003727752,"oneway":false},"geometry":{"type":"LineString","coordinates":[[125.084207,11.3636331],[125.0841245,11.3636112],[125.0837664,11.3636433]]}},{"type":"Feature","properties":{"u":"6426889367","v":"6426878709","key":"1","osmid":[685750334,910440673,685750934,685750335],"name":null,"ref":null,"highway":"path","length":270.40870071943516,"oneway":false},"geometry":{"type":"LineString","coordinates":[[125.084207,11.3636331],[125.0843125,11.3636612],[125.0848194,11.3636796],[125.0847778,11.363932],[125.0846504,11.364195],[125.0845552,11.3643764],[125.0844828,11.3643514],[125.0844104,11.3642975],[125.0843138,11.3642305],[125.0840442,11.3639649],[125.0837664,11.3636433]]}},{"type":"Feature","properties":{"u":"6426889367","v":"6426889369","key":"0","osmid":685751964,"name":null,"ref":null,"highway":"path","length":42.218696641089835,"oneway":false},"geometry":{"type":"LineString","coordinates":[[125.084207,11.3636331],[125.0842016,11.3633719],[125.0841829,11.3632549]]}},{"type":"Feature","properties":{"u":"6426889369","v":"6426889367","key":"0","osmid":685751964,"name":null,"ref":null,"highway":"path","length":42.218696641089835,"oneway":false},"geometry":{"type":"LineString","coordinates":[[125.0841829,11.3632549],[125.0842016,11.3633719],[125.084207,11.3636331]]}},{"type":"Feature","properties":{"u":"6572139357","v":"278505757","key":"0","osmid":[246097553,246096082,246096083,246095860,246095859],"name":"Dolongan-Basey Road","ref":"670","highway":"secondary","length":697.238694150096,"oneway":false},"geometry":{"type":"LineString","coordinates":[[125.0571787,11.2933766],[125.0573435,11.2928008],[125.0575731,11.2919988],[125.057613,11.2918912],[125.0580836,11.2902248],[125.0581674,11.2900024],[125.058299,11.2895682],[125.0583615,11.2892672],[125.0583766,11.2890176],[125.0584062,11.2884358],[125.0584156,11.2881224],[125.0584531,11.2872708]]}},{"type":"Feature","properties":{"u":"6572139357","v":"6660263371","key":"0","osmid":246097553,"name":"Dolongan-Basey Road","ref":"670","highway":"secondary","length":1374.8027145170663,"oneway":false},"geometry":{"type":"LineString","coordinates":[[125.0571787,11.2933766],[125.0548008,11.3011165],[125.0546867,11.3013749],[125.053795,11.3028327],[125.0527877,11.3042117],[125.0524285,11.3047006]]}},{"type":"Feature","properties":{"u":"6572139357","v":"6660282405","key":"0","osmid":[708771284,708771285,894902294],"name":null,"ref":null,"highway":["track","service"],"length":994.2721188182763,"oneway":false},"geometry":{"type":"LineString","coordinates":[[125.0571787,11.2933766],[125.0565708,11.2933302],[125.0560611,11.2930237],[125.0556602,11.2928436],[125.0550164,11.2930856],[125.0542252,11.2931678],[125.0535982,11.2930442],[125.0534031,11.2931553],[125.0533186,11.2933512],[125.053265,11.2935616],[125.0533159,11.2937201],[125.0534205,11.293851],[125.0534259,11.2939614],[125.0535332,11.2941456],[125.0536887,11.294498],[125.0537048,11.2947084],[125.0536566,11.2952029],[125.0536458,11.2954134],[125.0536405,11.2954975],[125.0537209,11.2955659],[125.0539087,11.2956869],[125.0542627,11.2957448],[125.0548582,11.29585],[125.0549923,11.2958658],[125.0550996,11.2958395],[125.0551532,11.2957974],[125.0552337,11.2957395],[125.0553195,11.295729],[125.055459,11.2957132],[125.0556736,11.2956922],[125.0557675,11.2956843],[125.0558452,11.295658],[125.0558855,11.2956396],[125.0559311,11.2956396],[125.0559713,11.2956396],[125.0560545,11.2956737],[125.0561001,11.2956948]]}},{"type":"Feature","properties":{"u":"6572188689","v":"6572188719","key":"0","osmid":699859534,"name":null,"ref":null,"highway":"unclassified","length":130.19954248989404,"oneway":false},"geometry":{"type":"LineString","coordinates":[[125.023022,11.3241118],[125.0234952,11.324299],[125.0236009,11.3243413],[125.0238058,11.3243406],[125.0241706,11.3243359]]}},{"type":"Feature","properties":{"u":"6572188718","v":"2525588136","key":"0","osmid":25552377,"name":"Dolongan-Basey Road","ref":"670","highway":"secondary","length":1379.9388918114637,"oneway":false},"geometry":{"type":"LineString","coordinates":[[125.0352939,11.3275791],[125.0427608,11.3175589]]}},{"type":"Feature","properties":{"u":"6572188718","v":"4848524333","key":"0","osmid":25552377,"name":"Dolongan-Basey Road","ref":"670","highway":"secondary","length":444.73911071578067,"oneway":false},"geometry":{"type":"LineString","coordinates":[[125.0352939,11.3275791],[125.0328682,11.3307947]]}},{"type":"Feature","properties":{"u":"6572188718","v":"6572188719","key":"0","osmid":699859534,"name":null,"ref":null,"highway":"unclassified","length":1363.7902459964903,"oneway":false},"geometry":{"type":"LineString","coordinates":[[125.0352939,11.3275791],[125.033924,11.3268988],[125.0331016,11.3265056],[125.03267,11.3262281],[125.031718,11.3257206],[125.0311696,11.3254004],[125.0310432,11.3253732],[125.0309385,11.3253581],[125.0302422,11.3249533],[125.0293148,11.3243793],[125.0287509,11.3239201],[125.0282776,11.3235824],[125.0281609,11.3235219],[125.0279571,11.3234693],[125.0277345,11.3234482],[125.0273388,11.3234416],[125.0271202,11.3234627],[125.0265959,11.3236994],[125.0263706,11.3237862],[125.026168,11.3238348],[125.0259575,11.3238644],[125.0257966,11.3239019],[125.0257248,11.3239328],[125.0256452,11.3239986],[125.0255632,11.3240991],[125.0252306,11.3243056],[125.0250858,11.3243411],[125.02489,11.324328],[125.0241706,11.3243359]]}},{"type":"Feature","properties":{"u":"6572188719","v":"6572188720","key":"0","osmid":699859535,"name":null,"ref":null,"highway":"residential","length":58.286588537548596,"oneway":false},"geometry":{"type":"LineString","coordinates":[[125.0241706,11.3243359],[125.0242434,11.3248552]]}},{"type":"Feature","properties":{"u":"6572188719","v":"6572188718","key":"0","osmid":699859534,"name":null,"ref":null,"highway":"unclassified","length":1363.7902459964907,"oneway":false},"geometry":{"type":"LineString","coordinates":[[125.0241706,11.3243359],[125.02489,11.324328],[125.0250858,11.3243411],[125.0252306,11.3243056],[125.0255632,11.3240991],[125.0256452,11.3239986],[125.0257248,11.3239328],[125.0257966,11.3239019],[125.0259575,11.3238644],[125.026168,11.3238348],[125.0263706,11.3237862],[125.0265959,11.3236994],[125.0271202,11.3234627],[125.0273388,11.3234416],[125.0277345,11.3234482],[125.0279571,11.3234693],[125.0281609,11.3235219],[125.0282776,11.3235824],[125.0287509,11.3239201],[125.0293148,11.3243793],[125.0302422,11.3249533],[125.0309385,11.3253581],[125.0310432,11.3253732],[125.0311696,11.3254004],[125.031718,11.3257206],[125.03267,11.3262281],[125.0331016,11.3265056],[125.033924,11.3268988],[125.0352939,11.3275791]]}},{"type":"Feature","properties":{"u":"6572188719","v":"6572188689","key":"0","osmid":699859534,"name":null,"ref":null,"highway":"unclassified","length":130.19954248989404,"oneway":false},"geometry":{"type":"LineString","coordinates":[[125.0241706,11.3243359],[125.0238058,11.3243406],[125.0236009,11.3243413],[125.0234952,11.324299],[125.023022,11.3241118]]}},{"type":"Feature","properties":{"u":"6572188720","v":"6572188719","key":"0","osmid":699859535,"name":null,"ref":null,"highway":"residential","length":58.286588537548596,"oneway":false},"geometry":{"type":"LineString","coordinates":[[125.0242434,11.3248552],[125.0241706,11.3243359]]}},{"type":"Feature","properties":{"u":"6660263370","v":"6660263373","key":"0","osmid":708770050,"name":null,"ref":null,"highway":"service","length":17.142511157637262,"oneway":false},"geometry":{"type":"LineString","coordinates":[[125.052143,11.3045101],[125.0522713,11.3045992]]}},{"type":"Feature","properties":{"u":"6660263371","v":"6660263373","key":"0","osmid":708770050,"name":null,"ref":null,"highway":"service","length":20.51668945788432,"oneway":false},"geometry":{"type":"LineString","coordinates":[[125.0524285,11.3047006],[125.0522713,11.3045992]]}},{"type":"Feature","properties":{"u":"6660263371","v":"6572139357","key":"0","osmid":246097553,"name":"Dolongan-Basey Road","ref":"670","highway":"secondary","length":1374.8027145170663,"oneway":false},"geometry":{"type":"LineString","coordinates":[[125.0524285,11.3047006],[125.0527877,11.3042117],[125.053795,11.3028327],[125.0546867,11.3013749],[125.0548008,11.3011165],[125.0571787,11.2933766]]}},{"type":"Feature","properties":{"u":"6660263371","v":"8318462118","key":"0","osmid":246097553,"name":"Dolongan-Basey Road","ref":"670","highway":"secondary","length":203.68954497339394,"oneway":false},"geometry":{"type":"LineString","coordinates":[[125.0524285,11.3047006],[125.0523924,11.3047465],[125.0519183,11.3053487],[125.0513157,11.3061716]]}},{"type":"Feature","properties":{"u":"6660263373","v":"6660263371","key":"0","osmid":708770050,"name":null,"ref":null,"highway":"service","length":20.51668945788432,"oneway":false},"geometry":{"type":"LineString","coordinates":[[125.0522713,11.3045992],[125.0524285,11.3047006]]}},{"type":"Feature","properties":{"u":"6660263373","v":"6660263370","key":"0","osmid":708770050,"name":null,"ref":null,"highway":"service","length":17.142511157637262,"oneway":false},"geometry":{"type":"LineString","coordinates":[[125.0522713,11.3045992],[125.052143,11.3045101]]}},{"type":"Feature","properties":{"u":"6660263373","v":"6660263374","key":"0","osmid":708770051,"name":null,"ref":null,"highway":"service","length":16.06565365914632,"oneway":false},"geometry":{"type":"LineString","coordinates":[[125.0522713,11.3045992],[125.0521686,11.3047028]]}},{"type":"Feature","properties":{"u":"6660263374","v":"6660263373","key":"0","osmid":708770051,"name":null,"ref":null,"highway":"service","length":16.06565365914632,"oneway":false},"geometry":{"type":"LineString","coordinates":[[125.0521686,11.3047028],[125.0522713,11.3045992]]}},{"type":"Feature","properties":{"u":"6660282405","v":"6572139357","key":"0","osmid":[708771284,708771285,894902294],"name":null,"ref":null,"highway":["track","service"],"length":994.2721188182763,"oneway":false},"geometry":{"type":"LineString","coordinates":[[125.0561001,11.2956948],[125.0560545,11.2956737],[125.0559713,11.2956396],[125.0559311,11.2956396],[125.0558855,11.2956396],[125.0558452,11.295658],[125.0557675,11.2956843],[125.0556736,11.2956922],[125.055459,11.2957132],[125.0553195,11.295729],[125.0552337,11.2957395],[125.0551532,11.2957974],[125.0550996,11.2958395],[125.0549923,11.2958658],[125.0548582,11.29585],[125.0542627,11.2957448],[125.0539087,11.2956869],[125.0537209,11.2955659],[125.0536405,11.2954975],[125.0536458,11.2954134],[125.0536566,11.2952029],[125.0537048,11.2947084],[125.0536887,11.294498],[125.0535332,11.2941456],[125.0534259,11.2939614],[125.0534205,11.293851],[125.0533159,11.2937201],[125.053265,11.2935616],[125.0533186,11.2933512],[125.0534031,11.2931553],[125.0535982,11.2930442],[125.0542252,11.2931678],[125.0550164,11.2930856],[125.0556602,11.2928436],[125.0560611,11.2930237],[125.0565708,11.2933302],[125.0571787,11.2933766]]}},{"type":"Feature","properties":{"u":"6765361180","v":"6765370897","key":"0","osmid":721048574,"name":null,"ref":null,"highway":"path","length":180.73390857491788,"oneway":false},"geometry":{"type":"LineString","coordinates":[[124.9797499,11.2879875],[124.979644,11.2879231],[124.979526,11.2879494],[124.9794334,11.2880244],[124.9793878,11.2881138],[124.9793516,11.2882269],[124.9792805,11.2882861],[124.9792162,11.2882913],[124.9791411,11.28829],[124.9790525,11.288294],[124.979019,11.2883321],[124.9789305,11.2884163],[124.9788822,11.2884334],[124.9787843,11.2884794],[124.9786837,11.2885491],[124.9786368,11.2886122],[124.9785523,11.2887056],[124.9784705,11.2887174]]}},{"type":"Feature","properties":{"u":"6765370897","v":"6765370930","key":"0","osmid":721048577,"name":null,"ref":null,"highway":"path","length":14.99103530171209,"oneway":false},"geometry":{"type":"LineString","coordinates":[[124.9784705,11.2887174],[124.9785992,11.2887648]]}},{"type":"Feature","properties":{"u":"6765370897","v":"6765370937","key":"0","osmid":721048577,"name":null,"ref":null,"highway":"path","length":10.869683821720818,"oneway":false},"geometry":{"type":"LineString","coordinates":[[124.9784705,11.2887174],[124.9783726,11.288699]]}},{"type":"Feature","properties":{"u":"6765370897","v":"6765361180","key":"0","osmid":721048574,"name":null,"ref":null,"highway":"path","length":180.73390857491788,"oneway":false},"geometry":{"type":"LineString","coordinates":[[124.9784705,11.2887174],[124.9785523,11.2887056],[124.9786368,11.2886122],[124.9786837,11.2885491],[124.9787843,11.2884794],[124.9788822,11.2884334],[124.9789305,11.2884163],[124.979019,11.2883321],[124.9790525,11.288294],[124.9791411,11.28829],[124.9792162,11.2882913],[124.9792805,11.2882861],[124.9793516,11.2882269],[124.9793878,11.2881138],[124.9794334,11.2880244],[124.979526,11.2879494],[124.979644,11.2879231],[124.9797499,11.2879875]]}},{"type":"Feature","properties":{"u":"6765370902","v":"6765370909","key":"0","osmid":721048576,"name":null,"ref":null,"highway":"path","length":83.40330870775368,"oneway":false},"geometry":{"type":"LineString","coordinates":[[124.9801107,11.2897656],[124.979998,11.2896012],[124.9800047,11.2894171],[124.9800771,11.2893698],[124.9800718,11.2893119],[124.9801147,11.2892659],[124.9801174,11.2892093],[124.9800678,11.2891159]]}},{"type":"Feature","properties":{"u":"6765370909","v":"6765370921","key":"0","osmid":721048575,"name":null,"ref":null,"highway":"path","length":67.0504368820357,"oneway":false},"geometry":{"type":"LineString","coordinates":[[124.9800678,11.2891159],[124.980002,11.2890541],[124.9798585,11.2889805],[124.9796762,11.2889384],[124.9795809,11.2888924],[124.9795313,11.2888463]]}},{"type":"Feature","properties":{"u":"6765370909","v":"6765370902","key":"0","osmid":721048576,"name":null,"ref":null,"highway":"path","length":83.4033087077537,"oneway":false},"geometry":{"type":"LineString","coordinates":[[124.9800678,11.2891159],[124.9801174,11.2892093],[124.9801147,11.2892659],[124.9800718,11.2893119],[124.9800771,11.2893698],[124.9800047,11.2894171],[124.979998,11.2896012],[124.9801107,11.2897656]]}},{"type":"Feature","properties":{"u":"6765370909","v":"6765370916","key":"0","osmid":721048576,"name":null,"ref":null,"highway":"path","length":30.66313441127687,"oneway":false},"geometry":{"type":"LineString","coordinates":[[124.9800678,11.2891159],[124.980049,11.2890305],[124.9800597,11.2888424]]}},{"type":"Feature","properties":{"u":"6765370911","v":"6765370916","key":"0","osmid":721048577,"name":null,"ref":null,"highway":"path","length":65.12539542160067,"oneway":false},"geometry":{"type":"LineString","coordinates":[[124.9805666,11.2885702],[124.9804446,11.2885912],[124.9803668,11.288657],[124.9803132,11.2887293],[124.9802153,11.2887608],[124.9800597,11.2888424]]}},{"type":"Feature","properties":{"u":"6765370916","v":"6765370909","key":"0","osmid":721048576,"name":null,"ref":null,"highway":"path","length":30.66313441127687,"oneway":false},"geometry":{"type":"LineString","coordinates":[[124.9800597,11.2888424],[124.980049,11.2890305],[124.9800678,11.2891159]]}},{"type":"Feature","properties":{"u":"6765370916","v":"6765370911","key":"0","osmid":721048577,"name":null,"ref":null,"highway":"path","length":65.12539542160067,"oneway":false},"geometry":{"type":"LineString","coordinates":[[124.9800597,11.2888424],[124.9802153,11.2887608],[124.9803132,11.2887293],[124.9803668,11.288657],[124.9804446,11.2885912],[124.9805666,11.2885702]]}},{"type":"Feature","properties":{"u":"6765370916","v":"6765370921","key":"0","osmid":721048577,"name":null,"ref":null,"highway":"path","length":58.78990733608152,"oneway":false},"geometry":{"type":"LineString","coordinates":[[124.9800597,11.2888424],[124.9800034,11.2888253],[124.9798344,11.2887964],[124.9796922,11.2888319],[124.9796185,11.2888437],[124.9795313,11.2888463]]}},{"type":"Feature","properties":{"u":"6765370921","v":"6765370909","key":"0","osmid":721048575,"name":null,"ref":null,"highway":"path","length":67.05043688203568,"oneway":false},"geometry":{"type":"LineString","coordinates":[[124.9795313,11.2888463],[124.9795809,11.2888924],[124.9796762,11.2889384],[124.9798585,11.2889805],[124.980002,11.2890541],[124.9800678,11.2891159]]}},{"type":"Feature","properties":{"u":"6765370921","v":"6765370916","key":"0","osmid":721048577,"name":null,"ref":null,"highway":"path","length":58.78990733608152,"oneway":false},"geometry":{"type":"LineString","coordinates":[[124.9795313,11.2888463],[124.9796185,11.2888437],[124.9796922,11.2888319],[124.9798344,11.2887964],[124.9800034,11.2888253],[124.9800597,11.2888424]]}},{"type":"Feature","properties":{"u":"6765370921","v":"6765370930","key":"0","osmid":721048577,"name":null,"ref":null,"highway":"path","length":106.16581875163676,"oneway":false},"geometry":{"type":"LineString","coordinates":[[124.9795313,11.2888463],[124.9793865,11.2888555],[124.9792926,11.2888976],[124.9792282,11.2889108],[124.9791947,11.288895],[124.9790847,11.2888713],[124.9789104,11.2888398],[124.9787736,11.2888503],[124.9786797,11.2888095],[124.9785992,11.2887648]]}},{"type":"Feature","properties":{"u":"6765370930","v":"6765370934","key":"0","osmid":721048572,"name":null,"ref":null,"highway":"path","length":13.9644092757656,"oneway":false},"geometry":{"type":"LineString","coordinates":[[124.9785992,11.2887648],[124.9785054,11.2888503]]}},{"type":"Feature","properties":{"u":"6765370930","v":"6765370897","key":"0","osmid":721048577,"name":null,"ref":null,"highway":"path","length":14.99103530171209,"oneway":false},"geometry":{"type":"LineString","coordinates":[[124.9785992,11.2887648],[124.9784705,11.2887174]]}},{"type":"Feature","properties":{"u":"6765370930","v":"6765370921","key":"0","osmid":721048577,"name":null,"ref":null,"highway":"path","length":106.16581875163678,"oneway":false},"geometry":{"type":"LineString","coordinates":[[124.9785992,11.2887648],[124.9786797,11.2888095],[124.9787736,11.2888503],[124.9789104,11.2888398],[124.9790847,11.2888713],[124.9791947,11.288895],[124.9792282,11.2889108],[124.9792926,11.2888976],[124.9793865,11.2888555],[124.9795313,11.2888463]]}},{"type":"Feature","properties":{"u":"6765370931","v":"6765370934","key":"0","osmid":721048572,"name":null,"ref":null,"highway":"path","length":21.98605013461978,"oneway":false},"geometry":{"type":"LineString","coordinates":[[124.9784182,11.2890094],[124.9784222,11.2889174],[124.978449,11.2888963],[124.9785054,11.2888503]]}},{"type":"Feature","properties":{"u":"6765370934","v":"6765370930","key":"0","osmid":721048572,"name":null,"ref":null,"highway":"path","length":13.9644092757656,"oneway":false},"geometry":{"type":"LineString","coordinates":[[124.9785054,11.2888503],[124.9785992,11.2887648]]}},{"type":"Feature","properties":{"u":"6765370934","v":"6765370931","key":"0","osmid":721048572,"name":null,"ref":null,"highway":"path","length":21.98605013461978,"oneway":false},"geometry":{"type":"LineString","coordinates":[[124.9785054,11.2888503],[124.978449,11.2888963],[124.9784222,11.2889174],[124.9784182,11.2890094]]}},{"type":"Feature","properties":{"u":"6765370934","v":"6765370937","key":"0","osmid":721048578,"name":null,"ref":null,"highway":"path","length":22.827816169339783,"oneway":false},"geometry":{"type":"LineString","coordinates":[[124.9785054,11.2888503],[124.9784611,11.2888292],[124.9784222,11.2887832],[124.9783726,11.288699]]}},{"type":"Feature","properties":{"u":"6765370937","v":"6765370897","key":"0","osmid":721048577,"name":null,"ref":null,"highway":"path","length":10.869683821720818,"oneway":false},"geometry":{"type":"LineString","coordinates":[[124.9783726,11.288699],[124.9784705,11.2887174]]}},{"type":"Feature","properties":{"u":"6765370937","v":"1684194031","key":"0","osmid":[721048571,721048573],"name":null,"ref":null,"highway":["track","path"],"length":140.54703179435683,"oneway":false},"geometry":{"type":"LineString","coordinates":[[124.9783726,11.288699],[124.9783042,11.288657],[124.9780843,11.2882756],[124.9780762,11.2882256],[124.9780413,11.2876495],[124.9779875,11.2875429]]}},{"type":"Feature","properties":{"u":"6765370937","v":"6765370934","key":"0","osmid":721048578,"name":null,"ref":null,"highway":"path","length":22.827816169339783,"oneway":false},"geometry":{"type":"LineString","coordinates":[[124.9783726,11.288699],[124.9784222,11.2887832],[124.9784611,11.2888292],[124.9785054,11.2888503]]}},{"type":"Feature","properties":{"u":"6765371160","v":"6765371163","key":"0","osmid":721048634,"name":null,"ref":null,"highway":"residential","length":38.20011447422881,"oneway":false},"geometry":{"type":"LineString","coordinates":[[124.9772689,11.2891271],[124.9772802,11.2892179],[124.9772923,11.2893054],[124.9773049,11.2894687]]}},{"type":"Feature","properties":{"u":"6765371163","v":"6765371160","key":"0","osmid":721048634,"name":null,"ref":null,"highway":"residential","length":38.20011447422882,"oneway":false},"geometry":{"type":"LineString","coordinates":[[124.9773049,11.2894687],[124.9772923,11.2893054],[124.9772802,11.2892179],[124.9772689,11.2891271]]}},{"type":"Feature","properties":{"u":"6765371163","v":"6765371177","key":"0","osmid":[721048636,721048639],"name":null,"ref":null,"highway":["tertiary","unclassified"],"length":323.5802031257359,"oneway":false},"geometry":{"type":"LineString","coordinates":[[124.9773049,11.2894687],[124.9773725,11.2894517],[124.9774221,11.2894484],[124.9774868,11.289452],[124.9775737,11.2894832],[124.9776826,11.2895355],[124.9778294,11.2897603],[124.9779253,11.2898906],[124.9779689,11.2900056],[124.9780139,11.2901944],[124.9779944,11.2904633],[124.977987,11.2905889],[124.9779642,11.2907428],[124.9779394,11.2908809],[124.9779529,11.2909999],[124.9780219,11.2911084],[124.9781627,11.2911485],[124.9783726,11.2911715],[124.9785329,11.2911452],[124.978669,11.2910466],[124.9787327,11.2909966],[124.978789,11.2909381]]}},{"type":"Feature","properties":{"u":"6765371163","v":"8793755126","key":"0","osmid":721048639,"name":null,"ref":null,"highway":"tertiary","length":119.94834518055399,"oneway":false},"geometry":{"type":"LineString","coordinates":[[124.9773049,11.2894687],[124.9772344,11.289492],[124.9771301,11.2895121],[124.9768699,11.2895056],[124.9767724,11.2894667],[124.9767284,11.2893829],[124.9767039,11.2892912],[124.9766292,11.2891097],[124.9765842,11.2889577]]}},{"type":"Feature","properties":{"u":"6765371177","v":"6765371198","key":"0","osmid":[721048638,721048635,906016742],"name":null,"ref":null,"highway":"path","length":125.5702497661024,"oneway":false},"geometry":{"type":"LineString","coordinates":[[124.978789,11.2909381],[124.9786676,11.2908197],[124.9786234,11.2907816],[124.9784765,11.2907297],[124.9784252,11.2906902],[124.9785154,11.290558],[124.9785537,11.2903036],[124.9785597,11.2902417],[124.9785637,11.2901878],[124.978559,11.2901444],[124.9785563,11.2901063],[124.9785537,11.2900688],[124.9785476,11.2900346]]}},{"type":"Feature","properties":{"u":"6765371177","v":"6765371163","key":"0","osmid":[721048636,721048639],"name":null,"ref":null,"highway":["tertiary","unclassified"],"length":323.580203125736,"oneway":false},"geometry":{"type":"LineString","coordinates":[[124.978789,11.2909381],[124.9787327,11.2909966],[124.978669,11.2910466],[124.9785329,11.2911452],[124.9783726,11.2911715],[124.9781627,11.2911485],[124.9780219,11.2911084],[124.9779529,11.2909999],[124.9779394,11.2908809],[124.9779642,11.2907428],[124.977987,11.2905889],[124.9779944,11.2904633],[124.9780139,11.2901944],[124.9779689,11.2900056],[124.9779253,11.2898906],[124.9778294,11.2897603],[124.9776826,11.2895355],[124.9775737,11.2894832],[124.9774868,11.289452],[124.9774221,11.2894484],[124.9773725,11.2894517],[124.9773049,11.2894687]]}},{"type":"Feature","properties":{"u":"6765371177","v":"6765371182","key":"0","osmid":721048636,"name":null,"ref":null,"highway":"unclassified","length":26.821635433408325,"oneway":false},"geometry":{"type":"LineString","coordinates":[[124.978789,11.2909381],[124.9788494,11.290894],[124.9789111,11.2908447],[124.978954,11.2908184],[124.9789875,11.2907961]]}},{"type":"Feature","properties":{"u":"6765371181","v":"6765371182","key":"0","osmid":721048636,"name":null,"ref":null,"highway":"unclassified","length":9.961576065683124,"oneway":false},"geometry":{"type":"LineString","coordinates":[[124.9790566,11.2907375],[124.9789875,11.2907961]]}},{"type":"Feature","properties":{"u":"6765371182","v":"6765371181","key":"0","osmid":721048636,"name":null,"ref":null,"highway":"unclassified","length":9.961576065683124,"oneway":false},"geometry":{"type":"LineString","coordinates":[[124.9789875,11.2907961],[124.9790566,11.2907375]]}},{"type":"Feature","properties":{"u":"6765371182","v":"6765371177","key":"0","osmid":721048636,"name":null,"ref":null,"highway":"unclassified","length":26.821635433408325,"oneway":false},"geometry":{"type":"LineString","coordinates":[[124.9789875,11.2907961],[124.978954,11.2908184],[124.9789111,11.2908447],[124.9788494,11.290894],[124.978789,11.2909381]]}},{"type":"Feature","properties":{"u":"6765371182","v":"6765371187","key":"0","osmid":721048637,"name":null,"ref":null,"highway":"residential","length":37.9055286154208,"oneway":false},"geometry":{"type":"LineString","coordinates":[[124.9789875,11.2907961],[124.9789426,11.2907119],[124.9789185,11.2906684],[124.9788775,11.2906021],[124.978842,11.2905456],[124.9788112,11.2905027]]}},{"type":"Feature","properties":{"u":"6765371187","v":"6765371182","key":"0","osmid":721048637,"name":null,"ref":null,"highway":"residential","length":37.9055286154208,"oneway":false},"geometry":{"type":"LineString","coordinates":[[124.9788112,11.2905027],[124.978842,11.2905456],[124.9788775,11.2906021],[124.9789185,11.2906684],[124.9789426,11.2907119],[124.9789875,11.2907961]]}},{"type":"Feature","properties":{"u":"6765371198","v":"6765371177","key":"0","osmid":[721048635,906016742,721048638],"name":null,"ref":null,"highway":"path","length":125.57024976610239,"oneway":false},"geometry":{"type":"LineString","coordinates":[[124.9785476,11.2900346],[124.9785537,11.2900688],[124.9785563,11.2901063],[124.978559,11.2901444],[124.9785637,11.2901878],[124.9785597,11.2902417],[124.9785537,11.2903036],[124.9785154,11.290558],[124.9784252,11.2906902],[124.9784765,11.2907297],[124.9786234,11.2907816],[124.9786676,11.2908197],[124.978789,11.2909381]]}},{"type":"Feature","properties":{"u":"6911608285","v":"6911608288","key":"0","osmid":738148853,"name":null,"ref":null,"highway":"residential","length":43.5327733016486,"oneway":false},"geometry":{"type":"LineString","coordinates":[[125.0730971,11.2964629],[125.0733429,11.2967714]]}},{"type":"Feature","properties":{"u":"6911608285","v":"6911608292","key":"0","osmid":738148853,"name":null,"ref":null,"highway":"residential","length":12.518405329998021,"oneway":false},"geometry":{"type":"LineString","coordinates":[[125.0730971,11.2964629],[125.0730264,11.2963742]]}},{"type":"Feature","properties":{"u":"6911608285","v":"6911608287","key":"0","osmid":738148852,"name":null,"ref":null,"highway":"residential","length":173.90832098478376,"oneway":false},"geometry":{"type":"LineString","coordinates":[[125.0730971,11.2964629],[125.0724497,11.2969371],[125.072045,11.2962754]]}},{"type":"Feature","properties":{"u":"6911608287","v":"6911608285","key":"0","osmid":738148852,"name":null,"ref":null,"highway":"residential","length":173.90832098478376,"oneway":false},"geometry":{"type":"LineString","coordinates":[[125.072045,11.2962754],[125.0724497,11.2969371],[125.0730971,11.2964629]]}},{"type":"Feature","properties":{"u":"6911608287","v":"10783953368","key":"0","osmid":1159608696,"name":null,"ref":null,"highway":"residential","length":19.42607697805022,"oneway":false},"geometry":{"type":"LineString","coordinates":[[125.072045,11.2962754],[125.0720758,11.2962578],[125.0720987,11.2962311],[125.0721112,11.2961983],[125.0721118,11.2961634],[125.0721004,11.2961303]]}},{"type":"Feature","properties":{"u":"6911608287","v":"10783953371","key":"0","osmid":1159608696,"name":null,"ref":null,"highway":"residential","length":16.22672911338267,"oneway":false},"geometry":{"type":"LineString","coordinates":[[125.072045,11.2962754],[125.0720159,11.2962817],[125.0719862,11.2962796],[125.0719583,11.2962695],[125.0719345,11.2962521],[125.0719165,11.2962288]]}},{"type":"Feature","properties":{"u":"6911608288","v":"6911608285","key":"0","osmid":738148853,"name":null,"ref":null,"highway":"residential","length":43.5327733016486,"oneway":false},"geometry":{"type":"LineString","coordinates":[[125.0733429,11.2967714],[125.0730971,11.2964629]]}},{"type":"Feature","properties":{"u":"6911608290","v":"6911608297","key":"0","osmid":738148854,"name":null,"ref":null,"highway":"residential","length":28.460585084328784,"oneway":false},"geometry":{"type":"LineString","coordinates":[[125.0731158,11.2953081],[125.072966,11.2950985]]}},{"type":"Feature","properties":{"u":"6911608290","v":"6911608293","key":"0","osmid":738148856,"name":null,"ref":null,"highway":"residential","length":38.03883342779137,"oneway":false},"geometry":{"type":"LineString","coordinates":[[125.0731158,11.2953081],[125.0733891,11.2950955]]}},{"type":"Feature","properties":{"u":"6911608290","v":"6911608294","key":"0","osmid":738148856,"name":null,"ref":null,"highway":"residential","length":81.12044881010102,"oneway":false},"geometry":{"type":"LineString","coordinates":[[125.0731158,11.2953081],[125.0725329,11.2957614]]}},{"type":"Feature","properties":{"u":"6911608290","v":"6911608292","key":"0","osmid":[738148854,738148855],"name":null,"ref":null,"highway":"residential","length":146.96869784839765,"oneway":false},"geometry":{"type":"LineString","coordinates":[[125.0731158,11.2953081],[125.073468,11.2958375],[125.0730264,11.2963742]]}},{"type":"Feature","properties":{"u":"6911608292","v":"6911608285","key":"0","osmid":738148853,"name":null,"ref":null,"highway":"residential","length":12.518405329998021,"oneway":false},"geometry":{"type":"LineString","coordinates":[[125.0730264,11.2963742],[125.0730971,11.2964629]]}},{"type":"Feature","properties":{"u":"6911608292","v":"6911608294","key":"0","osmid":738148855,"name":null,"ref":null,"highway":"residential","length":86.82632593101313,"oneway":false},"geometry":{"type":"LineString","coordinates":[[125.0730264,11.2963742],[125.0725329,11.2957614]]}},{"type":"Feature","properties":{"u":"6911608292","v":"6911608290","key":"0","osmid":[738148854,738148855],"name":null,"ref":null,"highway":"residential","length":146.96869784839765,"oneway":false},"geometry":{"type":"LineString","coordinates":[[125.0730264,11.2963742],[125.073468,11.2958375],[125.0731158,11.2953081]]}},{"type":"Feature","properties":{"u":"6911608293","v":"6911608290","key":"0","osmid":738148856,"name":null,"ref":null,"highway":"residential","length":38.03883342779137,"oneway":false},"geometry":{"type":"LineString","coordinates":[[125.0733891,11.2950955],[125.0731158,11.2953081]]}},{"type":"Feature","properties":{"u":"6911608293","v":"8318300015","key":"0","osmid":894884451,"name":"Basey-Sohoton Road","ref":null,"highway":"secondary","length":1344.5899983018446,"oneway":false},"geometry":{"type":"LineString","coordinates":[[125.0733891,11.2950955],[125.073696,11.2955604],[125.0800903,11.3052463]]}},{"type":"Feature","properties":{"u":"6911608293","v":"6911608301","key":"0","osmid":894884451,"name":"Basey-Sohoton Road","ref":null,"highway":"secondary","length":172.98653268101344,"oneway":false},"geometry":{"type":"LineString","coordinates":[[125.0733891,11.2950955],[125.0731708,11.2947648],[125.073043,11.2945712],[125.0726334,11.2940644],[125.0724341,11.2938577]]}},{"type":"Feature","properties":{"u":"6911608294","v":"6911608292","key":"0","osmid":738148855,"name":null,"ref":null,"highway":"residential","length":86.82632593101313,"oneway":false},"geometry":{"type":"LineString","coordinates":[[125.0725329,11.2957614],[125.0730264,11.2963742]]}},{"type":"Feature","properties":{"u":"6911608294","v":"6911608290","key":"0","osmid":738148856,"name":null,"ref":null,"highway":"residential","length":81.12044881010102,"oneway":false},"geometry":{"type":"LineString","coordinates":[[125.0725329,11.2957614],[125.0731158,11.2953081]]}},{"type":"Feature","properties":{"u":"6911608294","v":"10783953368","key":"0","osmid":738148856,"name":null,"ref":null,"highway":"residential","length":62.503758630773824,"oneway":false},"geometry":{"type":"LineString","coordinates":[[125.0725329,11.2957614],[125.0721004,11.2961303]]}},{"type":"Feature","properties":{"u":"6911608297","v":"6911608290","key":"0","osmid":738148854,"name":null,"ref":null,"highway":"residential","length":28.460585084328784,"oneway":false},"geometry":{"type":"LineString","coordinates":[[125.072966,11.2950985],[125.0731158,11.2953081]]}},{"type":"Feature","properties":{"u":"6911608297","v":"6911608298","key":"0","osmid":738148857,"name":null,"ref":null,"highway":"residential","length":145.51218652309367,"oneway":false},"geometry":{"type":"LineString","coordinates":[[125.072966,11.2950985],[125.0719424,11.2959381]]}},{"type":"Feature","properties":{"u":"6911608297","v":"12456143673","key":"0","osmid":738148854,"name":null,"ref":null,"highway":"residential","length":56.24733150803845,"oneway":false},"geometry":{"type":"LineString","coordinates":[[125.072966,11.2950985],[125.072903,11.2949893],[125.0727028,11.2946635]]}},{"type":"Feature","properties":{"u":"6911608298","v":"6911608297","key":"0","osmid":738148857,"name":null,"ref":null,"highway":"residential","length":145.51218652309367,"oneway":false},"geometry":{"type":"LineString","coordinates":[[125.0719424,11.2959381],[125.072966,11.2950985]]}},{"type":"Feature","properties":{"u":"6911608298","v":"10783953362","key":"0","osmid":738148857,"name":null,"ref":null,"highway":"residential","length":27.618325689250195,"oneway":false},"geometry":{"type":"LineString","coordinates":[[125.0719424,11.2959381],[125.0718179,11.2957218]]}},{"type":"Feature","properties":{"u":"6911608298","v":"10783953369","key":"0","osmid":1159608694,"name":null,"ref":null,"highway":"residential","length":16.85748389687585,"oneway":false},"geometry":{"type":"LineString","coordinates":[[125.0719424,11.2959381],[125.0720055,11.2960765]]}},{"type":"Feature","properties":{"u":"6911608299","v":"10783953362","key":"0","osmid":738148857,"name":null,"ref":null,"highway":"residential","length":75.55565852896267,"oneway":false},"geometry":{"type":"LineString","coordinates":[[125.071487,11.2951248],[125.0718179,11.2957218]]}},{"type":"Feature","properties":{"u":"6911608299","v":"10783953364","key":"0","osmid":[738148851,1159608691],"name":null,"ref":null,"highway":"residential","length":140.97373047197416,"oneway":false},"geometry":{"type":"LineString","coordinates":[[125.071487,11.2951248],[125.0705731,11.2952458],[125.0705695,11.295347],[125.0707003,11.2955757]]}},{"type":"Feature","properties":{"u":"6911608299","v":"6911608301","key":"0","osmid":738148851,"name":null,"ref":null,"highway":"residential","length":176.08680496434775,"oneway":false},"geometry":{"type":"LineString","coordinates":[[125.071487,11.2951248],[125.0715888,11.2950512],[125.0721842,11.2941082],[125.0724341,11.2938577]]}},{"type":"Feature","properties":{"u":"6911608301","v":"6911608299","key":"0","osmid":738148851,"name":null,"ref":null,"highway":"residential","length":176.08680496434775,"oneway":false},"geometry":{"type":"LineString","coordinates":[[125.0724341,11.2938577],[125.0721842,11.2941082],[125.0715888,11.2950512],[125.071487,11.2951248]]}},{"type":"Feature","properties":{"u":"6911608301","v":"6911608293","key":"0","osmid":894884451,"name":"Basey-Sohoton Road","ref":null,"highway":"secondary","length":172.98653268101344,"oneway":false},"geometry":{"type":"LineString","coordinates":[[125.0724341,11.2938577],[125.0726334,11.2940644],[125.073043,11.2945712],[125.0731708,11.2947648],[125.0733891,11.2950955]]}},{"type":"Feature","properties":{"u":"6911608301","v":"8318250119","key":"0","osmid":894884451,"name":"Basey-Sohoton Road","ref":null,"highway":"secondary","length":521.4602773679753,"oneway":false},"geometry":{"type":"LineString","coordinates":[[125.0724341,11.2938577],[125.0717993,11.293335],[125.070299,11.2923638],[125.0701732,11.2922598],[125.0700661,11.2921411],[125.0700328,11.2920189],[125.0700001,11.2918987],[125.0700177,11.291499],[125.0700679,11.2905009],[125.0700791,11.2903576]]}},{"type":"Feature","properties":{"u":"7111574726","v":"5078007563","key":"0","osmid":521114286,"name":null,"ref":null,"highway":"residential","length":31.65190891773398,"oneway":false},"geometry":{"type":"LineString","coordinates":[[125.1517377,11.3128527],[125.1520165,11.312932]]}},{"type":"Feature","properties":{"u":"7111574726","v":"5078007589","key":"0","osmid":521114286,"name":null,"ref":null,"highway":"residential","length":112.32207831591786,"oneway":false},"geometry":{"type":"LineString","coordinates":[[125.1517377,11.3128527],[125.1507483,11.3125714]]}},{"type":"Feature","properties":{"u":"7111574726","v":"7111574727","key":"0","osmid":761168755,"name":null,"ref":null,"highway":"service","length":32.0579273594855,"oneway":false},"geometry":{"type":"LineString","coordinates":[[125.1517377,11.3128527],[125.1516598,11.3131307]]}},{"type":"Feature","properties":{"u":"7111574727","v":"7111574726","key":"0","osmid":761168755,"name":null,"ref":null,"highway":"service","length":32.0579273594855,"oneway":false},"geometry":{"type":"LineString","coordinates":[[125.1516598,11.3131307],[125.1517377,11.3128527]]}},{"type":"Feature","properties":{"u":"7207205231","v":"12284512625","key":"0","osmid":1327754943,"name":null,"ref":null,"highway":"service","length":29.35988801828526,"oneway":false},"geometry":{"type":"LineString","coordinates":[[125.0705714,11.2848678],[125.0704656,11.2851106]]}},{"type":"Feature","properties":{"u":"7207205231","v":"12284512626","key":"0","osmid":1327754944,"name":null,"ref":null,"highway":"service","length":56.754679406094944,"oneway":false},"geometry":{"type":"LineString","coordinates":[[125.0705714,11.2848678],[125.0707566,11.2843908]]}},{"type":"Feature","properties":{"u":"7207205231","v":"1107290098","key":"0","osmid":246351726,"name":null,"ref":null,"highway":"residential","length":61.591638607431506,"oneway":false},"geometry":{"type":"LineString","coordinates":[[125.0705714,11.2848678],[125.0703603,11.2848132],[125.0700222,11.2847388]]}},{"type":"Feature","properties":{"u":"7207205231","v":"2533972979","key":"0","osmid":246351726,"name":null,"ref":null,"highway":"residential","length":21.835601664822622,"oneway":false},"geometry":{"type":"LineString","coordinates":[[125.0705714,11.2848678],[125.0707126,11.2849036],[125.0707637,11.2849219]]}},{"type":"Feature","properties":{"u":"7273376215","v":"7273376216","key":"0","osmid":778984160,"name":null,"ref":null,"highway":"track","length":111.57962761853982,"oneway":false},"geometry":{"type":"LineString","coordinates":[[125.2097686,11.5452183],[125.2089121,11.5446681]]}},{"type":"Feature","properties":{"u":"7273376215","v":"7273376258","key":"0","osmid":778984164,"name":null,"ref":null,"highway":"track","length":270.638012067176,"oneway":false},"geometry":{"type":"LineString","coordinates":[[125.2097686,11.5452183],[125.2097439,11.5455854],[125.2097868,11.5463843],[125.2097439,11.5468678],[125.2097868,11.5474775],[125.2099585,11.5474565]]}},{"type":"Feature","properties":{"u":"7273376215","v":"7273376263","key":"0","osmid":778984165,"name":null,"ref":null,"highway":"track","length":243.74977678824013,"oneway":false},"geometry":{"type":"LineString","coordinates":[[125.2097686,11.5452183],[125.2095508,11.5448706],[125.209658,11.5445132],[125.2099155,11.544324],[125.2106236,11.5440717],[125.2109884,11.5440507]]}},{"type":"Feature","properties":{"u":"7273376216","v":"7273376215","key":"0","osmid":778984160,"name":null,"ref":null,"highway":"track","length":111.57962761853982,"oneway":false},"geometry":{"type":"LineString","coordinates":[[125.2089121,11.5446681],[125.2097686,11.5452183]]}},{"type":"Feature","properties":{"u":"7273376216","v":"7273376223","key":"0","osmid":778984161,"name":null,"ref":null,"highway":"track","length":541.7386546132099,"oneway":false},"geometry":{"type":"LineString","coordinates":[[125.2089121,11.5446681],[125.2084596,11.5450292],[125.2081025,11.5451357],[125.2073572,11.5453487],[125.2066274,11.5455617],[125.2060839,11.5456834],[125.2051988,11.5451662],[125.2044225,11.5447402]]}},{"type":"Feature","properties":{"u":"7273376216","v":"7273376242","key":"0","osmid":778984162,"name":null,"ref":null,"highway":"track","length":304.16482669025413,"oneway":false},"geometry":{"type":"LineString","coordinates":[[125.2089121,11.5446681],[125.2082633,11.5426842],[125.2079298,11.5421198]]}},{"type":"Feature","properties":{"u":"7273376223","v":"7273376216","key":"0","osmid":778984161,"name":null,"ref":null,"highway":"track","length":541.7386546132099,"oneway":false},"geometry":{"type":"LineString","coordinates":[[125.2044225,11.5447402],[125.2051988,11.5451662],[125.2060839,11.5456834],[125.2066274,11.5455617],[125.2073572,11.5453487],[125.2081025,11.5451357],[125.2084596,11.5450292],[125.2089121,11.5446681]]}},{"type":"Feature","properties":{"u":"7273376233","v":"7273376236","key":"0","osmid":778984162,"name":null,"ref":null,"highway":"track","length":324.59095237481773,"oneway":false},"geometry":{"type":"LineString","coordinates":[[125.2021049,11.5420955],[125.2013968,11.5427262],[125.20056,11.5432728],[125.1998519,11.5439876]]}},{"type":"Feature","properties":{"u":"7273376233","v":"7273376242","key":"0","osmid":778984162,"name":null,"ref":null,"highway":"track","length":994.0016471819084,"oneway":false},"geometry":{"type":"LineString","coordinates":[[125.2021049,11.5420955],[125.2028345,11.5413597],[125.2038645,11.5403715],[125.2047872,11.5391732],[125.2049588,11.5394465],[125.2050017,11.5398459],[125.2053236,11.5413386],[125.2065038,11.5415489],[125.2077912,11.5418853],[125.2079298,11.5421198]]}},{"type":"Feature","properties":{"u":"7273376233","v":"7273376242","key":"1","osmid":778984163,"name":null,"ref":null,"highway":"track","length":668.2746076942004,"oneway":false},"geometry":{"type":"LineString","coordinates":[[125.2021049,11.5420955],[125.2031778,11.5422847],[125.2043795,11.5424319],[125.2058386,11.5426421],[125.2072762,11.5427472],[125.2076839,11.5423898],[125.2079298,11.5421198]]}},{"type":"Feature","properties":{"u":"7273376236","v":"7273376233","key":"0","osmid":778984162,"name":null,"ref":null,"highway":"track","length":324.59095237481773,"oneway":false},"geometry":{"type":"LineString","coordinates":[[125.1998519,11.5439876],[125.20056,11.5432728],[125.2013968,11.5427262],[125.2021049,11.5420955]]}},{"type":"Feature","properties":{"u":"7273376242","v":"7273376233","key":"0","osmid":778984162,"name":null,"ref":null,"highway":"track","length":994.0016471819085,"oneway":false},"geometry":{"type":"LineString","coordinates":[[125.2079298,11.5421198],[125.2077912,11.5418853],[125.2065038,11.5415489],[125.2053236,11.5413386],[125.2050017,11.5398459],[125.2049588,11.5394465],[125.2047872,11.5391732],[125.2038645,11.5403715],[125.2028345,11.5413597],[125.2021049,11.5420955]]}},{"type":"Feature","properties":{"u":"7273376242","v":"7273376233","key":"1","osmid":778984163,"name":null,"ref":null,"highway":"track","length":668.2746076942005,"oneway":false},"geometry":{"type":"LineString","coordinates":[[125.2079298,11.5421198],[125.2076839,11.5423898],[125.2072762,11.5427472],[125.2058386,11.5426421],[125.2043795,11.5424319],[125.2031778,11.5422847],[125.2021049,11.5420955]]}},{"type":"Feature","properties":{"u":"7273376242","v":"7273376216","key":"0","osmid":778984162,"name":null,"ref":null,"highway":"track","length":304.16482669025413,"oneway":false},"geometry":{"type":"LineString","coordinates":[[125.2079298,11.5421198],[125.2082633,11.5426842],[125.2089121,11.5446681]]}},{"type":"Feature","properties":{"u":"7273376242","v":"7273376248","key":"0","osmid":778984163,"name":null,"ref":null,"highway":"track","length":510.30071579791917,"oneway":false},"geometry":{"type":"LineString","coordinates":[[125.2079298,11.5421198],[125.2080487,11.5414858],[125.2081775,11.5411284],[125.2084993,11.5406869],[125.2097653,11.5413597],[125.2102589,11.5415068],[125.2113532,11.5412335]]}},{"type":"Feature","properties":{"u":"7273376248","v":"7273376242","key":"0","osmid":778984163,"name":null,"ref":null,"highway":"track","length":510.30071579791917,"oneway":false},"geometry":{"type":"LineString","coordinates":[[125.2113532,11.5412335],[125.2102589,11.5415068],[125.2097653,11.5413597],[125.2084993,11.5406869],[125.2081775,11.5411284],[125.2080487,11.5414858],[125.2079298,11.5421198]]}},{"type":"Feature","properties":{"u":"7273376248","v":"7273376267","key":"0","osmid":778984166,"name":null,"ref":null,"highway":"track","length":287.72551593299585,"oneway":false},"geometry":{"type":"LineString","coordinates":[[125.2113532,11.5412335],[125.2110099,11.5406659],[125.2109241,11.5402664],[125.2111386,11.539909],[125.2115463,11.5388788]]}},{"type":"Feature","properties":{"u":"7273376258","v":"7273376215","key":"0","osmid":778984164,"name":null,"ref":null,"highway":"track","length":270.63801206717596,"oneway":false},"geometry":{"type":"LineString","coordinates":[[125.2099585,11.5474565],[125.2097868,11.5474775],[125.2097439,11.5468678],[125.2097868,11.5463843],[125.2097439,11.5455854],[125.2097686,11.5452183]]}},{"type":"Feature","properties":{"u":"7273376263","v":"7273376215","key":"0","osmid":778984165,"name":null,"ref":null,"highway":"track","length":243.74977678824013,"oneway":false},"geometry":{"type":"LineString","coordinates":[[125.2109884,11.5440507],[125.2106236,11.5440717],[125.2099155,11.544324],[125.209658,11.5445132],[125.2095508,11.5448706],[125.2097686,11.5452183]]}},{"type":"Feature","properties":{"u":"7273376267","v":"7273376248","key":"0","osmid":778984166,"name":null,"ref":null,"highway":"track","length":287.72551593299585,"oneway":false},"geometry":{"type":"LineString","coordinates":[[125.2115463,11.5388788],[125.2111386,11.539909],[125.2109241,11.5402664],[125.2110099,11.5406659],[125.2113532,11.5412335]]}},{"type":"Feature","properties":{"u":"7307968109","v":"7307968113","key":"0","osmid":782580201,"name":null,"ref":null,"highway":"residential","length":99.42907105459818,"oneway":false},"geometry":{"type":"LineString","coordinates":[[125.1036016,11.36104],[125.1035392,11.361447],[125.1034506,11.361444],[125.1034325,11.3618393]]}},{"type":"Feature","properties":{"u":"7307968109","v":"2525595795","key":"0","osmid":782580206,"name":null,"ref":null,"highway":"residential","length":256.82723299600354,"oneway":false},"geometry":{"type":"LineString","coordinates":[[125.1036016,11.36104],[125.103731,11.3610828],[125.1041118,11.3611718],[125.1046108,11.361234],[125.1048283,11.3612298],[125.1049842,11.3612094],[125.1051172,11.3611576],[125.1052229,11.361087],[125.1052988,11.3610157],[125.1054168,11.3608908],[125.105522,11.3607573],[125.105595,11.3606907],[125.1056444,11.3606555],[125.105676,11.360644],[125.1057093,11.3606393]]}},{"type":"Feature","properties":{"u":"7307968109","v":"7307968131","key":"0","osmid":[782580204,782580205,782580206],"name":null,"ref":null,"highway":"residential","length":184.8740072708254,"oneway":false},"geometry":{"type":"LineString","coordinates":[[125.1036016,11.36104],[125.1032046,11.3609086],[125.1028727,11.3613287],[125.1029981,11.361941],[125.1030197,11.3619718],[125.1030469,11.3619815],[125.1030775,11.3619785]]}},{"type":"Feature","properties":{"u":"7307968113","v":"7307968109","key":"0","osmid":782580201,"name":null,"ref":null,"highway":"residential","length":99.42907105459818,"oneway":false},"geometry":{"type":"LineString","coordinates":[[125.1034325,11.3618393],[125.1034506,11.361444],[125.1035392,11.361447],[125.1036016,11.36104]]}},{"type":"Feature","properties":{"u":"7307968113","v":"7307968131","key":"0","osmid":782580205,"name":null,"ref":null,"highway":"residential","length":41.69610622931496,"oneway":false},"geometry":{"type":"LineString","coordinates":[[125.1034325,11.3618393],[125.1032596,11.3619125],[125.1030775,11.3619785]]}},{"type":"Feature","properties":{"u":"7307968113","v":"7307968132","key":"0","osmid":[922522203,782580205],"name":null,"ref":null,"highway":["residential","path"],"length":206.41876924061376,"oneway":false},"geometry":{"type":"LineString","coordinates":[[125.1034325,11.3618393],[125.1037213,11.3617086],[125.1037924,11.3616834],[125.1038703,11.3616712],[125.1039371,11.3616664],[125.1040315,11.3616666],[125.1047167,11.3619992],[125.1050949,11.3623122]]}},{"type":"Feature","properties":{"u":"7307968131","v":"2536025945","key":"0","osmid":[246580312,246580322],"name":null,"ref":null,"highway":"path","length":1309.8462715460048,"oneway":false},"geometry":{"type":"LineString","coordinates":[[125.1030775,11.3619785],[125.103041,11.3621116],[125.102976,11.3623779],[125.1028311,11.3626935],[125.1028821,11.3631195],[125.1027158,11.3633877],[125.1025066,11.3636638],[125.1023161,11.3642502],[125.10241,11.3645184],[125.1023108,11.3647051],[125.1016912,11.3650391],[125.1013479,11.3657412],[125.1014712,11.3659542],[125.1014981,11.3661803],[125.1013371,11.3663039],[125.1009643,11.36668],[125.10068,11.3670928],[125.1003903,11.3676582],[125.0992316,11.368259],[125.0988789,11.3682091],[125.0986844,11.3683221],[125.0986194,11.3685793],[125.0986101,11.3687418],[125.0985617,11.3690146],[125.0984468,11.3691718],[125.0984165,11.3693142],[125.0986222,11.3698124],[125.0986827,11.3700438],[125.0985738,11.3705094],[125.0985738,11.3707615],[125.0986585,11.3708744],[125.0987191,11.3710257],[125.0988015,11.3713325]]}},{"type":"Feature","properties":{"u":"7307968131","v":"7307968109","key":"0","osmid":[782580204,782580205,782580206],"name":null,"ref":null,"highway":"residential","length":184.8740072708254,"oneway":false},"geometry":{"type":"LineString","coordinates":[[125.1030775,11.3619785],[125.1030469,11.3619815],[125.1030197,11.3619718],[125.1029981,11.361941],[125.1028727,11.3613287],[125.1032046,11.3609086],[125.1036016,11.36104]]}},{"type":"Feature","properties":{"u":"7307968131","v":"7307968113","key":"0","osmid":782580205,"name":null,"ref":null,"highway":"residential","length":41.69610622931496,"oneway":false},"geometry":{"type":"LineString","coordinates":[[125.1030775,11.3619785],[125.1032596,11.3619125],[125.1034325,11.3618393]]}},{"type":"Feature","properties":{"u":"7307968132","v":"7307968113","key":"0","osmid":[922522203,782580205],"name":null,"ref":null,"highway":["residential","path"],"length":206.41876924061376,"oneway":false},"geometry":{"type":"LineString","coordinates":[[125.1050949,11.3623122],[125.1047167,11.3619992],[125.1040315,11.3616666],[125.1039371,11.3616664],[125.1038703,11.3616712],[125.1037924,11.3616834],[125.1037213,11.3617086],[125.1034325,11.3618393]]}},{"type":"Feature","properties":{"u":"7308024294","v":"7308024297","key":"0","osmid":782580214,"name":null,"ref":null,"highway":"path","length":55.84952890641627,"oneway":false},"geometry":{"type":"LineString","coordinates":[[125.084267,11.350085],[125.0840805,11.3500486],[125.0839296,11.3499973],[125.0837673,11.3500032]]}},{"type":"Feature","properties":{"u":"7308024294","v":"8314859137","key":"0","osmid":782580220,"name":null,"ref":null,"highway":"residential","length":169.3919012282265,"oneway":false},"geometry":{"type":"LineString","coordinates":[[125.084267,11.350085],[125.0842696,11.3499949],[125.0843006,11.3498046],[125.0843176,11.3496094],[125.084273,11.3492662],[125.0842816,11.3490959],[125.0843695,11.3489427],[125.0845603,11.3488853],[125.0847194,11.3488706]]}},{"type":"Feature","properties":{"u":"7308024294","v":"4848524053","key":"0","osmid":782580220,"name":null,"ref":null,"highway":"residential","length":163.87205233381445,"oneway":false},"geometry":{"type":"LineString","coordinates":[[125.084267,11.350085],[125.0843016,11.3502164],[125.084295,11.3503367],[125.0842558,11.3504349],[125.0841589,11.3506749],[125.0841085,11.3509539],[125.084025,11.3513307],[125.0839591,11.3515041]]}},{"type":"Feature","properties":{"u":"7308024297","v":"7308024294","key":"0","osmid":782580214,"name":null,"ref":null,"highway":"path","length":55.84952890641627,"oneway":false},"geometry":{"type":"LineString","coordinates":[[125.0837673,11.3500032],[125.0839296,11.3499973],[125.0840805,11.3500486],[125.084267,11.350085]]}},{"type":"Feature","properties":{"u":"7308024318","v":"2536025951","key":"0","osmid":246580315,"name":null,"ref":null,"highway":"path","length":45.74722120809052,"oneway":false},"geometry":{"type":"LineString","coordinates":[[125.0991539,11.3715911],[125.0995049,11.3718166]]}},{"type":"Feature","properties":{"u":"7308024318","v":"2536025945","key":"0","osmid":246580315,"name":null,"ref":null,"highway":"path","length":47.98578965346537,"oneway":false},"geometry":{"type":"LineString","coordinates":[[125.0991539,11.3715911],[125.0988015,11.3713325]]}},{"type":"Feature","properties":{"u":"7308024318","v":"6426864101","key":"0","osmid":[685749680,685751881,685749681],"name":null,"ref":null,"highway":"path","length":181.73096264688849,"oneway":false},"geometry":{"type":"LineString","coordinates":[[125.0991539,11.3715911],[125.0991887,11.3720101],[125.0992288,11.3722119],[125.09919,11.3723579],[125.0991981,11.3724683],[125.0991712,11.3725314],[125.0991739,11.3725787],[125.0992007,11.3726524],[125.0991873,11.372705],[125.0990854,11.3728049],[125.0990275,11.3728749],[125.099025,11.3728956],[125.0990103,11.3729258],[125.0989862,11.3729521],[125.0989593,11.3729574],[125.098852,11.3730652]]}},{"type":"Feature","properties":{"u":"8040267060","v":"8040267061","key":"0","osmid":863070259,"name":null,"ref":null,"highway":"residential","length":55.498524078408145,"oneway":false},"geometry":{"type":"LineString","coordinates":[[125.1470066,11.3322199],[125.1465954,11.3325141]]}},{"type":"Feature","properties":{"u":"8040267061","v":"8040267060","key":"0","osmid":863070259,"name":null,"ref":null,"highway":"residential","length":55.498524078408145,"oneway":false},"geometry":{"type":"LineString","coordinates":[[125.1465954,11.3325141],[125.1470066,11.3322199]]}},{"type":"Feature","properties":{"u":"8040267061","v":"8418103831","key":"0","osmid":863253073,"name":null,"ref":null,"highway":"residential","length":18.035184021717992,"oneway":false},"geometry":{"type":"LineString","coordinates":[[125.1465954,11.3325141],[125.1465266,11.3323666]]}},{"type":"Feature","properties":{"u":"8040267061","v":"8041714242","key":"0","osmid":863253073,"name":null,"ref":null,"highway":"residential","length":32.682297980113226,"oneway":false},"geometry":{"type":"LineString","coordinates":[[125.1465954,11.3325141],[125.1463795,11.332718]]}},{"type":"Feature","properties":{"u":"8040267061","v":"8041714248","key":"0","osmid":863070259,"name":null,"ref":null,"highway":"residential","length":88.99449814525136,"oneway":false},"geometry":{"type":"LineString","coordinates":[[125.1465954,11.3325141],[125.1469293,11.3330638],[125.146813,11.3331768]]}},{"type":"Feature","properties":{"u":"8041714242","v":"8041793680","key":"0","osmid":863250731,"name":null,"ref":null,"highway":"residential","length":44.56549536549335,"oneway":false},"geometry":{"type":"LineString","coordinates":[[125.1463795,11.332718],[125.1466543,11.3330147]]}},{"type":"Feature","properties":{"u":"8041714242","v":"8040267061","key":"0","osmid":863253073,"name":null,"ref":null,"highway":"residential","length":32.682297980113226,"oneway":false},"geometry":{"type":"LineString","coordinates":[[125.1463795,11.332718],[125.1465954,11.3325141]]}},{"type":"Feature","properties":{"u":"8041714242","v":"8041751291","key":"0","osmid":863250731,"name":null,"ref":null,"highway":"residential","length":244.44072447657294,"oneway":false},"geometry":{"type":"LineString","coordinates":[[125.1463795,11.332718],[125.1462896,11.3326404],[125.1460791,11.3325312],[125.1459959,11.3325141],[125.1459047,11.3325299],[125.1457787,11.3325681],[125.1456915,11.332572],[125.1455869,11.3325155],[125.1454675,11.3324405],[125.1453844,11.3324458],[125.1452959,11.3324642],[125.1451913,11.332476],[125.1451296,11.3325115],[125.1450089,11.3325312],[125.1447085,11.3328126],[125.1444966,11.3330704]]}},{"type":"Feature","properties":{"u":"8041714248","v":"8041793680","key":"0","osmid":863250731,"name":null,"ref":null,"highway":"residential","length":24.985389249278985,"oneway":false},"geometry":{"type":"LineString","coordinates":[[125.146813,11.3331768],[125.1466543,11.3330147]]}},{"type":"Feature","properties":{"u":"8041714248","v":"8040267061","key":"0","osmid":863070259,"name":null,"ref":null,"highway":"residential","length":88.99449814525136,"oneway":false},"geometry":{"type":"LineString","coordinates":[[125.146813,11.3331768],[125.1469293,11.3330638],[125.1465954,11.3325141]]}},{"type":"Feature","properties":{"u":"8041714248","v":"8041738575","key":"0","osmid":863070259,"name":null,"ref":null,"highway":"residential","length":56.39584986966931,"oneway":false},"geometry":{"type":"LineString","coordinates":[[125.146813,11.3331768],[125.1467062,11.3333109],[125.1465845,11.3334681],[125.1465019,11.3335819]]}},{"type":"Feature","properties":{"u":"8041738574","v":"1993195522","key":"0","osmid":337410414,"name":"Basey-Sohoton Road","ref":null,"highway":"secondary","length":1066.9537786464864,"oneway":false},"geometry":{"type":"LineString","coordinates":[[125.1459445,11.3342032],[125.1460388,11.3343894],[125.146085,11.3346008],[125.1463901,11.3356438],[125.1465216,11.3359909],[125.1467077,11.3362845],[125.1482419,11.3373154],[125.1490884,11.3380949],[125.149641,11.3385708],[125.1502204,11.3389468],[125.1519933,11.3394097],[125.1530689,11.3399962]]}},{"type":"Feature","properties":{"u":"8041738574","v":"8041751291","key":"0","osmid":337410414,"name":"Basey-Sohoton Road","ref":null,"highway":"secondary","length":211.2057257885637,"oneway":false},"geometry":{"type":"LineString","coordinates":[[125.1459445,11.3342032],[125.1458269,11.3339712],[125.145628,11.3336562],[125.1453429,11.3334079],[125.1450024,11.3332632],[125.1444966,11.3330704]]}},{"type":"Feature","properties":{"u":"8041738574","v":"8041738575","key":"0","osmid":863070259,"name":null,"ref":null,"highway":"residential","length":98.66222632732229,"oneway":false},"geometry":{"type":"LineString","coordinates":[[125.1459445,11.3342032],[125.1462583,11.3340148],[125.1464058,11.3339227],[125.1464623,11.3337821],[125.1465019,11.3335819]]}},{"type":"Feature","properties":{"u":"8041738575","v":"8041714248","key":"0","osmid":863070259,"name":null,"ref":null,"highway":"residential","length":56.39584986966932,"oneway":false},"geometry":{"type":"LineString","coordinates":[[125.1465019,11.3335819],[125.1465845,11.3334681],[125.1467062,11.3333109],[125.146813,11.3331768]]}},{"type":"Feature","properties":{"u":"8041738575","v":"8041738574","key":"0","osmid":863070259,"name":null,"ref":null,"highway":"residential","length":98.66222632732229,"oneway":false},"geometry":{"type":"LineString","coordinates":[[125.1465019,11.3335819],[125.1464623,11.3337821],[125.1464058,11.3339227],[125.1462583,11.3340148],[125.1459445,11.3342032]]}},{"type":"Feature","properties":{"u":"8041738575","v":"8041793680","key":"0","osmid":863254652,"name":null,"ref":null,"highway":"residential","length":74.59080364657764,"oneway":false},"geometry":{"type":"LineString","coordinates":[[125.1465019,11.3335819],[125.1464012,11.3334887],[125.1466543,11.3330147]]}},{"type":"Feature","properties":{"u":"8041751291","v":"2526305445","key":"0","osmid":337410414,"name":"Basey-Sohoton Road","ref":null,"highway":"secondary","length":167.13327220783123,"oneway":false},"geometry":{"type":"LineString","coordinates":[[125.1444966,11.3330704],[125.14308,11.332496]]}},{"type":"Feature","properties":{"u":"8041751291","v":"8041738574","key":"0","osmid":337410414,"name":"Basey-Sohoton Road","ref":null,"highway":"secondary","length":211.20572578856368,"oneway":false},"geometry":{"type":"LineString","coordinates":[[125.1444966,11.3330704],[125.1450024,11.3332632],[125.1453429,11.3334079],[125.145628,11.3336562],[125.1458269,11.3339712],[125.1459445,11.3342032]]}},{"type":"Feature","properties":{"u":"8041751291","v":"8041714242","key":"0","osmid":863250731,"name":null,"ref":null,"highway":"residential","length":244.44072447657294,"oneway":false},"geometry":{"type":"LineString","coordinates":[[125.1444966,11.3330704],[125.1447085,11.3328126],[125.1450089,11.3325312],[125.1451296,11.3325115],[125.1451913,11.332476],[125.1452959,11.3324642],[125.1453844,11.3324458],[125.1454675,11.3324405],[125.1455869,11.3325155],[125.1456915,11.332572],[125.1457787,11.3325681],[125.1459047,11.3325299],[125.1459959,11.3325141],[125.1460791,11.3325312],[125.1462896,11.3326404],[125.1463795,11.332718]]}},{"type":"Feature","properties":{"u":"8041793680","v":"8041714248","key":"0","osmid":863250731,"name":null,"ref":null,"highway":"residential","length":24.985389249278985,"oneway":false},"geometry":{"type":"LineString","coordinates":[[125.1466543,11.3330147],[125.146813,11.3331768]]}},{"type":"Feature","properties":{"u":"8041793680","v":"8041714242","key":"0","osmid":863250731,"name":null,"ref":null,"highway":"residential","length":44.56549536549335,"oneway":false},"geometry":{"type":"LineString","coordinates":[[125.1466543,11.3330147],[125.1463795,11.332718]]}},{"type":"Feature","properties":{"u":"8041793680","v":"8041738575","key":"0","osmid":863254652,"name":null,"ref":null,"highway":"residential","length":74.59080364657764,"oneway":false},"geometry":{"type":"LineString","coordinates":[[125.1466543,11.3330147],[125.1464012,11.3334887],[125.1465019,11.3335819]]}},{"type":"Feature","properties":{"u":"8299752177","v":"8299752200","key":"0","osmid":949889802,"name":null,"ref":null,"highway":"tertiary","length":661.8013732170477,"oneway":false},"geometry":{"type":"LineString","coordinates":[[125.0181028,11.3117726],[125.0174269,11.3119882],[125.0170648,11.3120777],[125.0168878,11.3120698],[125.0166987,11.3120066],[125.0165806,11.3119146],[125.0162697,11.3115966],[125.0161333,11.3112872],[125.0160417,11.3109018],[125.0160315,11.3106562],[125.016058,11.3104246],[125.0161333,11.3099734],[125.0161129,11.3098256],[125.0160434,11.30968],[125.0159276,11.3095738],[125.0157371,11.309462],[125.015595,11.3093621],[125.0154729,11.309224],[125.0153988,11.3090536],[125.0153589,11.3088334],[125.0152743,11.308614],[125.0151865,11.308428],[125.0151906,11.3082603],[125.0152233,11.3080546]]}},{"type":"Feature","properties":{"u":"8299752182","v":"2532616850","key":"0","osmid":893009457,"name":null,"ref":null,"highway":"residential","length":333.60655544437896,"oneway":false},"geometry":{"type":"LineString","coordinates":[[125.0187573,11.3073198],[125.0185387,11.3073526],[125.0182021,11.3074394],[125.0180639,11.3075078],[125.0177957,11.3076051],[125.0173786,11.3076748],[125.0171842,11.3076696],[125.0170742,11.3076347],[125.0170018,11.3075986],[125.016574,11.3073684],[125.0163192,11.3072882],[125.0162601,11.3072921],[125.0162092,11.3073079],[125.0160067,11.307421],[125.0159485,11.3075393]]}},{"type":"Feature","properties":{"u":"8299752199","v":"8299752200","key":"0","osmid":893009458,"name":null,"ref":null,"highway":"residential","length":29.280558736333134,"oneway":false},"geometry":{"type":"LineString","coordinates":[[125.0154878,11.3081001],[125.0152233,11.3080546]]}},{"type":"Feature","properties":{"u":"8299752199","v":"2532616860","key":"0","osmid":893009459,"name":null,"ref":null,"highway":"residential","length":40.085027591861255,"oneway":false},"geometry":{"type":"LineString","coordinates":[[125.0154878,11.3081001],[125.0154094,11.3084523]]}},{"type":"Feature","properties":{"u":"8299752199","v":"2532616853","key":"0","osmid":893009459,"name":null,"ref":null,"highway":"residential","length":26.7722290723961,"oneway":false},"geometry":{"type":"LineString","coordinates":[[125.0154878,11.3081001],[125.0155384,11.3078645]]}},{"type":"Feature","properties":{"u":"8299752199","v":"2532616854","key":"0","osmid":[893009458,949889803],"name":null,"ref":null,"highway":"residential","length":72.73469114786649,"oneway":false},"geometry":{"type":"LineString","coordinates":[[125.0154878,11.3081001],[125.0158471,11.3081496],[125.0158779,11.3081417],[125.0158887,11.3081206],[125.0159047,11.3078776]]}},{"type":"Feature","properties":{"u":"8299752200","v":"8299752199","key":"0","osmid":893009458,"name":null,"ref":null,"highway":"residential","length":29.280558736333134,"oneway":false},"geometry":{"type":"LineString","coordinates":[[125.0152233,11.3080546],[125.0154878,11.3081001]]}},{"type":"Feature","properties":{"u":"8299752200","v":"8299752177","key":"0","osmid":949889802,"name":null,"ref":null,"highway":"tertiary","length":661.8013732170479,"oneway":false},"geometry":{"type":"LineString","coordinates":[[125.0152233,11.3080546],[125.0151906,11.3082603],[125.0151865,11.308428],[125.0152743,11.308614],[125.0153589,11.3088334],[125.0153988,11.3090536],[125.0154729,11.309224],[125.015595,11.3093621],[125.0157371,11.309462],[125.0159276,11.3095738],[125.0160434,11.30968],[125.0161129,11.3098256],[125.0161333,11.3099734],[125.016058,11.3104246],[125.0160315,11.3106562],[125.0160417,11.3109018],[125.0161333,11.3112872],[125.0162697,11.3115966],[125.0165806,11.3119146],[125.0166987,11.3120066],[125.0168878,11.3120698],[125.0170648,11.3120777],[125.0174269,11.3119882],[125.0181028,11.3117726]]}},{"type":"Feature","properties":{"u":"8299752200","v":"8299752201","key":"0","osmid":949889802,"name":null,"ref":null,"highway":"tertiary","length":22.982349331926486,"oneway":false},"geometry":{"type":"LineString","coordinates":[[125.0152233,11.3080546],[125.0152252,11.3080426],[125.0152664,11.3078523]]}},{"type":"Feature","properties":{"u":"8299752201","v":"2532616853","key":"0","osmid":949889804,"name":null,"ref":null,"highway":"residential","length":29.68894815354355,"oneway":false},"geometry":{"type":"LineString","coordinates":[[125.0152664,11.3078523],[125.0155384,11.3078645]]}},{"type":"Feature","properties":{"u":"8299752201","v":"8299752200","key":"0","osmid":949889802,"name":null,"ref":null,"highway":"tertiary","length":22.982349331926486,"oneway":false},"geometry":{"type":"LineString","coordinates":[[125.0152664,11.3078523],[125.0152252,11.3080426],[125.0152233,11.3080546]]}},{"type":"Feature","properties":{"u":"8299752201","v":"2525615184","key":"0","osmid":949889802,"name":null,"ref":null,"highway":"tertiary","length":43.032577619816834,"oneway":false},"geometry":{"type":"LineString","coordinates":[[125.0152664,11.3078523],[125.0153066,11.3076134],[125.0153442,11.3074733]]}},{"type":"Feature","properties":{"u":"8299752202","v":"2532616850","key":"0","osmid":246192730,"name":null,"ref":null,"highway":"residential","length":38.00345218981531,"oneway":false},"geometry":{"type":"LineString","coordinates":[[125.0156021,11.3075015],[125.0159485,11.3075393]]}},{"type":"Feature","properties":{"u":"8299752202","v":"2525615184","key":"0","osmid":246192730,"name":null,"ref":null,"highway":"residential","length":28.294849658243614,"oneway":false},"geometry":{"type":"LineString","coordinates":[[125.0156021,11.3075015],[125.0153442,11.3074733]]}},{"type":"Feature","properties":{"u":"8299752202","v":"2532616853","key":"0","osmid":893009459,"name":null,"ref":null,"highway":"residential","length":40.95704328319855,"oneway":false},"geometry":{"type":"LineString","coordinates":[[125.0156021,11.3075015],[125.0155384,11.3078645]]}},{"type":"Feature","properties":{"u":"8314797400","v":"4848524280","key":"0","osmid":245451244,"name":null,"ref":null,"highway":"tertiary","length":164.32718578686774,"oneway":false},"geometry":{"type":"LineString","coordinates":[[125.102676,11.3379766],[125.1026648,11.3380185],[125.1026031,11.3383104],[125.1024697,11.3386609],[125.1023939,11.3388601],[125.1023403,11.339123],[125.1023,11.3394018]]}},{"type":"Feature","properties":{"u":"8314797400","v":"4848524282","key":"0","osmid":245451244,"name":null,"ref":null,"highway":"tertiary","length":38.774016947739156,"oneway":false},"geometry":{"type":"LineString","coordinates":[[125.102676,11.3379766],[125.1027346,11.3377581],[125.1027467,11.3376359]]}},{"type":"Feature","properties":{"u":"8314797400","v":"8314797405","key":"0","osmid":894562261,"name":null,"ref":null,"highway":"residential","length":133.13060356569463,"oneway":false},"geometry":{"type":"LineString","coordinates":[[125.102676,11.3379766],[125.1023738,11.3380067],[125.1014578,11.337958]]}},{"type":"Feature","properties":{"u":"8314797405","v":"8314797406","key":"0","osmid":894562262,"name":null,"ref":null,"highway":"residential","length":53.42732100105638,"oneway":false},"geometry":{"type":"LineString","coordinates":[[125.1014578,11.337958],[125.1015114,11.3374804]]}},{"type":"Feature","properties":{"u":"8314797405","v":"8314797400","key":"0","osmid":894562261,"name":null,"ref":null,"highway":"residential","length":133.13060356569463,"oneway":false},"geometry":{"type":"LineString","coordinates":[[125.1014578,11.337958],[125.1023738,11.3380067],[125.102676,11.3379766]]}},{"type":"Feature","properties":{"u":"8314797405","v":"4848524280","key":"0","osmid":894562262,"name":null,"ref":null,"highway":"residential","length":236.35407292481514,"oneway":false},"geometry":{"type":"LineString","coordinates":[[125.1014578,11.337958],[125.1014417,11.3385366],[125.1014914,11.3387772],[125.1016818,11.3394452],[125.1023,11.3394018]]}},{"type":"Feature","properties":{"u":"8314797406","v":"8314797405","key":"0","osmid":894562262,"name":null,"ref":null,"highway":"residential","length":53.42732100105638,"oneway":false},"geometry":{"type":"LineString","coordinates":[[125.1015114,11.3374804],[125.1014578,11.337958]]}},{"type":"Feature","properties":{"u":"8314797406","v":"4848524282","key":"0","osmid":492882495,"name":null,"ref":null,"highway":"tertiary","length":135.80736672154305,"oneway":false},"geometry":{"type":"LineString","coordinates":[[125.1015114,11.3374804],[125.1015852,11.3374886],[125.102587,11.3376082],[125.1027467,11.3376359]]}},{"type":"Feature","properties":{"u":"8314797406","v":"4848524306","key":"0","osmid":492882495,"name":null,"ref":null,"highway":"tertiary","length":658.0107249888807,"oneway":false},"geometry":{"type":"LineString","coordinates":[[125.1015114,11.3374804],[125.1010059,11.3374241],[125.1003581,11.3372532],[125.0997519,11.3369744],[125.0993469,11.3368245],[125.0987971,11.3367115],[125.0983626,11.3366589],[125.097869,11.3364984],[125.0975244,11.3364169],[125.0974479,11.3363643],[125.0968042,11.3355162],[125.0966808,11.3354215],[125.0965212,11.3353663],[125.0963482,11.3353347],[125.0961779,11.3352216]]}},{"type":"Feature","properties":{"u":"8314834429","v":"8314834430","key":"0","osmid":894559902,"name":null,"ref":null,"highway":"residential","length":68.1998694037784,"oneway":false},"geometry":{"type":"LineString","coordinates":[[125.1067143,11.3241565],[125.1061187,11.3243439]]}},{"type":"Feature","properties":{"u":"8314834429","v":"8314834442","key":"0","osmid":337410415,"name":"Basey-Sohoton Road","ref":null,"highway":"secondary","length":50.26259975179059,"oneway":false},"geometry":{"type":"LineString","coordinates":[[125.1067143,11.3241565],[125.1067739,11.3242441],[125.106861,11.3243054],[125.1071015,11.3243579]]}},{"type":"Feature","properties":{"u":"8314834429","v":"8314834432","key":"0","osmid":337410415,"name":"Basey-Sohoton Road","ref":null,"highway":"secondary","length":67.42345815559645,"oneway":false},"geometry":{"type":"LineString","coordinates":[[125.1067143,11.3241565],[125.1066035,11.3237952],[125.1065799,11.3235673]]}},{"type":"Feature","properties":{"u":"8314834430","v":"8314834429","key":"0","osmid":894559902,"name":null,"ref":null,"highway":"residential","length":68.1998694037784,"oneway":false},"geometry":{"type":"LineString","coordinates":[[125.1061187,11.3243439],[125.1067143,11.3241565]]}},{"type":"Feature","properties":{"u":"8314834430","v":"8314834431","key":"0","osmid":894559902,"name":null,"ref":null,"highway":"residential","length":34.424162938756204,"oneway":false},"geometry":{"type":"LineString","coordinates":[[125.1061187,11.3243439],[125.1058185,11.3244398]]}},{"type":"Feature","properties":{"u":"8314834430","v":"8314834441","key":"0","osmid":894559906,"name":null,"ref":null,"highway":"residential","length":34.81015424743125,"oneway":false},"geometry":{"type":"LineString","coordinates":[[125.1061187,11.3243439],[125.1062162,11.324642]]}},{"type":"Feature","properties":{"u":"8314834430","v":"8314834433","key":"0","osmid":894559906,"name":null,"ref":null,"highway":"residential","length":68.20595072115611,"oneway":false},"geometry":{"type":"LineString","coordinates":[[125.1061187,11.3243439],[125.1059389,11.3237939],[125.1059277,11.3237598]]}},{"type":"Feature","properties":{"u":"8314834431","v":"8314834430","key":"0","osmid":894559902,"name":null,"ref":null,"highway":"residential","length":34.424162938756204,"oneway":false},"geometry":{"type":"LineString","coordinates":[[125.1058185,11.3244398],[125.1061187,11.3243439]]}},{"type":"Feature","properties":{"u":"8314834431","v":"8314834444","key":"0","osmid":894559908,"name":null,"ref":null,"highway":"residential","length":34.99038887292106,"oneway":false},"geometry":{"type":"LineString","coordinates":[[125.1058185,11.3244398],[125.1059438,11.3247295]]}},{"type":"Feature","properties":{"u":"8314834431","v":"8314834434","key":"0","osmid":894559908,"name":null,"ref":null,"highway":"residential","length":67.8103583428972,"oneway":false},"geometry":{"type":"LineString","coordinates":[[125.1058185,11.3244398],[125.1055756,11.3238784]]}},{"type":"Feature","properties":{"u":"8314834432","v":"8314834433","key":"0","osmid":894559903,"name":null,"ref":null,"highway":"residential","length":74.26147443091953,"oneway":false},"geometry":{"type":"LineString","coordinates":[[125.1065799,11.3235673],[125.1059277,11.3237598]]}},{"type":"Feature","properties":{"u":"8314834432","v":"8314834429","key":"0","osmid":337410415,"name":"Basey-Sohoton Road","ref":null,"highway":"secondary","length":67.42345815559645,"oneway":false},"geometry":{"type":"LineString","coordinates":[[125.1065799,11.3235673],[125.1066035,11.3237952],[125.1067143,11.3241565]]}},{"type":"Feature","properties":{"u":"8314834432","v":"8314834439","key":"0","osmid":337410415,"name":"Basey-Sohoton Road","ref":null,"highway":"secondary","length":281.5334819710797,"oneway":false},"geometry":{"type":"LineString","coordinates":[[125.1065799,11.3235673],[125.1064493,11.3223066],[125.1062937,11.3219568],[125.106232,11.3219016],[125.1059075,11.3218122],[125.1054275,11.3218088]]}},{"type":"Feature","properties":{"u":"8314834433","v":"8314834432","key":"0","osmid":894559903,"name":null,"ref":null,"highway":"residential","length":74.26147443091953,"oneway":false},"geometry":{"type":"LineString","coordinates":[[125.1059277,11.3237598],[125.1065799,11.3235673]]}},{"type":"Feature","properties":{"u":"8314834433","v":"8314834434","key":"0","osmid":894559903,"name":null,"ref":null,"highway":"residential","length":40.591621778632465,"oneway":false},"geometry":{"type":"LineString","coordinates":[[125.1059277,11.3237598],[125.1055756,11.3238784]]}},{"type":"Feature","properties":{"u":"8314834433","v":"8314834440","key":"0","osmid":894559906,"name":null,"ref":null,"highway":"residential","length":58.898036750654256,"oneway":false},"geometry":{"type":"LineString","coordinates":[[125.1059277,11.3237598],[125.1057628,11.3232554]]}},{"type":"Feature","properties":{"u":"8314834433","v":"8314834430","key":"0","osmid":894559906,"name":null,"ref":null,"highway":"residential","length":68.20595072115611,"oneway":false},"geometry":{"type":"LineString","coordinates":[[125.1059277,11.3237598],[125.1059389,11.3237939],[125.1061187,11.3243439]]}},{"type":"Feature","properties":{"u":"8314834434","v":"8314834433","key":"0","osmid":894559903,"name":null,"ref":null,"highway":"residential","length":40.591621778632465,"oneway":false},"geometry":{"type":"LineString","coordinates":[[125.1055756,11.3238784],[125.1059277,11.3237598]]}},{"type":"Feature","properties":{"u":"8314834434","v":"8314834431","key":"0","osmid":894559908,"name":null,"ref":null,"highway":"residential","length":67.8103583428972,"oneway":false},"geometry":{"type":"LineString","coordinates":[[125.1055756,11.3238784],[125.1058185,11.3244398]]}},{"type":"Feature","properties":{"u":"8314834434","v":"8314834445","key":"0","osmid":894559908,"name":null,"ref":null,"highway":"residential","length":58.570058898554066,"oneway":false},"geometry":{"type":"LineString","coordinates":[[125.1055756,11.3238784],[125.1053658,11.3233935]]}},{"type":"Feature","properties":{"u":"8314834435","v":"8314834436","key":"0","osmid":894559904,"name":null,"ref":null,"highway":"residential","length":45.069574416150665,"oneway":false},"geometry":{"type":"LineString","coordinates":[[125.1055973,11.3225416],[125.1051902,11.3226119]]}},{"type":"Feature","properties":{"u":"8314834435","v":"8382908722","key":"0","osmid":894559906,"name":null,"ref":null,"highway":"residential","length":38.49555290312284,"oneway":false},"geometry":{"type":"LineString","coordinates":[[125.1055973,11.3225416],[125.1055191,11.322204]]}},{"type":"Feature","properties":{"u":"8314834435","v":"8314834437","key":"0","osmid":894559906,"name":null,"ref":null,"highway":"residential","length":46.02404761621313,"oneway":false},"geometry":{"type":"LineString","coordinates":[[125.1055973,11.3225416],[125.1056909,11.3229452]]}},{"type":"Feature","properties":{"u":"8314834436","v":"8314834435","key":"0","osmid":894559904,"name":null,"ref":null,"highway":"residential","length":45.069574416150665,"oneway":false},"geometry":{"type":"LineString","coordinates":[[125.1051902,11.3226119],[125.1055973,11.3225416]]}},{"type":"Feature","properties":{"u":"8314834436","v":"8314834438","key":"0","osmid":894559908,"name":null,"ref":null,"highway":"residential","length":48.241787758743854,"oneway":false},"geometry":{"type":"LineString","coordinates":[[125.1051902,11.3226119],[125.1052253,11.3227949],[125.1052389,11.3228359],[125.1052802,11.3230124],[125.1052853,11.3230353]]}},{"type":"Feature","properties":{"u":"8314834436","v":"8382908723","key":"0","osmid":894559908,"name":null,"ref":null,"highway":"residential","length":40.456682743111514,"oneway":false},"geometry":{"type":"LineString","coordinates":[[125.1051902,11.3226119],[125.1051163,11.3222834],[125.1051103,11.3222566]]}},{"type":"Feature","properties":{"u":"8314834437","v":"8314834438","key":"0","osmid":894559905,"name":null,"ref":null,"highway":"residential","length":45.343547569481096,"oneway":false},"geometry":{"type":"LineString","coordinates":[[125.1056909,11.3229452],[125.1052853,11.3230353]]}},{"type":"Feature","properties":{"u":"8314834437","v":"8314834435","key":"0","osmid":894559906,"name":null,"ref":null,"highway":"residential","length":46.02404761621313,"oneway":false},"geometry":{"type":"LineString","coordinates":[[125.1056909,11.3229452],[125.1055973,11.3225416]]}},{"type":"Feature","properties":{"u":"8314834437","v":"8314834440","key":"0","osmid":894559906,"name":null,"ref":null,"highway":"residential","length":35.372336164874426,"oneway":false},"geometry":{"type":"LineString","coordinates":[[125.1056909,11.3229452],[125.1057628,11.3232554]]}},{"type":"Feature","properties":{"u":"8314834438","v":"8314834437","key":"0","osmid":894559905,"name":null,"ref":null,"highway":"residential","length":45.343547569481096,"oneway":false},"geometry":{"type":"LineString","coordinates":[[125.1052853,11.3230353],[125.1056909,11.3229452]]}},{"type":"Feature","properties":{"u":"8314834438","v":"8314834445","key":"0","osmid":894559908,"name":null,"ref":null,"highway":"residential","length":40.785664239021926,"oneway":false},"geometry":{"type":"LineString","coordinates":[[125.1052853,11.3230353],[125.1053658,11.3233935]]}},{"type":"Feature","properties":{"u":"8314834438","v":"8314834436","key":"0","osmid":894559908,"name":null,"ref":null,"highway":"residential","length":48.241787758743854,"oneway":false},"geometry":{"type":"LineString","coordinates":[[125.1052853,11.3230353],[125.1052802,11.3230124],[125.1052389,11.3228359],[125.1052253,11.3227949],[125.1051902,11.3226119]]}},{"type":"Feature","properties":{"u":"8314834439","v":"8314834446","key":"0","osmid":337410415,"name":"Basey-Sohoton Road","ref":null,"highway":"secondary","length":45.630708483388894,"oneway":false},"geometry":{"type":"LineString","coordinates":[[125.1054275,11.3218088],[125.105009,11.3218059]]}},{"type":"Feature","properties":{"u":"8314834439","v":"8382908722","key":"0","osmid":894559906,"name":null,"ref":null,"highway":"residential","length":45.064914072412,"oneway":false},"geometry":{"type":"LineString","coordinates":[[125.1054275,11.3218088],[125.1055191,11.322204]]}},{"type":"Feature","properties":{"u":"8314834439","v":"8314834432","key":"0","osmid":337410415,"name":"Basey-Sohoton Road","ref":null,"highway":"secondary","length":281.5334819710797,"oneway":false},"geometry":{"type":"LineString","coordinates":[[125.1054275,11.3218088],[125.1059075,11.3218122],[125.106232,11.3219016],[125.1062937,11.3219568],[125.1064493,11.3223066],[125.1065799,11.3235673]]}},{"type":"Feature","properties":{"u":"8314834440","v":"8314834445","key":"0","osmid":894559901,"name":null,"ref":null,"highway":"residential","length":45.928354855628946,"oneway":false},"geometry":{"type":"LineString","coordinates":[[125.1057628,11.3232554],[125.1053658,11.3233935]]}},{"type":"Feature","properties":{"u":"8314834440","v":"8314834437","key":"0","osmid":894559906,"name":null,"ref":null,"highway":"residential","length":35.372336164874426,"oneway":false},"geometry":{"type":"LineString","coordinates":[[125.1057628,11.3232554],[125.1056909,11.3229452]]}},{"type":"Feature","properties":{"u":"8314834440","v":"8314834433","key":"0","osmid":894559906,"name":null,"ref":null,"highway":"residential","length":58.898036750654256,"oneway":false},"geometry":{"type":"LineString","coordinates":[[125.1057628,11.3232554],[125.1059277,11.3237598]]}},{"type":"Feature","properties":{"u":"8314834441","v":"8314834430","key":"0","osmid":894559906,"name":null,"ref":null,"highway":"residential","length":34.81015424743125,"oneway":false},"geometry":{"type":"LineString","coordinates":[[125.1062162,11.324642],[125.1061187,11.3243439]]}},{"type":"Feature","properties":{"u":"8314834441","v":"8314834442","key":"0","osmid":894559907,"name":null,"ref":null,"highway":"residential","length":101.56243555873446,"oneway":false},"geometry":{"type":"LineString","coordinates":[[125.1062162,11.324642],[125.1071015,11.3243579]]}},{"type":"Feature","properties":{"u":"8314834441","v":"8314834444","key":"0","osmid":894559907,"name":null,"ref":null,"highway":"residential","length":31.252889689472067,"oneway":false},"geometry":{"type":"LineString","coordinates":[[125.1062162,11.324642],[125.1059438,11.3247295]]}},{"type":"Feature","properties":{"u":"8314834442","v":"8314834441","key":"0","osmid":894559907,"name":null,"ref":null,"highway":"residential","length":101.56243555873446,"oneway":false},"geometry":{"type":"LineString","coordinates":[[125.1071015,11.3243579],[125.1062162,11.324642]]}},{"type":"Feature","properties":{"u":"8314834442","v":"2526385900","key":"0","osmid":337410415,"name":"Basey-Sohoton Road","ref":null,"highway":"secondary","length":687.9581738117112,"oneway":false},"geometry":{"type":"LineString","coordinates":[[125.1071015,11.3243579],[125.1081632,11.3245895],[125.1085414,11.3246525],[125.1091462,11.3247814],[125.1100569,11.3249629],[125.1106116,11.3250809],[125.1109662,11.3251536],[125.1132739,11.32564]]}},{"type":"Feature","properties":{"u":"8314834442","v":"8314834429","key":"0","osmid":337410415,"name":"Basey-Sohoton Road","ref":null,"highway":"secondary","length":50.262599751790596,"oneway":false},"geometry":{"type":"LineString","coordinates":[[125.1071015,11.3243579],[125.106861,11.3243054],[125.1067739,11.3242441],[125.1067143,11.3241565]]}},{"type":"Feature","properties":{"u":"8314834443","v":"8314834444","key":"0","osmid":894559907,"name":null,"ref":null,"highway":"residential","length":44.89308539799333,"oneway":false},"geometry":{"type":"LineString","coordinates":[[125.1055536,11.3248584],[125.1059438,11.3247295]]}},{"type":"Feature","properties":{"u":"8314834444","v":"8314834441","key":"0","osmid":894559907,"name":null,"ref":null,"highway":"residential","length":31.252889689472067,"oneway":false},"geometry":{"type":"LineString","coordinates":[[125.1059438,11.3247295],[125.1062162,11.324642]]}},{"type":"Feature","properties":{"u":"8314834444","v":"8314834443","key":"0","osmid":894559907,"name":null,"ref":null,"highway":"residential","length":44.89308539799333,"oneway":false},"geometry":{"type":"LineString","coordinates":[[125.1059438,11.3247295],[125.1055536,11.3248584]]}},{"type":"Feature","properties":{"u":"8314834444","v":"8314834431","key":"0","osmid":894559908,"name":null,"ref":null,"highway":"residential","length":34.99038887292106,"oneway":false},"geometry":{"type":"LineString","coordinates":[[125.1059438,11.3247295],[125.1058185,11.3244398]]}},{"type":"Feature","properties":{"u":"8314834445","v":"8314834440","key":"0","osmid":894559901,"name":null,"ref":null,"highway":"residential","length":45.928354855628946,"oneway":false},"geometry":{"type":"LineString","coordinates":[[125.1053658,11.3233935],[125.1057628,11.3232554]]}},{"type":"Feature","properties":{"u":"8314834445","v":"8314834434","key":"0","osmid":894559908,"name":null,"ref":null,"highway":"residential","length":58.570058898554066,"oneway":false},"geometry":{"type":"LineString","coordinates":[[125.1053658,11.3233935],[125.1055756,11.3238784]]}},{"type":"Feature","properties":{"u":"8314834445","v":"8314834438","key":"0","osmid":894559908,"name":null,"ref":null,"highway":"residential","length":40.785664239021926,"oneway":false},"geometry":{"type":"LineString","coordinates":[[125.1053658,11.3233935],[125.1052853,11.3230353]]}},{"type":"Feature","properties":{"u":"8314834446","v":"8314834439","key":"0","osmid":337410415,"name":"Basey-Sohoton Road","ref":null,"highway":"secondary","length":45.630708483388894,"oneway":false},"geometry":{"type":"LineString","coordinates":[[125.105009,11.3218059],[125.1054275,11.3218088]]}},{"type":"Feature","properties":{"u":"8314834446","v":"8382908723","key":"0","osmid":894559908,"name":null,"ref":null,"highway":"residential","length":51.3182677974546,"oneway":false},"geometry":{"type":"LineString","coordinates":[[125.105009,11.3218059],[125.1051103,11.3222566]]}},{"type":"Feature","properties":{"u":"8314834446","v":"1551879528","key":"0","osmid":[1411601872,1411601871,337410415],"name":"Basey-Sohoton Road","ref":null,"highway":"secondary","length":1108.9735982506754,"oneway":false},"geometry":{"type":"LineString","coordinates":[[125.105009,11.3218059],[125.1049016,11.3218135],[125.1047023,11.3218102],[125.1044457,11.3217687],[125.1042794,11.3216925],[125.1033688,11.320843],[125.10254,11.3201697],[125.1022167,11.3198555],[125.1018949,11.3195569],[125.0980151,11.3160222],[125.0977026,11.315796],[125.0972359,11.3156079]]}},{"type":"Feature","properties":{"u":"8314845569","v":"2525595517","key":"0","osmid":245349086,"name":null,"ref":null,"highway":"residential","length":577.7237718898011,"oneway":false},"geometry":{"type":"LineString","coordinates":[[125.0976758,11.3486255],[125.0976159,11.3486359],[125.0972179,11.348497],[125.0966661,11.3480933],[125.0963442,11.3478449],[125.0961537,11.3477923],[125.0959834,11.3476463],[125.095852,11.3472991],[125.0957983,11.3471019],[125.0957796,11.3469888],[125.0958064,11.3468771],[125.0958976,11.3467864],[125.0959673,11.3466259],[125.0959888,11.3465181],[125.0958762,11.346213],[125.0956589,11.3458804],[125.0954087,11.3457433],[125.0949898,11.3456095],[125.0947568,11.345512],[125.0946719,11.3453964],[125.0946505,11.345207]]}},{"type":"Feature","properties":{"u":"8314845569","v":"2525595558","key":"0","osmid":245349086,"name":null,"ref":null,"highway":"residential","length":132.78682065069285,"oneway":false},"geometry":{"type":"LineString","coordinates":[[125.0976758,11.3486255],[125.0978434,11.3485963],[125.0981772,11.3484741],[125.0985559,11.348329],[125.0986388,11.3483077],[125.098726,11.3482998],[125.0988371,11.3483101]]}},{"type":"Feature","properties":{"u":"8314845569","v":"8314845572","key":"0","osmid":894560814,"name":null,"ref":null,"highway":"residential","length":163.4174100330388,"oneway":false},"geometry":{"type":"LineString","coordinates":[[125.0976758,11.3486255],[125.0975606,11.3490611],[125.0973943,11.3492688],[125.0968283,11.3497816]]}},{"type":"Feature","properties":{"u":"8314845572","v":"8314845569","key":"0","osmid":894560814,"name":null,"ref":null,"highway":"residential","length":163.4174100330388,"oneway":false},"geometry":{"type":"LineString","coordinates":[[125.0968283,11.3497816],[125.0973943,11.3492688],[125.0975606,11.3490611],[125.0976758,11.3486255]]}},{"type":"Feature","properties":{"u":"8314859132","v":"8314859137","key":"0","osmid":894562521,"name":null,"ref":null,"highway":"residential","length":183.9809106567495,"oneway":false},"geometry":{"type":"LineString","coordinates":[[125.0855497,11.34757],[125.0855336,11.3480184],[125.0854035,11.3481288],[125.0851996,11.3482682],[125.084914,11.3484562],[125.0847194,11.3488706]]}},{"type":"Feature","properties":{"u":"8314859137","v":"2526468716","key":"0","osmid":782580220,"name":null,"ref":null,"highway":"residential","length":70.78305927508393,"oneway":false},"geometry":{"type":"LineString","coordinates":[[125.0847194,11.3488706],[125.0849068,11.3488534],[125.0853678,11.3488595]]}},{"type":"Feature","properties":{"u":"8314859137","v":"7308024294","key":"0","osmid":782580220,"name":null,"ref":null,"highway":"residential","length":169.39190122822646,"oneway":false},"geometry":{"type":"LineString","coordinates":[[125.0847194,11.3488706],[125.0845603,11.3488853],[125.0843695,11.3489427],[125.0842816,11.3490959],[125.084273,11.3492662],[125.0843176,11.3496094],[125.0843006,11.3498046],[125.0842696,11.3499949],[125.084267,11.350085]]}},{"type":"Feature","properties":{"u":"8314859137","v":"8314859132","key":"0","osmid":894562521,"name":null,"ref":null,"highway":"residential","length":183.9809106567495,"oneway":false},"geometry":{"type":"LineString","coordinates":[[125.0847194,11.3488706],[125.084914,11.3484562],[125.0851996,11.3482682],[125.0854035,11.3481288],[125.0855336,11.3480184],[125.0855497,11.34757]]}},{"type":"Feature","properties":{"u":"8314859138","v":"4848524308","key":"0","osmid":245442592,"name":null,"ref":null,"highway":"tertiary","length":160.46794714383998,"oneway":false},"geometry":{"type":"LineString","coordinates":[[125.0968206,11.3323158],[125.0969102,11.332547],[125.0969101,11.3330428],[125.096835,11.3334005],[125.0967171,11.3337147]]}},{"type":"Feature","properties":{"u":"8314859138","v":"4848524308","key":"1","osmid":894562522,"name":null,"ref":null,"highway":"residential","length":216.1061428215918,"oneway":false},"geometry":{"type":"LineString","coordinates":[[125.0968206,11.3323158],[125.096481,11.3329362],[125.0963241,11.3331098],[125.0961202,11.3333702],[125.0967171,11.3337147]]}},{"type":"Feature","properties":{"u":"8314859138","v":"1551879528","key":"0","osmid":245442592,"name":null,"ref":null,"highway":"tertiary","length":1870.6265610110095,"oneway":false},"geometry":{"type":"LineString","coordinates":[[125.0968206,11.3323158],[125.0966835,11.3319619],[125.096426,11.3313675],[125.0963683,11.3312518],[125.0963529,11.3311071],[125.0963566,11.3307942],[125.0966306,11.3264326],[125.0968004,11.3231684],[125.0970319,11.3199107],[125.0972359,11.3156079]]}},{"type":"Feature","properties":{"u":"8317340400","v":"4953819038","key":"0","osmid":505422644,"name":null,"ref":null,"highway":"residential","length":13.009837273397947,"oneway":false},"geometry":{"type":"LineString","coordinates":[[125.1290787,11.2966419],[125.1291051,11.2965278]]}},{"type":"Feature","properties":{"u":"8317340400","v":"4953819039","key":"0","osmid":505422644,"name":null,"ref":null,"highway":"residential","length":50.071230578753614,"oneway":false},"geometry":{"type":"LineString","coordinates":[[125.1290787,11.2966419],[125.1289585,11.2970765]]}},{"type":"Feature","properties":{"u":"8317340400","v":"4953819037","key":"0","osmid":894788725,"name":null,"ref":null,"highway":"residential","length":53.65419820422166,"oneway":false},"geometry":{"type":"LineString","coordinates":[[125.1290787,11.2966419],[125.1286283,11.2964476]]}},{"type":"Feature","properties":{"u":"8318090266","v":"278505664","key":"0","osmid":245446871,"name":"Basey-Marabut Road","ref":"670","highway":"primary","length":20.466712899029403,"oneway":false},"geometry":{"type":"LineString","coordinates":[[125.1278481,11.2881638],[125.1276657,11.2882072]]}},{"type":"Feature","properties":{"u":"8318090266","v":"278505660","key":"0","osmid":245446871,"name":"Basey-Marabut Road","ref":"670","highway":"primary","length":2333.943731119038,"oneway":false},"geometry":{"type":"LineString","coordinates":[[125.1278481,11.2881638],[125.1282313,11.2880662],[125.1311304,11.2876354],[125.1319847,11.287459],[125.13453,11.2868582],[125.1374754,11.286117],[125.1379315,11.2859684],[125.1401718,11.2851424],[125.1421992,11.2843498],[125.1423923,11.2842868],[125.1427893,11.2842196],[125.1429865,11.2841795],[125.1431715,11.2840992],[125.1433459,11.2839815],[125.143548,11.2837846],[125.1438207,11.2835736],[125.1441295,11.2834609],[125.1448278,11.2832805],[125.1451711,11.2831411],[125.1478273,11.2817304],[125.1479856,11.2816291]]}},{"type":"Feature","properties":{"u":"8318090266","v":"8323308853","key":"0","osmid":894868891,"name":null,"ref":null,"highway":"residential","length":807.4041954317191,"oneway":false},"geometry":{"type":"LineString","coordinates":[[125.1278481,11.2881638],[125.1276228,11.2869985],[125.1274163,11.2862292],[125.1273801,11.2848548],[125.1273022,11.2846878],[125.1272191,11.2846049],[125.126747,11.284597],[125.1244001,11.2845997],[125.1235433,11.284593]]}},{"type":"Feature","properties":{"u":"8318250119","v":"278505356","key":"0","osmid":894884451,"name":"Basey-Sohoton Road","ref":null,"highway":"secondary","length":71.40583123102881,"oneway":false},"geometry":{"type":"LineString","coordinates":[[125.0700791,11.2903576],[125.070129,11.2897173]]}},{"type":"Feature","properties":{"u":"8318250119","v":"1170095477","key":"0","osmid":101337099,"name":null,"ref":null,"highway":"primary_link","length":44.63592117664275,"oneway":false},"geometry":{"type":"LineString","coordinates":[[125.0700791,11.2903576],[125.070141,11.2903102],[125.0702048,11.2902721],[125.0702826,11.2902274],[125.0703577,11.2902169],[125.0704469,11.2902292]]}},{"type":"Feature","properties":{"u":"8318250119","v":"6911608301","key":"0","osmid":894884451,"name":"Basey-Sohoton Road","ref":null,"highway":"secondary","length":521.4602773679754,"oneway":false},"geometry":{"type":"LineString","coordinates":[[125.0700791,11.2903576],[125.0700679,11.2905009],[125.0700177,11.291499],[125.0700001,11.2918987],[125.0700328,11.2920189],[125.0700661,11.2921411],[125.0701732,11.2922598],[125.070299,11.2923638],[125.0717993,11.293335],[125.0724341,11.2938577]]}},{"type":"Feature","properties":{"u":"8318292653","v":"4953819049","key":"0","osmid":894889448,"name":null,"ref":null,"highway":"residential","length":40.11400843904062,"oneway":false},"geometry":{"type":"LineString","coordinates":[[125.1304365,11.2973211],[125.1303031,11.2976573]]}},{"type":"Feature","properties":{"u":"8318300015","v":"2525577703","key":"0","osmid":245346594,"name":null,"ref":null,"highway":"tertiary","length":2658.2645948203544,"oneway":false},"geometry":{"type":"LineString","coordinates":[[125.0800903,11.3052463],[125.0799707,11.3054616],[125.0799488,11.3057275],[125.0798016,11.3060324],[125.0795291,11.3064803],[125.0791082,11.307039],[125.0787991,11.3074275],[125.0785234,11.3077866],[125.0782234,11.3081489],[125.077661,11.3087041],[125.0766781,11.3096062],[125.0754672,11.3106951],[125.0745309,11.3115514],[125.0740457,11.3119738],[125.0735751,11.3124138],[125.0719655,11.313727],[125.0712736,11.3142723],[125.0705614,11.314801],[125.068998,11.3160546],[125.0681092,11.3167442],[125.0672147,11.3174121],[125.0662792,11.3181432],[125.0654816,11.3188689],[125.0648123,11.319397],[125.0642988,11.3198092],[125.0637303,11.3202812],[125.0632503,11.3207629],[125.0628164,11.3213756],[125.062619,11.3216208]]}},{"type":"Feature","properties":{"u":"8318300015","v":"8382868405","key":"0","osmid":[894884450,894884451,1122002634,1411601872,132216408],"name":"Basey-Sohoton Road","ref":null,"highway":"secondary","length":2189.2655819605366,"oneway":false},"geometry":{"type":"LineString","coordinates":[[125.0800903,11.3052463],[125.080305,11.3055715],[125.0816959,11.3077357],[125.0817765,11.3078519],[125.0837861,11.3110149],[125.083938,11.3112073],[125.0842013,11.3113795],[125.0847379,11.3115921],[125.0920382,11.313998],[125.0956278,11.3151029],[125.0958378,11.3151742],[125.0961251,11.3152638]]}},{"type":"Feature","properties":{"u":"8318300015","v":"6911608293","key":"0","osmid":894884451,"name":"Basey-Sohoton Road","ref":null,"highway":"secondary","length":1344.5899983018446,"oneway":false},"geometry":{"type":"LineString","coordinates":[[125.0800903,11.3052463],[125.073696,11.2955604],[125.0733891,11.2950955]]}},{"type":"Feature","properties":{"u":"8318319970","v":"2530994747","key":"0","osmid":894892901,"name":null,"ref":null,"highway":"residential","length":82.95408159120979,"oneway":false},"geometry":{"type":"LineString","coordinates":[[125.0629105,11.3237551],[125.0632866,11.3231066]]}},{"type":"Feature","properties":{"u":"8318319970","v":"8385834861","key":"0","osmid":902879575,"name":null,"ref":null,"highway":"track","length":636.9805930657324,"oneway":false},"geometry":{"type":"LineString","coordinates":[[125.0629105,11.3237551],[125.0630702,11.3240867],[125.0631346,11.3248023],[125.0631238,11.3249338],[125.0630809,11.3249917],[125.063038,11.3250706],[125.0629629,11.3252548],[125.0629307,11.3253811],[125.0629629,11.3261177],[125.0630058,11.3262703],[125.0631346,11.3264702],[125.0633653,11.3266859],[125.0634189,11.3267596],[125.0634886,11.326928],[125.0635316,11.32717],[125.0635798,11.3278224],[125.0635369,11.3281118],[125.063376,11.3285275],[125.0633492,11.3287642],[125.0634618,11.3291799]]}},{"type":"Feature","properties":{"u":"8318319970","v":"8385834839","key":"0","osmid":[894892900,902879575],"name":null,"ref":null,"highway":["track","residential"],"length":105.00105092484426,"oneway":false},"geometry":{"type":"LineString","coordinates":[[125.0629105,11.3237551],[125.062582,11.3234659],[125.062421,11.3231975],[125.062276,11.3230568]]}},{"type":"Feature","properties":{"u":"8318319971","v":"2530994747","key":"0","osmid":246010949,"name":null,"ref":null,"highway":"unclassified","length":57.45835449874151,"oneway":false},"geometry":{"type":"LineString","coordinates":[[125.063577,11.3226754],[125.0632866,11.3231066]]}},{"type":"Feature","properties":{"u":"8318319971","v":"2530994744","key":"0","osmid":246010949,"name":null,"ref":null,"highway":"unclassified","length":42.13130150398698,"oneway":false},"geometry":{"type":"LineString","coordinates":[[125.063577,11.3226754],[125.0637899,11.3223592]]}},{"type":"Feature","properties":{"u":"8318319971","v":"8318319972","key":"0","osmid":894892902,"name":null,"ref":null,"highway":"residential","length":53.9404701976775,"oneway":false},"geometry":{"type":"LineString","coordinates":[[125.063577,11.3226754],[125.0631594,11.3224153]]}},{"type":"Feature","properties":{"u":"8318319972","v":"8318319971","key":"0","osmid":894892902,"name":null,"ref":null,"highway":"residential","length":53.9404701976775,"oneway":false},"geometry":{"type":"LineString","coordinates":[[125.0631594,11.3224153],[125.063577,11.3226754]]}},{"type":"Feature","properties":{"u":"8318319972","v":"8318319973","key":"0","osmid":894892903,"name":null,"ref":null,"highway":"residential","length":39.33778030667314,"oneway":false},"geometry":{"type":"LineString","coordinates":[[125.0631594,11.3224153],[125.0633498,11.3221148]]}},{"type":"Feature","properties":{"u":"8318319972","v":"8318319974","key":"0","osmid":894892903,"name":null,"ref":null,"highway":"residential","length":61.48695110223498,"oneway":false},"geometry":{"type":"LineString","coordinates":[[125.0631594,11.3224153],[125.0628618,11.322885]]}},{"type":"Feature","properties":{"u":"8318319972","v":"8385834838","key":"0","osmid":902879573,"name":null,"ref":null,"highway":"residential","length":66.10279162020635,"oneway":false},"geometry":{"type":"LineString","coordinates":[[125.0631594,11.3224153],[125.0628341,11.3222356],[125.0627858,11.3222882],[125.0627161,11.3224302]]}},{"type":"Feature","properties":{"u":"8318319973","v":"2525577703","key":"0","osmid":245346598,"name":null,"ref":null,"highway":"unclassified","length":96.77938245352075,"oneway":false},"geometry":{"type":"LineString","coordinates":[[125.0633498,11.3221148],[125.062619,11.3216208]]}},{"type":"Feature","properties":{"u":"8318319973","v":"8318319972","key":"0","osmid":894892903,"name":null,"ref":null,"highway":"residential","length":39.33778030667314,"oneway":false},"geometry":{"type":"LineString","coordinates":[[125.0633498,11.3221148],[125.0631594,11.3224153]]}},{"type":"Feature","properties":{"u":"8318319973","v":"2530994744","key":"0","osmid":245346598,"name":null,"ref":null,"highway":"unclassified","length":55.210817479102204,"oneway":false},"geometry":{"type":"LineString","coordinates":[[125.0633498,11.3221148],[125.0634467,11.3221803],[125.0637899,11.3223592]]}},{"type":"Feature","properties":{"u":"8318319974","v":"8318319972","key":"0","osmid":894892903,"name":null,"ref":null,"highway":"residential","length":61.48695110223498,"oneway":false},"geometry":{"type":"LineString","coordinates":[[125.0628618,11.322885],[125.0631594,11.3224153]]}},{"type":"Feature","properties":{"u":"8318319974","v":"2530994747","key":"0","osmid":[245346596,246010949],"name":null,"ref":null,"highway":"unclassified","length":52.5443974843979,"oneway":false},"geometry":{"type":"LineString","coordinates":[[125.0628618,11.322885],[125.0630443,11.322995],[125.0632866,11.3231066]]}},{"type":"Feature","properties":{"u":"8318319974","v":"8385834841","key":"0","osmid":245346596,"name":null,"ref":null,"highway":"unclassified","length":34.26665399533728,"oneway":false},"geometry":{"type":"LineString","coordinates":[[125.0628618,11.322885],[125.0628503,11.3228781],[125.062598,11.3227175]]}},{"type":"Feature","properties":{"u":"8318341302","v":"278505757","key":"0","osmid":387032401,"name":"San Juanico-Basey Road","ref":"670","highway":"primary","length":64.49592796779608,"oneway":false},"geometry":{"type":"LineString","coordinates":[[125.0588736,11.2868629],[125.0584531,11.2872708]]}},{"type":"Feature","properties":{"u":"8318341302","v":"2534977804","key":"0","osmid":387032401,"name":"San Juanico-Basey Road","ref":"670","highway":"primary","length":942.5646443825998,"oneway":false},"geometry":{"type":"LineString","coordinates":[[125.0588736,11.2868629],[125.0602658,11.2854479],[125.0604402,11.285327],[125.0606172,11.2852783],[125.0608049,11.285302],[125.0609565,11.2853677],[125.0613541,11.2857024],[125.0614386,11.2857399],[125.0615472,11.2857537],[125.0616914,11.2857406],[125.0622325,11.2855006],[125.0632008,11.2850251],[125.0633651,11.2848943],[125.0638036,11.2843656],[125.0639183,11.2842498],[125.0641255,11.2841262],[125.0649486,11.2838107],[125.0651402,11.2836852],[125.0652975,11.2835035],[125.0656241,11.2829325]]}},{"type":"Feature","properties":{"u":"8318341302","v":"8318341304","key":"0","osmid":894898766,"name":null,"ref":null,"highway":"service","length":85.60560354545528,"oneway":false},"geometry":{"type":"LineString","coordinates":[[125.0588736,11.2868629],[125.0586243,11.2867053],[125.05823,11.286988]]}},{"type":"Feature","properties":{"u":"8318341304","v":"8318341302","key":"0","osmid":894898766,"name":null,"ref":null,"highway":"service","length":85.60560354545528,"oneway":false},"geometry":{"type":"LineString","coordinates":[[125.05823,11.286988],[125.0586243,11.2867053],[125.0588736,11.2868629]]}},{"type":"Feature","properties":{"u":"8318358823","v":"2534978462","key":"0","osmid":246457393,"name":null,"ref":null,"highway":"residential","length":115.84660599596492,"oneway":false},"geometry":{"type":"LineString","coordinates":[[125.056471,11.2871119],[125.0568319,11.2869594],[125.0569672,11.2869207],[125.0571712,11.2868259],[125.0574432,11.2866956]]}},{"type":"Feature","properties":{"u":"8318358823","v":"1170095219","key":"0","osmid":387032401,"name":"San Juanico-Basey Road","ref":"670","highway":"primary","length":200.14932721516948,"oneway":false},"geometry":{"type":"LineString","coordinates":[[125.056471,11.2871119],[125.0566424,11.2872792],[125.0568347,11.2873947],[125.0570806,11.2874837],[125.0573004,11.2875344],[125.0575509,11.2875749],[125.0576799,11.2875778],[125.057793,11.2875604],[125.0579082,11.2875356],[125.0580029,11.2875102],[125.0581624,11.2874626]]}},{"type":"Feature","properties":{"u":"8318358823","v":"8318358824","key":"0","osmid":387032401,"name":"San Juanico-Basey Road","ref":"670","highway":"primary","length":46.33888643283059,"oneway":false},"geometry":{"type":"LineString","coordinates":[[125.056471,11.2871119],[125.0564274,11.2870753],[125.0562098,11.2867848]]}},{"type":"Feature","properties":{"u":"8318358824","v":"1107290413","key":"0","osmid":95489224,"name":null,"ref":null,"highway":"residential","length":158.32086222948777,"oneway":false},"geometry":{"type":"LineString","coordinates":[[125.0562098,11.2867848],[125.0567801,11.2865411],[125.0575677,11.2862849]]}},{"type":"Feature","properties":{"u":"8318358824","v":"8318358823","key":"0","osmid":387032401,"name":"San Juanico-Basey Road","ref":"670","highway":"primary","length":46.33888643283059,"oneway":false},"geometry":{"type":"LineString","coordinates":[[125.0562098,11.2867848],[125.0564274,11.2870753],[125.056471,11.2871119]]}},{"type":"Feature","properties":{"u":"8318358824","v":"8826495351","key":"0","osmid":387032401,"name":"San Juanico-Basey Road","ref":"670","highway":"primary","length":48.2756838289547,"oneway":false},"geometry":{"type":"LineString","coordinates":[[125.0562098,11.2867848],[125.0561381,11.286578],[125.0560844,11.2863688]]}},{"type":"Feature","properties":{"u":"8318422083","v":"8318422116","key":"0","osmid":902901661,"name":null,"ref":null,"highway":"residential","length":22.966637561119107,"oneway":false},"geometry":{"type":"LineString","coordinates":[[125.0482159,11.3090252],[125.0481055,11.3088493]]}},{"type":"Feature","properties":{"u":"8318422083","v":"8318422095","key":"0","osmid":[902901657,894906587],"name":null,"ref":null,"highway":"residential","length":152.07835261748176,"oneway":false},"geometry":{"type":"LineString","coordinates":[[125.0482159,11.3090252],[125.0477112,11.3093932],[125.0472757,11.3087755]]}},{"type":"Feature","properties":{"u":"8318422083","v":"8318462117","key":"0","osmid":902901661,"name":null,"ref":null,"highway":"residential","length":83.01625228902292,"oneway":false},"geometry":{"type":"LineString","coordinates":[[125.0482159,11.3090252],[125.0483579,11.3092298],[125.0487689,11.3095242]]}},{"type":"Feature","properties":{"u":"8318422085","v":"8318422086","key":"0","osmid":894906588,"name":null,"ref":null,"highway":"residential","length":62.621816913421256,"oneway":false},"geometry":{"type":"LineString","coordinates":[[125.047166,11.3075866],[125.046653,11.3078398]]}},{"type":"Feature","properties":{"u":"8318422085","v":"8318422092","key":"0","osmid":894906599,"name":null,"ref":null,"highway":"residential","length":24.36238699744261,"oneway":false},"geometry":{"type":"LineString","coordinates":[[125.047166,11.3075866],[125.0470827,11.3073833]]}},{"type":"Feature","properties":{"u":"8318422085","v":"8318422087","key":"0","osmid":894906599,"name":null,"ref":null,"highway":"residential","length":24.623089948478608,"oneway":false},"geometry":{"type":"LineString","coordinates":[[125.047166,11.3075866],[125.0472663,11.307785]]}},{"type":"Feature","properties":{"u":"8318422086","v":"8318422085","key":"0","osmid":894906588,"name":null,"ref":null,"highway":"residential","length":62.621816913421256,"oneway":false},"geometry":{"type":"LineString","coordinates":[[125.046653,11.3078398],[125.047166,11.3075866]]}},{"type":"Feature","properties":{"u":"8318422086","v":"8318422088","key":"0","osmid":894906592,"name":null,"ref":null,"highway":"residential","length":25.730688112024037,"oneway":false},"geometry":{"type":"LineString","coordinates":[[125.046653,11.3078398],[125.0467683,11.3080417]]}},{"type":"Feature","properties":{"u":"8318422086","v":"8318422092","key":"0","osmid":[894906592,902901658],"name":null,"ref":null,"highway":"residential","length":88.47850958329849,"oneway":false},"geometry":{"type":"LineString","coordinates":[[125.046653,11.3078398],[125.0465508,11.3076614],[125.0470827,11.3073833]]}},{"type":"Feature","properties":{"u":"8318422087","v":"8318422088","key":"0","osmid":894906589,"name":null,"ref":null,"highway":"residential","length":61.345395090227015,"oneway":false},"geometry":{"type":"LineString","coordinates":[[125.0472663,11.307785],[125.0467683,11.3080417]]}},{"type":"Feature","properties":{"u":"8318422087","v":"8318422085","key":"0","osmid":894906599,"name":null,"ref":null,"highway":"residential","length":24.623089948478608,"oneway":false},"geometry":{"type":"LineString","coordinates":[[125.0472663,11.307785],[125.047166,11.3075866]]}},{"type":"Feature","properties":{"u":"8318422087","v":"8318422096","key":"0","osmid":894906599,"name":null,"ref":null,"highway":"residential","length":26.41414108620581,"oneway":false},"geometry":{"type":"LineString","coordinates":[[125.0472663,11.307785],[125.0473599,11.3080041]]}},{"type":"Feature","properties":{"u":"8318422088","v":"8318422087","key":"0","osmid":894906589,"name":null,"ref":null,"highway":"residential","length":61.345395090227015,"oneway":false},"geometry":{"type":"LineString","coordinates":[[125.0467683,11.3080417],[125.0472663,11.307785]]}},{"type":"Feature","properties":{"u":"8318422088","v":"8318422086","key":"0","osmid":894906592,"name":null,"ref":null,"highway":"residential","length":25.730688112024037,"oneway":false},"geometry":{"type":"LineString","coordinates":[[125.0467683,11.3080417],[125.046653,11.3078398]]}},{"type":"Feature","properties":{"u":"8318422088","v":"8318422097","key":"0","osmid":894906592,"name":null,"ref":null,"highway":"residential","length":26.257053499544924,"oneway":false},"geometry":{"type":"LineString","coordinates":[[125.0467683,11.3080417],[125.046905,11.3082361]]}},{"type":"Feature","properties":{"u":"8318422089","v":"8318422090","key":"0","osmid":894906590,"name":null,"ref":null,"highway":"residential","length":51.42964924261819,"oneway":false},"geometry":{"type":"LineString","coordinates":[[125.0474619,11.3082273],[125.0470333,11.3084204]]}},{"type":"Feature","properties":{"u":"8318422089","v":"8318422096","key":"0","osmid":894906599,"name":null,"ref":null,"highway":"residential","length":27.19673838733197,"oneway":false},"geometry":{"type":"LineString","coordinates":[[125.0474619,11.3082273],[125.0473599,11.3080041]]}},{"type":"Feature","properties":{"u":"8318422089","v":"8318422114","key":"0","osmid":894906599,"name":null,"ref":null,"highway":"residential","length":21.213551890004975,"oneway":false},"geometry":{"type":"LineString","coordinates":[[125.0474619,11.3082273],[125.0475539,11.3083954]]}},{"type":"Feature","properties":{"u":"8318422090","v":"8318422091","key":"0","osmid":894906587,"name":null,"ref":null,"highway":"residential","length":23.022696040919097,"oneway":false},"geometry":{"type":"LineString","coordinates":[[125.0470333,11.3084204],[125.0471519,11.3085917]]}},{"type":"Feature","properties":{"u":"8318422090","v":"8318422097","key":"0","osmid":894906587,"name":null,"ref":null,"highway":"residential","length":24.812815086215533,"oneway":false},"geometry":{"type":"LineString","coordinates":[[125.0470333,11.3084204],[125.046905,11.3082361]]}},{"type":"Feature","properties":{"u":"8318422090","v":"8318422089","key":"0","osmid":894906590,"name":null,"ref":null,"highway":"residential","length":51.42964924261819,"oneway":false},"geometry":{"type":"LineString","coordinates":[[125.0470333,11.3084204],[125.0474619,11.3082273]]}},{"type":"Feature","properties":{"u":"8318422091","v":"8318422095","key":"0","osmid":894906587,"name":null,"ref":null,"highway":"residential","length":24.493106953343947,"oneway":false},"geometry":{"type":"LineString","coordinates":[[125.0471519,11.3085917],[125.0472757,11.3087755]]}},{"type":"Feature","properties":{"u":"8318422091","v":"8318422090","key":"0","osmid":894906587,"name":null,"ref":null,"highway":"residential","length":23.022696040919097,"oneway":false},"geometry":{"type":"LineString","coordinates":[[125.0471519,11.3085917],[125.0470333,11.3084204]]}},{"type":"Feature","properties":{"u":"8318422091","v":"8318422114","key":"0","osmid":894906591,"name":null,"ref":null,"highway":"residential","length":48.96672342465924,"oneway":false},"geometry":{"type":"LineString","coordinates":[[125.0471519,11.3085917],[125.0475539,11.3083954]]}},{"type":"Feature","properties":{"u":"8318422092","v":"8318422112","key":"0","osmid":894906599,"name":null,"ref":null,"highway":"residential","length":24.968001780948473,"oneway":false},"geometry":{"type":"LineString","coordinates":[[125.0470827,11.3073833],[125.0469844,11.3071805]]}},{"type":"Feature","properties":{"u":"8318422092","v":"8318422085","key":"0","osmid":894906599,"name":null,"ref":null,"highway":"residential","length":24.36238699744261,"oneway":false},"geometry":{"type":"LineString","coordinates":[[125.0470827,11.3073833],[125.047166,11.3075866]]}},{"type":"Feature","properties":{"u":"8318422092","v":"8318422086","key":"0","osmid":[894906592,902901658],"name":null,"ref":null,"highway":"residential","length":88.47850958329849,"oneway":false},"geometry":{"type":"LineString","coordinates":[[125.0470827,11.3073833],[125.0465508,11.3076614],[125.046653,11.3078398]]}},{"type":"Feature","properties":{"u":"8318422094","v":"8318422114","key":"0","osmid":894906599,"name":null,"ref":null,"highway":"residential","length":28.421102728026952,"oneway":false},"geometry":{"type":"LineString","coordinates":[[125.0476939,11.308611],[125.0475539,11.3083954]]}},{"type":"Feature","properties":{"u":"8318422094","v":"8318422095","key":"0","osmid":902901659,"name":null,"ref":null,"highway":"residential","length":49.13091055746441,"oneway":false},"geometry":{"type":"LineString","coordinates":[[125.0476939,11.308611],[125.0472757,11.3087755]]}},{"type":"Feature","properties":{"u":"8318422094","v":"8318422116","key":"0","osmid":894906599,"name":null,"ref":null,"highway":"residential","length":54.892071343325924,"oneway":false},"geometry":{"type":"LineString","coordinates":[[125.0476939,11.308611],[125.0477998,11.3087586],[125.0481055,11.3088493]]}},{"type":"Feature","properties":{"u":"8318422095","v":"8318422091","key":"0","osmid":894906587,"name":null,"ref":null,"highway":"residential","length":24.493106953343947,"oneway":false},"geometry":{"type":"LineString","coordinates":[[125.0472757,11.3087755],[125.0471519,11.3085917]]}},{"type":"Feature","properties":{"u":"8318422095","v":"8318422094","key":"0","osmid":902901659,"name":null,"ref":null,"highway":"residential","length":49.13091055746441,"oneway":false},"geometry":{"type":"LineString","coordinates":[[125.0472757,11.3087755],[125.0476939,11.308611]]}},{"type":"Feature","properties":{"u":"8318422095","v":"8318422083","key":"0","osmid":[902901657,894906587],"name":null,"ref":null,"highway":"residential","length":152.07835261748176,"oneway":false},"geometry":{"type":"LineString","coordinates":[[125.0472757,11.3087755],[125.0477112,11.3093932],[125.0482159,11.3090252]]}},{"type":"Feature","properties":{"u":"8318422096","v":"8386034512","key":"0","osmid":894906594,"name":null,"ref":null,"highway":"residential","length":30.60474399949646,"oneway":false},"geometry":{"type":"LineString","coordinates":[[125.0473599,11.3080041],[125.0476126,11.3078843]]}},{"type":"Feature","properties":{"u":"8318422096","v":"8318422097","key":"0","osmid":894906594,"name":null,"ref":null,"highway":"residential","length":55.9081900270359,"oneway":false},"geometry":{"type":"LineString","coordinates":[[125.0473599,11.3080041],[125.046905,11.3082361]]}},{"type":"Feature","properties":{"u":"8318422096","v":"8318422087","key":"0","osmid":894906599,"name":null,"ref":null,"highway":"residential","length":26.41414108620581,"oneway":false},"geometry":{"type":"LineString","coordinates":[[125.0473599,11.3080041],[125.0472663,11.307785]]}},{"type":"Feature","properties":{"u":"8318422096","v":"8318422089","key":"0","osmid":894906599,"name":null,"ref":null,"highway":"residential","length":27.19673838733197,"oneway":false},"geometry":{"type":"LineString","coordinates":[[125.0473599,11.3080041],[125.0474619,11.3082273]]}},{"type":"Feature","properties":{"u":"8318422097","v":"8318422090","key":"0","osmid":894906587,"name":null,"ref":null,"highway":"residential","length":24.812815086215533,"oneway":false},"geometry":{"type":"LineString","coordinates":[[125.046905,11.3082361],[125.0470333,11.3084204]]}},{"type":"Feature","properties":{"u":"8318422097","v":"8318422088","key":"0","osmid":894906592,"name":null,"ref":null,"highway":"residential","length":26.257053499544924,"oneway":false},"geometry":{"type":"LineString","coordinates":[[125.046905,11.3082361],[125.0467683,11.3080417]]}},{"type":"Feature","properties":{"u":"8318422097","v":"8318422096","key":"0","osmid":894906594,"name":null,"ref":null,"highway":"residential","length":55.9081900270359,"oneway":false},"geometry":{"type":"LineString","coordinates":[[125.046905,11.3082361],[125.0473599,11.3080041]]}},{"type":"Feature","properties":{"u":"8318422098","v":"8386034511","key":"0","osmid":894906595,"name":null,"ref":null,"highway":"residential","length":126.11885269420222,"oneway":false},"geometry":{"type":"LineString","coordinates":[[125.0480103,11.3065111],[125.0482008,11.3069149],[125.0481833,11.3073554],[125.0481622,11.307603]]}},{"type":"Feature","properties":{"u":"8318422102","v":"8318422116","key":"0","osmid":894906597,"name":null,"ref":null,"highway":"residential","length":9.162711996391426,"oneway":false},"geometry":{"type":"LineString","coordinates":[[125.04815,11.3087794],[125.0481055,11.3088493]]}},{"type":"Feature","properties":{"u":"8318422102","v":"8386034511","key":"0","osmid":894906595,"name":null,"ref":null,"highway":"residential","length":132.24982878730876,"oneway":false},"geometry":{"type":"LineString","coordinates":[[125.04815,11.3087794],[125.0480814,11.3085495],[125.0481622,11.307603]]}},{"type":"Feature","properties":{"u":"8318422102","v":"8318422103","key":"0","osmid":894906597,"name":null,"ref":null,"highway":"residential","length":150.44799507357925,"oneway":false},"geometry":{"type":"LineString","coordinates":[[125.04815,11.3087794],[125.0482638,11.3086245],[125.0487023,11.3078972],[125.0488644,11.3076227]]}},{"type":"Feature","properties":{"u":"8318422103","v":"8318422103","key":"0","osmid":[894906596,894906598],"name":null,"ref":null,"highway":"residential","length":361.354648740092,"oneway":false},"geometry":{"type":"LineString","coordinates":[[125.0488644,11.3076227],[125.0495325,11.3064914],[125.0497261,11.3065294],[125.0494605,11.3070738],[125.0494029,11.3073277],[125.0492178,11.3076919],[125.0491516,11.3078137],[125.0488644,11.3076227]]}},{"type":"Feature","properties":{"u":"8318422103","v":"8318422103","key":"1","osmid":[894906596,894906598],"name":null,"ref":null,"highway":"residential","length":361.354648740092,"oneway":false},"geometry":{"type":"LineString","coordinates":[[125.0488644,11.3076227],[125.0491516,11.3078137],[125.0492178,11.3076919],[125.0494029,11.3073277],[125.0494605,11.3070738],[125.0497261,11.3065294],[125.0495325,11.3064914],[125.0488644,11.3076227]]}},{"type":"Feature","properties":{"u":"8318422103","v":"8318422102","key":"0","osmid":894906597,"name":null,"ref":null,"highway":"residential","length":150.44799507357925,"oneway":false},"geometry":{"type":"LineString","coordinates":[[125.0488644,11.3076227],[125.0487023,11.3078972],[125.0482638,11.3086245],[125.04815,11.3087794]]}},{"type":"Feature","properties":{"u":"8318422112","v":"8318422092","key":"0","osmid":894906599,"name":null,"ref":null,"highway":"residential","length":24.968001780948473,"oneway":false},"geometry":{"type":"LineString","coordinates":[[125.0469844,11.3071805],[125.0470827,11.3073833]]}},{"type":"Feature","properties":{"u":"8318422114","v":"8318422091","key":"0","osmid":894906591,"name":null,"ref":null,"highway":"residential","length":48.96672342465924,"oneway":false},"geometry":{"type":"LineString","coordinates":[[125.0475539,11.3083954],[125.0471519,11.3085917]]}},{"type":"Feature","properties":{"u":"8318422114","v":"8318422089","key":"0","osmid":894906599,"name":null,"ref":null,"highway":"residential","length":21.213551890004975,"oneway":false},"geometry":{"type":"LineString","coordinates":[[125.0475539,11.3083954],[125.0474619,11.3082273]]}},{"type":"Feature","properties":{"u":"8318422114","v":"8318422094","key":"0","osmid":894906599,"name":null,"ref":null,"highway":"residential","length":28.421102728026952,"oneway":false},"geometry":{"type":"LineString","coordinates":[[125.0475539,11.3083954],[125.0476939,11.308611]]}},{"type":"Feature","properties":{"u":"8318422116","v":"8318422102","key":"0","osmid":894906597,"name":null,"ref":null,"highway":"residential","length":9.162711996391426,"oneway":false},"geometry":{"type":"LineString","coordinates":[[125.0481055,11.3088493],[125.04815,11.3087794]]}},{"type":"Feature","properties":{"u":"8318422116","v":"8318422083","key":"0","osmid":902901661,"name":null,"ref":null,"highway":"residential","length":22.966637561119107,"oneway":false},"geometry":{"type":"LineString","coordinates":[[125.0481055,11.3088493],[125.0482159,11.3090252]]}},{"type":"Feature","properties":{"u":"8318422116","v":"8386051933","key":"0","osmid":902901662,"name":null,"ref":null,"highway":"residential","length":43.05949692079823,"oneway":false},"geometry":{"type":"LineString","coordinates":[[125.0481055,11.3088493],[125.0479161,11.3085095]]}},{"type":"Feature","properties":{"u":"8318422116","v":"8318422094","key":"0","osmid":894906599,"name":null,"ref":null,"highway":"residential","length":54.892071343325924,"oneway":false},"geometry":{"type":"LineString","coordinates":[[125.0481055,11.3088493],[125.0477998,11.3087586],[125.0476939,11.308611]]}},{"type":"Feature","properties":{"u":"8318462117","v":"2525588136","key":"0","osmid":25552377,"name":"Dolongan-Basey Road","ref":"670","highway":"secondary","length":1107.8537486357422,"oneway":false},"geometry":{"type":"LineString","coordinates":[[125.0487689,11.3095242],[125.0427608,11.3175589]]}},{"type":"Feature","properties":{"u":"8318462117","v":"8318462118","key":"0","osmid":[246097552,25552377,246097553],"name":"Dolongan-Basey Road","ref":"670","highway":"secondary","length":464.89374730221164,"oneway":false},"geometry":{"type":"LineString","coordinates":[[125.0487689,11.3095242],[125.0506073,11.3071055],[125.0506849,11.3070003],[125.0509968,11.3065925],[125.0513112,11.3061822],[125.0513157,11.3061716]]}},{"type":"Feature","properties":{"u":"8318462117","v":"8318422083","key":"0","osmid":902901661,"name":null,"ref":null,"highway":"residential","length":83.01625228902292,"oneway":false},"geometry":{"type":"LineString","coordinates":[[125.0487689,11.3095242],[125.0483579,11.3092298],[125.0482159,11.3090252]]}},{"type":"Feature","properties":{"u":"8318462118","v":"8318462119","key":"0","osmid":894906600,"name":null,"ref":null,"highway":"residential","length":73.86158239929837,"oneway":false},"geometry":{"type":"LineString","coordinates":[[125.0513157,11.3061716],[125.0507263,11.3058442]]}},{"type":"Feature","properties":{"u":"8318462118","v":"6660263371","key":"0","osmid":246097553,"name":"Dolongan-Basey Road","ref":"670","highway":"secondary","length":203.68954497339394,"oneway":false},"geometry":{"type":"LineString","coordinates":[[125.0513157,11.3061716],[125.0519183,11.3053487],[125.0523924,11.3047465],[125.0524285,11.3047006]]}},{"type":"Feature","properties":{"u":"8318462118","v":"8318462117","key":"0","osmid":[246097552,246097553,25552377],"name":"Dolongan-Basey Road","ref":"670","highway":"secondary","length":464.89374730221164,"oneway":false},"geometry":{"type":"LineString","coordinates":[[125.0513157,11.3061716],[125.0513112,11.3061822],[125.0509968,11.3065925],[125.0506849,11.3070003],[125.0506073,11.3071055],[125.0487689,11.3095242]]}},{"type":"Feature","properties":{"u":"8318462119","v":"8318462118","key":"0","osmid":894906600,"name":null,"ref":null,"highway":"residential","length":73.86158239929837,"oneway":false},"geometry":{"type":"LineString","coordinates":[[125.0507263,11.3058442],[125.0513157,11.3061716]]}},{"type":"Feature","properties":{"u":"8323129726","v":"4953817669","key":"0","osmid":245374028,"name":"Basey-Marabut Road","ref":"670","highway":"primary","length":103.12394462775443,"oneway":false},"geometry":{"type":"LineString","coordinates":[[125.1528362,11.2719747],[125.1525002,11.2728416]]}},{"type":"Feature","properties":{"u":"8323129726","v":"4953817669","key":"1","osmid":[895404442,505422562],"name":null,"ref":null,"highway":"residential","length":275.8875656820997,"oneway":false},"geometry":{"type":"LineString","coordinates":[[125.1528362,11.2719747],[125.1535178,11.2721581],[125.1532885,11.2727881],[125.1532,11.2731117],[125.1531678,11.2731551],[125.1530954,11.2731472],[125.1525002,11.2728416]]}},{"type":"Feature","properties":{"u":"8323129726","v":"8323154333","key":"0","osmid":245374028,"name":"Basey-Marabut Road","ref":"670","highway":"primary","length":49.238812372394314,"oneway":false},"geometry":{"type":"LineString","coordinates":[[125.1528362,11.2719747],[125.1529861,11.271557]]}},{"type":"Feature","properties":{"u":"8323129726","v":"4953817673","key":"0","osmid":505422563,"name":null,"ref":null,"highway":"residential","length":65.9739963247971,"oneway":false},"geometry":{"type":"LineString","coordinates":[[125.1528362,11.2719747],[125.1522438,11.2718543]]}},{"type":"Feature","properties":{"u":"8323154333","v":"8323129726","key":"0","osmid":245374028,"name":"Basey-Marabut Road","ref":"670","highway":"primary","length":49.238812372394314,"oneway":false},"geometry":{"type":"LineString","coordinates":[[125.1529861,11.271557],[125.1528362,11.2719747]]}},{"type":"Feature","properties":{"u":"8323154333","v":"8444283992","key":"0","osmid":245374028,"name":"Basey-Marabut Road","ref":"670","highway":"primary","length":187.01197881473513,"oneway":false},"geometry":{"type":"LineString","coordinates":[[125.1529861,11.271557],[125.1535911,11.2699833]]}},{"type":"Feature","properties":{"u":"8323154333","v":"4953817673","key":"0","osmid":895405009,"name":null,"ref":null,"highway":"residential","length":127.85109692074133,"oneway":false},"geometry":{"type":"LineString","coordinates":[[125.1529861,11.271557],[125.1523595,11.2713621],[125.1522438,11.2718543]]}},{"type":"Feature","properties":{"u":"8323301366","v":"8444292770","key":"0","osmid":245374028,"name":"Basey-Marabut Road","ref":"670","highway":"primary","length":7.094759599952357,"oneway":false},"geometry":{"type":"LineString","coordinates":[[125.1607901,11.2625201],[125.1607447,11.2625658]]}},{"type":"Feature","properties":{"u":"8323301366","v":"4953817674","key":"0","osmid":505422564,"name":null,"ref":null,"highway":"residential","length":85.84083606864398,"oneway":false},"geometry":{"type":"LineString","coordinates":[[125.1607901,11.2625201],[125.1601607,11.2620565]]}},{"type":"Feature","properties":{"u":"8323301366","v":"2524491241","key":"0","osmid":245374028,"name":"Basey-Marabut Road","ref":"670","highway":"primary","length":229.63881238496066,"oneway":false},"geometry":{"type":"LineString","coordinates":[[125.1607901,11.2625201],[125.1611938,11.2621136],[125.1613001,11.2619937],[125.1613889,11.2618713],[125.1614562,11.2617637],[125.1615125,11.2616656],[125.1615595,11.2615481],[125.1615954,11.2614519],[125.1616523,11.2612303],[125.1616638,11.2611149],[125.1616539,11.261031],[125.1615979,11.2608259],[125.161574,11.2607495]]}},{"type":"Feature","properties":{"u":"8323308853","v":"8318090266","key":"0","osmid":894868891,"name":null,"ref":null,"highway":"residential","length":807.4041954317191,"oneway":false},"geometry":{"type":"LineString","coordinates":[[125.1235433,11.284593],[125.1244001,11.2845997],[125.126747,11.284597],[125.1272191,11.2846049],[125.1273022,11.2846878],[125.1273801,11.2848548],[125.1274163,11.2862292],[125.1276228,11.2869985],[125.1278481,11.2881638]]}},{"type":"Feature","properties":{"u":"8323394305","v":"2524491267","key":"0","osmid":245214941,"name":null,"ref":null,"highway":"residential","length":32.34490035456648,"oneway":false},"geometry":{"type":"LineString","coordinates":[[125.1459513,11.2785854],[125.1460324,11.2788652]]}},{"type":"Feature","properties":{"u":"8323394305","v":"2524491263","key":"0","osmid":245214941,"name":null,"ref":null,"highway":"residential","length":30.91990816221222,"oneway":false},"geometry":{"type":"LineString","coordinates":[[125.1459513,11.2785854],[125.1458728,11.2783182]]}},{"type":"Feature","properties":{"u":"8323394305","v":"8323394306","key":"0","osmid":895428259,"name":null,"ref":null,"highway":"residential","length":33.5298016606344,"oneway":false},"geometry":{"type":"LineString","coordinates":[[125.1459513,11.2785854],[125.1456573,11.2786737]]}},{"type":"Feature","properties":{"u":"8323394306","v":"4504492458","key":"0","osmid":453758746,"name":null,"ref":null,"highway":"residential","length":27.22003286710084,"oneway":false},"geometry":{"type":"LineString","coordinates":[[125.1456573,11.2786737],[125.1457279,11.2789085]]}},{"type":"Feature","properties":{"u":"8323394306","v":"4504492380","key":"0","osmid":453758746,"name":null,"ref":null,"highway":"residential","length":28.134524283927387,"oneway":false},"geometry":{"type":"LineString","coordinates":[[125.1456573,11.2786737],[125.1455894,11.2784296]]}},{"type":"Feature","properties":{"u":"8323394306","v":"8323394305","key":"0","osmid":895428259,"name":null,"ref":null,"highway":"residential","length":33.5298016606344,"oneway":false},"geometry":{"type":"LineString","coordinates":[[125.1456573,11.2786737],[125.1459513,11.2785854]]}},{"type":"Feature","properties":{"u":"8323394306","v":"8323394307","key":"0","osmid":895428259,"name":null,"ref":null,"highway":"residential","length":42.7906142094889,"oneway":false},"geometry":{"type":"LineString","coordinates":[[125.1456573,11.2786737],[125.1452813,11.2787838]]}},{"type":"Feature","properties":{"u":"8323394307","v":"2524491265","key":"0","osmid":505422561,"name":null,"ref":null,"highway":"residential","length":24.191245467245682,"oneway":false},"geometry":{"type":"LineString","coordinates":[[125.1452813,11.2787838],[125.1452076,11.2785786]]}},{"type":"Feature","properties":{"u":"8323394307","v":"2524491269","key":"0","osmid":505422561,"name":null,"ref":null,"highway":"residential","length":23.937226184074696,"oneway":false},"geometry":{"type":"LineString","coordinates":[[125.1452813,11.2787838],[125.1453526,11.2789874]]}},{"type":"Feature","properties":{"u":"8323394307","v":"8323394306","key":"0","osmid":895428259,"name":null,"ref":null,"highway":"residential","length":42.7906142094889,"oneway":false},"geometry":{"type":"LineString","coordinates":[[125.1452813,11.2787838],[125.1456573,11.2786737]]}},{"type":"Feature","properties":{"u":"8323919583","v":"8323919584","key":"0","osmid":895482964,"name":null,"ref":null,"highway":"residential","length":189.6784356892796,"oneway":false},"geometry":{"type":"LineString","coordinates":[[125.0917912,11.2958902],[125.0914371,11.2942201]]}},{"type":"Feature","properties":{"u":"8323919584","v":"8323919583","key":"0","osmid":895482964,"name":null,"ref":null,"highway":"residential","length":189.6784356892796,"oneway":false},"geometry":{"type":"LineString","coordinates":[[125.0914371,11.2942201],[125.0917912,11.2958902]]}},{"type":"Feature","properties":{"u":"8323919584","v":"1170095477","key":"0","osmid":[100573480,61414432,61414431],"name":"Basey-Marabut Road","ref":"670","highway":"primary","length":2341.2674706767166,"oneway":false},"geometry":{"type":"LineString","coordinates":[[125.0914371,11.2942201],[125.0869481,11.2934541],[125.0821299,11.2926182],[125.0717986,11.2908295],[125.07143,11.2907751],[125.0713031,11.2907526],[125.0711563,11.2907191],[125.0709628,11.2906407],[125.0707808,11.2905373],[125.0704469,11.2902292]]}},{"type":"Feature","properties":{"u":"8323919584","v":"8323919588","key":"0","osmid":[100573480,100573477,895481997],"name":"Basey-Marabut Road","ref":"670","highway":"primary","length":224.0899304328502,"oneway":false},"geometry":{"type":"LineString","coordinates":[[125.0914371,11.2942201],[125.0920672,11.2943263],[125.0923642,11.2943762],[125.0934601,11.2945746]]}},{"type":"Feature","properties":{"u":"8323919588","v":"2526489403","key":"0","osmid":895481997,"name":"Basey-Marabut Road","ref":"670","highway":"primary","length":677.6861433510704,"oneway":false},"geometry":{"type":"LineString","coordinates":[[125.0934601,11.2945746],[125.0995776,11.2956496]]}},{"type":"Feature","properties":{"u":"8323919588","v":"8323919584","key":"0","osmid":[100573480,100573477,895481997],"name":"Basey-Marabut Road","ref":"670","highway":"primary","length":224.0899304328502,"oneway":false},"geometry":{"type":"LineString","coordinates":[[125.0934601,11.2945746],[125.0923642,11.2943762],[125.0920672,11.2943263],[125.0914371,11.2942201]]}},{"type":"Feature","properties":{"u":"8323919588","v":"8828848064","key":"0","osmid":[953888432,895482965,953888430,953888431],"name":null,"ref":null,"highway":["residential","path"],"length":448.7341964589222,"oneway":false},"geometry":{"type":"LineString","coordinates":[[125.0934601,11.2945746],[125.093438,11.2950827],[125.0934139,11.2954299],[125.0933468,11.2957153],[125.0931752,11.2961059],[125.0930437,11.2964505],[125.093025,11.2966214],[125.0930384,11.2970765],[125.0931483,11.2975052],[125.0932771,11.2978629],[125.0933294,11.2979452],[125.0933411,11.2980107],[125.0931376,11.298097],[125.0928898,11.2981987]]}},{"type":"Feature","properties":{"u":"8323919589","v":"2526433935","key":"0","osmid":[245453976,387039688],"name":null,"ref":null,"highway":"unclassified","length":1703.5893859592934,"oneway":false},"geometry":{"type":"LineString","coordinates":[[125.1062573,11.288109],[125.1066879,11.2881728],[125.107348,11.2881156],[125.1076494,11.2881586],[125.108159,11.2883159],[125.1094061,11.2886721],[125.1095469,11.288777],[125.1101578,11.2894285],[125.1109742,11.2904611],[125.1114022,11.290831],[125.1121792,11.2913362],[125.1131476,11.291916],[125.1144117,11.2926724],[125.1152731,11.2930672],[125.1157039,11.2931694],[125.1159042,11.2931558],[125.1162331,11.2931335],[125.1167511,11.2929982],[125.1171199,11.2927994],[125.1177843,11.2923246],[125.1185501,11.2917089],[125.1190005,11.2913666],[125.1193356,11.2910877],[125.119488,11.2910656]]}},{"type":"Feature","properties":{"u":"8323919589","v":"8323919589","key":"0","osmid":[245453976,895482966,953626566],"name":null,"ref":null,"highway":["residential","unclassified"],"length":528.9192870484629,"oneway":false},"geometry":{"type":"LineString","coordinates":[[125.1062573,11.288109],[125.1061242,11.2880803],[125.1043549,11.2875995],[125.1042383,11.2880044],[125.1042809,11.2880604],[125.1049179,11.2882282],[125.105799,11.2884702],[125.1059143,11.2884886],[125.1061651,11.2885057],[125.1061946,11.2884939],[125.1062161,11.2884715],[125.1062573,11.288109]]}},{"type":"Feature","properties":{"u":"8323919589","v":"8323919589","key":"1","osmid":[245453976,953626566,895482966],"name":null,"ref":null,"highway":["residential","unclassified"],"length":528.9192870484629,"oneway":false},"geometry":{"type":"LineString","coordinates":[[125.1062573,11.288109],[125.1062161,11.2884715],[125.1061946,11.2884939],[125.1061651,11.2885057],[125.1059143,11.2884886],[125.105799,11.2884702],[125.1049179,11.2882282],[125.1042809,11.2880604],[125.1042383,11.2880044],[125.1043549,11.2875995],[125.1061242,11.2880803],[125.1062573,11.288109]]}},{"type":"Feature","properties":{"u":"8323919603","v":"8323919604","key":"0","osmid":895482968,"name":null,"ref":null,"highway":"residential","length":56.89121305922387,"oneway":false},"geometry":{"type":"LineString","coordinates":[[125.1180097,11.2966727],[125.1179285,11.2961673]]}},{"type":"Feature","properties":{"u":"8323919604","v":"4953817653","key":"0","osmid":505422560,"name":null,"ref":null,"highway":"residential","length":88.05419010300166,"oneway":false},"geometry":{"type":"LineString","coordinates":[[125.1179285,11.2961673],[125.1171272,11.2962655]]}},{"type":"Feature","properties":{"u":"8323919604","v":"8324334643","key":"0","osmid":505422560,"name":null,"ref":null,"highway":"residential","length":105.77036108671952,"oneway":false},"geometry":{"type":"LineString","coordinates":[[125.1179285,11.2961673],[125.118891,11.2960492]]}},{"type":"Feature","properties":{"u":"8323919604","v":"8323919603","key":"0","osmid":895482968,"name":null,"ref":null,"highway":"residential","length":56.89121305922387,"oneway":false},"geometry":{"type":"LineString","coordinates":[[125.1179285,11.2961673],[125.1180097,11.2966727]]}},{"type":"Feature","properties":{"u":"8323919606","v":"4953817653","key":"0","osmid":505422560,"name":null,"ref":null,"highway":"residential","length":31.166090281037935,"oneway":false},"geometry":{"type":"LineString","coordinates":[[125.116843,11.2962953],[125.1171272,11.2962655]]}},{"type":"Feature","properties":{"u":"8323984281","v":"8323984283","key":"0","osmid":156132416,"name":null,"ref":null,"highway":"residential","length":41.62283810287934,"oneway":false},"geometry":{"type":"LineString","coordinates":[[125.0093025,11.2759831],[125.0091784,11.2758898],[125.0090658,11.2756984]]}},{"type":"Feature","properties":{"u":"8323984281","v":"1684194259","key":"0","osmid":156132416,"name":null,"ref":null,"highway":"residential","length":185.7097502011278,"oneway":false},"geometry":{"type":"LineString","coordinates":[[125.0093025,11.2759831],[125.0096094,11.2761619],[125.0098349,11.2762429],[125.0108501,11.276673]]}},{"type":"Feature","properties":{"u":"8323984281","v":"8449239477","key":"0","osmid":895493001,"name":null,"ref":null,"highway":"residential","length":65.61467686544032,"oneway":false},"geometry":{"type":"LineString","coordinates":[[125.0093025,11.2759831],[125.0091094,11.2763192],[125.0090086,11.276498]]}},{"type":"Feature","properties":{"u":"8323984283","v":"1684194256","key":"0","osmid":156132416,"name":null,"ref":null,"highway":"residential","length":130.64417052780635,"oneway":false},"geometry":{"type":"LineString","coordinates":[[125.0090658,11.2756984],[125.0089377,11.2754761],[125.0088485,11.275144],[125.008815,11.2751243],[125.0087862,11.2751296],[125.0086594,11.2752177],[125.0085823,11.2752249],[125.0085394,11.2752394],[125.008367,11.2754044]]}},{"type":"Feature","properties":{"u":"8323984283","v":"8323984281","key":"0","osmid":156132416,"name":null,"ref":null,"highway":"residential","length":41.62283810287934,"oneway":false},"geometry":{"type":"LineString","coordinates":[[125.0090658,11.2756984],[125.0091784,11.2758898],[125.0093025,11.2759831]]}},{"type":"Feature","properties":{"u":"8323984283","v":"8324105580","key":"0","osmid":895493002,"name":null,"ref":null,"highway":"residential","length":107.7476274340403,"oneway":false},"geometry":{"type":"LineString","coordinates":[[125.0090658,11.2756984],[125.0088505,11.2759075],[125.0085112,11.2763323],[125.0084337,11.2764405]]}},{"type":"Feature","properties":{"u":"8323984287","v":"1684194220","key":"0","osmid":895493003,"name":null,"ref":null,"highway":"residential","length":53.118113970391,"oneway":false},"geometry":{"type":"LineString","coordinates":[[124.9964319,11.2823047],[124.9959449,11.2823151]]}},{"type":"Feature","properties":{"u":"8323984288","v":"1684194046","key":"0","osmid":895493004,"name":null,"ref":null,"highway":"residential","length":49.89392770647924,"oneway":false},"geometry":{"type":"LineString","coordinates":[[124.9964346,11.2821192],[124.9959771,11.2821257]]}},{"type":"Feature","properties":{"u":"8323984289","v":"8323984290","key":"0","osmid":895493005,"name":null,"ref":null,"highway":"residential","length":47.94863785720498,"oneway":false},"geometry":{"type":"LineString","coordinates":[[124.9964306,11.281941],[124.9959909,11.2819437]]}},{"type":"Feature","properties":{"u":"8323984290","v":"1684194046","key":"0","osmid":156132408,"name":null,"ref":null,"highway":"tertiary","length":20.293377264222094,"oneway":false},"geometry":{"type":"LineString","coordinates":[[124.9959909,11.2819437],[124.9959771,11.2821257]]}},{"type":"Feature","properties":{"u":"8323984290","v":"8323984292","key":"0","osmid":156132408,"name":null,"ref":null,"highway":"tertiary","length":20.159502005319535,"oneway":false},"geometry":{"type":"LineString","coordinates":[[124.9959909,11.2819437],[124.9960046,11.2817629]]}},{"type":"Feature","properties":{"u":"8323984290","v":"8323984289","key":"0","osmid":895493005,"name":null,"ref":null,"highway":"residential","length":47.94863785720498,"oneway":false},"geometry":{"type":"LineString","coordinates":[[124.9959909,11.2819437],[124.9964306,11.281941]]}},{"type":"Feature","properties":{"u":"8323984291","v":"8323984292","key":"0","osmid":895493006,"name":null,"ref":null,"highway":"residential","length":49.75061856396077,"oneway":false},"geometry":{"type":"LineString","coordinates":[[124.9964608,11.2817575],[124.9960046,11.2817629]]}},{"type":"Feature","properties":{"u":"8323984292","v":"8323984290","key":"0","osmid":156132408,"name":null,"ref":null,"highway":"tertiary","length":20.159502005319535,"oneway":false},"geometry":{"type":"LineString","coordinates":[[124.9960046,11.2817629],[124.9959909,11.2819437]]}},{"type":"Feature","properties":{"u":"8323984292","v":"8323984294","key":"0","osmid":156132408,"name":null,"ref":null,"highway":"tertiary","length":19.535289558154755,"oneway":false},"geometry":{"type":"LineString","coordinates":[[124.9960046,11.2817629],[124.9960179,11.2815877]]}},{"type":"Feature","properties":{"u":"8323984292","v":"8323984291","key":"0","osmid":895493006,"name":null,"ref":null,"highway":"residential","length":49.75061856396077,"oneway":false},"geometry":{"type":"LineString","coordinates":[[124.9960046,11.2817629],[124.9964608,11.2817575]]}},{"type":"Feature","properties":{"u":"8323984293","v":"8323984294","key":"0","osmid":895493007,"name":null,"ref":null,"highway":"residential","length":45.88247641223424,"oneway":false},"geometry":{"type":"LineString","coordinates":[[124.9964386,11.2815807],[124.9960179,11.2815877]]}},{"type":"Feature","properties":{"u":"8323984294","v":"8323984292","key":"0","osmid":156132408,"name":null,"ref":null,"highway":"tertiary","length":19.535289558154755,"oneway":false},"geometry":{"type":"LineString","coordinates":[[124.9960179,11.2815877],[124.9960046,11.2817629]]}},{"type":"Feature","properties":{"u":"8323984294","v":"8323984296","key":"0","osmid":156132408,"name":null,"ref":null,"highway":"tertiary","length":19.501215393030026,"oneway":false},"geometry":{"type":"LineString","coordinates":[[124.9960179,11.2815877],[124.9960311,11.2814128]]}},{"type":"Feature","properties":{"u":"8323984294","v":"8323984293","key":"0","osmid":895493007,"name":null,"ref":null,"highway":"residential","length":45.88247641223424,"oneway":false},"geometry":{"type":"LineString","coordinates":[[124.9960179,11.2815877],[124.9964386,11.2815807]]}},{"type":"Feature","properties":{"u":"8323984295","v":"8323984296","key":"0","osmid":895493008,"name":null,"ref":null,"highway":"residential","length":42.843684544552964,"oneway":false},"geometry":{"type":"LineString","coordinates":[[124.9964239,11.2814044],[124.9960311,11.2814128]]}},{"type":"Feature","properties":{"u":"8323984296","v":"8323984294","key":"0","osmid":156132408,"name":null,"ref":null,"highway":"tertiary","length":19.501215393030026,"oneway":false},"geometry":{"type":"LineString","coordinates":[[124.9960311,11.2814128],[124.9960179,11.2815877]]}},{"type":"Feature","properties":{"u":"8323984296","v":"8323984295","key":"0","osmid":895493008,"name":null,"ref":null,"highway":"residential","length":42.843684544552964,"oneway":false},"geometry":{"type":"LineString","coordinates":[[124.9960311,11.2814128],[124.9964239,11.2814044]]}},{"type":"Feature","properties":{"u":"8323984296","v":"8324079199","key":"0","osmid":156132408,"name":null,"ref":null,"highway":"tertiary","length":66.40830047968552,"oneway":false},"geometry":{"type":"LineString","coordinates":[[124.9960311,11.2814128],[124.9960361,11.2813471],[124.9960294,11.2808158]]}},{"type":"Feature","properties":{"u":"8323984297","v":"8323984298","key":"0","osmid":895493009,"name":null,"ref":null,"highway":"residential","length":229.55604987930607,"oneway":false},"geometry":{"type":"LineString","coordinates":[[124.9940287,11.2814708],[124.9942861,11.2816444],[124.9944927,11.2817273],[124.9946992,11.2818049],[124.994844,11.2818996],[124.9949822,11.2820877],[124.9954187,11.2829018]]}},{"type":"Feature","properties":{"u":"8323984298","v":"8323984299","key":"0","osmid":895493009,"name":null,"ref":null,"highway":"residential","length":12.28523197978271,"oneway":false},"geometry":{"type":"LineString","coordinates":[[124.9954187,11.2829018],[124.9954683,11.283001]]}},{"type":"Feature","properties":{"u":"8323984298","v":"8323984297","key":"0","osmid":895493009,"name":null,"ref":null,"highway":"residential","length":229.55604987930604,"oneway":false},"geometry":{"type":"LineString","coordinates":[[124.9954187,11.2829018],[124.9949822,11.2820877],[124.994844,11.2818996],[124.9946992,11.2818049],[124.9944927,11.2817273],[124.9942861,11.2816444],[124.9940287,11.2814708]]}},{"type":"Feature","properties":{"u":"8323984298","v":"8324079194","key":"0","osmid":895504608,"name":null,"ref":null,"highway":"residential","length":84.04795728860135,"oneway":false},"geometry":{"type":"LineString","coordinates":[[124.9954187,11.2829018],[124.9954033,11.2827499],[124.9953845,11.2825138],[124.9953912,11.282281],[124.9953912,11.2821475]]}},{"type":"Feature","properties":{"u":"8323984299","v":"8323984298","key":"0","osmid":895493009,"name":null,"ref":null,"highway":"residential","length":12.28523197978271,"oneway":false},"geometry":{"type":"LineString","coordinates":[[124.9954683,11.283001],[124.9954187,11.2829018]]}},{"type":"Feature","properties":{"u":"8323984299","v":"1684194031","key":"0","osmid":156132408,"name":null,"ref":null,"highway":"tertiary","length":2202.5680040369107,"oneway":false},"geometry":{"type":"LineString","coordinates":[[124.9954683,11.283001],[124.9952207,11.2832463],[124.9948666,11.2835724],[124.9930362,11.2850738],[124.9925038,11.2855551],[124.992351,11.2857609],[124.9922491,11.2859608],[124.9922075,11.2862028],[124.9921471,11.2864159],[124.9920181,11.2866289],[124.9918575,11.2868025],[124.9916697,11.2869814],[124.9914712,11.2871024],[124.9912352,11.2871491],[124.9909924,11.2871464],[124.990738,11.2871168],[124.9905613,11.2870879],[124.9903887,11.2870146],[124.9900175,11.2868288],[124.9897546,11.2867236],[124.9894032,11.286579],[124.9890894,11.2864462],[124.9888574,11.2863712],[124.9885543,11.2864475],[124.9882659,11.2864922],[124.987928,11.2865316],[124.9875766,11.2865027],[124.9871984,11.2865159],[124.9862744,11.2863738],[124.9860437,11.2863541],[124.9858654,11.286387],[124.9856535,11.2864514],[124.9855019,11.2864856],[124.9852994,11.2865053],[124.9851237,11.2864882],[124.9849628,11.286433],[124.9846221,11.2863738],[124.9843633,11.2863594],[124.9841112,11.286383],[124.9836592,11.2864527],[124.9831791,11.286558],[124.9829297,11.2866014],[124.9827124,11.2866092],[124.9824217,11.2865937],[124.9821264,11.2865803],[124.9819167,11.28661],[124.9817334,11.2866697],[124.9815208,11.2867671],[124.9813022,11.2869137],[124.9811004,11.2870978],[124.9809797,11.2872563],[124.9808865,11.2873852],[124.9807745,11.2874878],[124.980682,11.2875338],[124.980578,11.2875331],[124.98046,11.2874865],[124.9803253,11.2874049],[124.9800778,11.2872392],[124.9798666,11.2871406],[124.9796735,11.2871182],[124.9794113,11.2871603],[124.9791236,11.2872142],[124.9789868,11.2872609],[124.9787816,11.2873937],[124.9786603,11.2874707],[124.978492,11.2875476],[124.9783753,11.2875726],[124.9782439,11.2875805],[124.9781178,11.2875588],[124.9779875,11.2875429]]}},{"type":"Feature","properties":{"u":"8323984299","v":"1684194236","key":"0","osmid":156132408,"name":null,"ref":null,"highway":"tertiary","length":79.6565794434604,"oneway":false},"geometry":{"type":"LineString","coordinates":[[124.9954683,11.283001],[124.9957518,11.2827202],[124.995843,11.2825729],[124.9959234,11.2824466]]}},{"type":"Feature","properties":{"u":"8323984299","v":"8324079204","key":"0","osmid":895504610,"name":null,"ref":null,"highway":"residential","length":121.2112444653512,"oneway":false},"geometry":{"type":"LineString","coordinates":[[124.9954683,11.283001],[124.9955361,11.2831648],[124.995752,11.2834975],[124.9958043,11.2835607],[124.9959183,11.2836619],[124.9960832,11.2838987]]}},{"type":"Feature","properties":{"u":"8323984303","v":"8324105581","key":"0","osmid":895493011,"name":null,"ref":null,"highway":"residential","length":19.426850667194188,"oneway":false},"geometry":{"type":"LineString","coordinates":[[125.000529,11.276794],[125.0006137,11.2766403]]}},{"type":"Feature","properties":{"u":"8323984307","v":"8324004029","key":"0","osmid":245682711,"name":null,"ref":null,"highway":"tertiary","length":88.73790727723426,"oneway":false},"geometry":{"type":"LineString","coordinates":[[125.0008772,11.2758657],[125.0000718,11.2757517]]}},{"type":"Feature","properties":{"u":"8323984307","v":"8324093597","key":"0","osmid":245682711,"name":null,"ref":null,"highway":"tertiary","length":633.6554498843012,"oneway":false},"geometry":{"type":"LineString","coordinates":[[125.0008772,11.2758657],[125.0027732,11.2761568],[125.0047521,11.2764425],[125.005818,11.276599],[125.0066259,11.2766938]]}},{"type":"Feature","properties":{"u":"8323984307","v":"8324105581","key":"0","osmid":895493011,"name":null,"ref":null,"highway":"residential","length":92.28322381711988,"oneway":false},"geometry":{"type":"LineString","coordinates":[[125.0008772,11.2758657],[125.0008482,11.2760824],[125.0008388,11.2761982],[125.0008053,11.2762929],[125.0006137,11.2766403]]}},{"type":"Feature","properties":{"u":"8323984311","v":"8323984313","key":"0","osmid":895493012,"name":null,"ref":null,"highway":"residential","length":98.31236730608757,"oneway":false},"geometry":{"type":"LineString","coordinates":[[125.0003032,11.2770495],[125.0001977,11.2773503],[125.0001937,11.2774529],[125.0002393,11.2775002],[125.0006249,11.2776252]]}},{"type":"Feature","properties":{"u":"8323984311","v":"8323984313","key":"1","osmid":895493013,"name":null,"ref":null,"highway":"residential","length":78.77110018295774,"oneway":false},"geometry":{"type":"LineString","coordinates":[[125.0003032,11.2770495],[125.0004559,11.2771096],[125.0004955,11.2771557],[125.0005129,11.277205],[125.0006202,11.277591],[125.0006249,11.2776252]]}},{"type":"Feature","properties":{"u":"8323984311","v":"8324004024","key":"0","osmid":895493013,"name":null,"ref":null,"highway":"residential","length":141.88041607866808,"oneway":false},"geometry":{"type":"LineString","coordinates":[[125.0003032,11.2770495],[124.9997076,11.276815],[124.9996801,11.2767946],[124.9996653,11.2767631],[124.9997149,11.2765513],[124.9997411,11.2765059],[124.9997954,11.2763882],[124.9998289,11.2763744],[124.9999335,11.2763922],[124.9999731,11.2763843]]}},{"type":"Feature","properties":{"u":"8323984313","v":"8323984311","key":"0","osmid":895493012,"name":null,"ref":null,"highway":"residential","length":98.31236730608757,"oneway":false},"geometry":{"type":"LineString","coordinates":[[125.0006249,11.2776252],[125.0002393,11.2775002],[125.0001937,11.2774529],[125.0001977,11.2773503],[125.0003032,11.2770495]]}},{"type":"Feature","properties":{"u":"8323984313","v":"8323984311","key":"1","osmid":895493013,"name":null,"ref":null,"highway":"residential","length":78.77110018295774,"oneway":false},"geometry":{"type":"LineString","coordinates":[[125.0006249,11.2776252],[125.0006202,11.277591],[125.0005129,11.277205],[125.0004955,11.2771557],[125.0004559,11.2771096],[125.0003032,11.2770495]]}},{"type":"Feature","properties":{"u":"8323984313","v":"8324004028","key":"0","osmid":895493013,"name":null,"ref":null,"highway":"residential","length":24.020445803337395,"oneway":false},"geometry":{"type":"LineString","coordinates":[[125.0006249,11.2776252],[125.0006604,11.2776403],[125.0008328,11.2776962]]}},{"type":"Feature","properties":{"u":"8324004024","v":"8324105581","key":"0","osmid":895507098,"name":null,"ref":null,"highway":"residential","length":75.43362496750966,"oneway":false},"geometry":{"type":"LineString","coordinates":[[124.9999731,11.2763843],[125.0006137,11.2766403]]}},{"type":"Feature","properties":{"u":"8324004024","v":"8323984311","key":"0","osmid":895493013,"name":null,"ref":null,"highway":"residential","length":141.88041607866808,"oneway":false},"geometry":{"type":"LineString","coordinates":[[124.9999731,11.2763843],[124.9999335,11.2763922],[124.9998289,11.2763744],[124.9997954,11.2763882],[124.9997411,11.2765059],[124.9997149,11.2765513],[124.9996653,11.2767631],[124.9996801,11.2767946],[124.9997076,11.276815],[125.0003032,11.2770495]]}},{"type":"Feature","properties":{"u":"8324004024","v":"8324004029","key":"0","osmid":895493013,"name":null,"ref":null,"highway":"residential","length":71.50273828756022,"oneway":false},"geometry":{"type":"LineString","coordinates":[[124.9999731,11.2763843],[124.9999899,11.2763606],[125.0000718,11.2757517]]}},{"type":"Feature","properties":{"u":"8324004028","v":"8323984313","key":"0","osmid":895493013,"name":null,"ref":null,"highway":"residential","length":24.020445803337395,"oneway":false},"geometry":{"type":"LineString","coordinates":[[125.0008328,11.2776962],[125.0006604,11.2776403],[125.0006249,11.2776252]]}},{"type":"Feature","properties":{"u":"8324004029","v":"1684194231","key":"0","osmid":245682711,"name":null,"ref":null,"highway":"tertiary","length":62.587078879213244,"oneway":false},"geometry":{"type":"LineString","coordinates":[[125.0000718,11.2757517],[124.9995051,11.2756626]]}},{"type":"Feature","properties":{"u":"8324004029","v":"8323984307","key":"0","osmid":245682711,"name":null,"ref":null,"highway":"tertiary","length":88.73790727723426,"oneway":false},"geometry":{"type":"LineString","coordinates":[[125.0000718,11.2757517],[125.0008772,11.2758657]]}},{"type":"Feature","properties":{"u":"8324004029","v":"8324004024","key":"0","osmid":895493013,"name":null,"ref":null,"highway":"residential","length":71.50273828756022,"oneway":false},"geometry":{"type":"LineString","coordinates":[[125.0000718,11.2757517],[124.9999899,11.2763606],[124.9999731,11.2763843]]}},{"type":"Feature","properties":{"u":"8324004030","v":"12843549158","key":"0","osmid":895493014,"name":null,"ref":null,"highway":"unclassified","length":299.05048335813274,"oneway":false},"geometry":{"type":"LineString","coordinates":[[125.0000167,11.2700587],[124.9996278,11.2706795],[124.9994735,11.2710162],[124.9993837,11.271149],[124.9991932,11.2713792],[124.9989907,11.2716633],[124.9988593,11.272025],[124.9988271,11.2721473],[124.9988063,11.2724255]]}},{"type":"Feature","properties":{"u":"8324004046","v":"1684194044","key":"0","osmid":760477290,"name":null,"ref":null,"highway":"tertiary","length":45.58747077319991,"oneway":false},"geometry":{"type":"LineString","coordinates":[[124.9982946,11.2754983],[124.9984012,11.2755128],[124.9987087,11.2755545]]}},{"type":"Feature","properties":{"u":"8324004046","v":"2523654509","key":"0","osmid":[895493014,1393582470],"name":null,"ref":null,"highway":["service","unclassified"],"length":92.93416913530521,"oneway":false},"geometry":{"type":"LineString","coordinates":[[124.9982946,11.2754983],[124.9983628,11.2751319],[124.9984743,11.2749062],[124.9985432,11.2747047]]}},{"type":"Feature","properties":{"u":"8324079194","v":"8323984298","key":"0","osmid":895504608,"name":null,"ref":null,"highway":"residential","length":84.04795728860137,"oneway":false},"geometry":{"type":"LineString","coordinates":[[124.9953912,11.2821475],[124.9953912,11.282281],[124.9953845,11.2825138],[124.9954033,11.2827499],[124.9954187,11.2829018]]}},{"type":"Feature","properties":{"u":"8324079198","v":"8324079199","key":"0","osmid":895504609,"name":null,"ref":null,"highway":"residential","length":103.7767269110128,"oneway":false},"geometry":{"type":"LineString","coordinates":[[124.9953188,11.2814366],[124.9960294,11.2808158]]}},{"type":"Feature","properties":{"u":"8324079199","v":"8324079198","key":"0","osmid":895504609,"name":null,"ref":null,"highway":"residential","length":103.7767269110128,"oneway":false},"geometry":{"type":"LineString","coordinates":[[124.9960294,11.2808158],[124.9953188,11.2814366]]}},{"type":"Feature","properties":{"u":"8324079199","v":"8323984296","key":"0","osmid":156132408,"name":null,"ref":null,"highway":"tertiary","length":66.40830047968552,"oneway":false},"geometry":{"type":"LineString","coordinates":[[124.9960294,11.2808158],[124.9960361,11.2813471],[124.9960311,11.2814128]]}},{"type":"Feature","properties":{"u":"8324079199","v":"8324093626","key":"0","osmid":156132408,"name":null,"ref":null,"highway":"tertiary","length":496.01263381359854,"oneway":false},"geometry":{"type":"LineString","coordinates":[[124.9960294,11.2808158],[124.9960254,11.280679],[124.9960575,11.280537],[124.9961355,11.2804193],[124.9970012,11.2797492],[124.9971461,11.2796421],[124.9975596,11.2793323],[124.9976926,11.2792422],[124.9978709,11.2791784],[124.9984876,11.2788167],[124.998746,11.278655],[124.9989651,11.2784642],[124.9991421,11.2783064],[124.9992065,11.2781591],[124.9992351,11.2779247]]}},{"type":"Feature","properties":{"u":"8324079204","v":"8323984299","key":"0","osmid":895504610,"name":null,"ref":null,"highway":"residential","length":121.21124446535121,"oneway":false},"geometry":{"type":"LineString","coordinates":[[124.9960832,11.2838987],[124.9959183,11.2836619],[124.9958043,11.2835607],[124.995752,11.2834975],[124.9955361,11.2831648],[124.9954683,11.283001]]}},{"type":"Feature","properties":{"u":"8324079210","v":"8324079211","key":"0","osmid":895504611,"name":null,"ref":null,"highway":"residential","length":72.49586140417213,"oneway":false},"geometry":{"type":"LineString","coordinates":[[125.0084576,11.2798821],[125.0088476,11.2793541]]}},{"type":"Feature","properties":{"u":"8324079211","v":"8324079210","key":"0","osmid":895504611,"name":null,"ref":null,"highway":"residential","length":72.49586140417213,"oneway":false},"geometry":{"type":"LineString","coordinates":[[125.0088476,11.2793541],[125.0084576,11.2798821]]}},{"type":"Feature","properties":{"u":"8324079211","v":"8324079214","key":"0","osmid":895504612,"name":null,"ref":null,"highway":"residential","length":25.43706215968327,"oneway":false},"geometry":{"type":"LineString","coordinates":[[125.0088476,11.2793541],[125.0090246,11.2795031]]}},{"type":"Feature","properties":{"u":"8324079211","v":"8324079212","key":"0","osmid":895504612,"name":null,"ref":null,"highway":"residential","length":109.19500148650661,"oneway":false},"geometry":{"type":"LineString","coordinates":[[125.0088476,11.2793541],[125.0086836,11.2792159],[125.0082153,11.2798339]]}},{"type":"Feature","properties":{"u":"8324079212","v":"8324079211","key":"0","osmid":895504612,"name":null,"ref":null,"highway":"residential","length":109.19500148650661,"oneway":false},"geometry":{"type":"LineString","coordinates":[[125.0082153,11.2798339],[125.0086836,11.2792159],[125.0088476,11.2793541]]}},{"type":"Feature","properties":{"u":"8324079214","v":"8324079211","key":"0","osmid":895504612,"name":null,"ref":null,"highway":"residential","length":25.43706215968327,"oneway":false},"geometry":{"type":"LineString","coordinates":[[125.0090246,11.2795031],[125.0088476,11.2793541]]}},{"type":"Feature","properties":{"u":"8324079214","v":"8324079215","key":"0","osmid":895504613,"name":null,"ref":null,"highway":"residential","length":71.20779751943418,"oneway":false},"geometry":{"type":"LineString","coordinates":[[125.0090246,11.2795031],[125.0089699,11.2795743],[125.0089015,11.2797348],[125.0088807,11.2797821],[125.0088837,11.2798206],[125.0089176,11.2798834],[125.0089525,11.2799044],[125.0090095,11.2798998],[125.0091309,11.2798859]]}},{"type":"Feature","properties":{"u":"8324079214","v":"8324093527","key":"0","osmid":895504613,"name":null,"ref":null,"highway":"residential","length":108.16968241197688,"oneway":false},"geometry":{"type":"LineString","coordinates":[[125.0090246,11.2795031],[125.0091939,11.2792823],[125.0092743,11.2792126],[125.0095768,11.2790456],[125.0096512,11.2790167],[125.009825,11.2789909]]}},{"type":"Feature","properties":{"u":"8324079215","v":"8324079214","key":"0","osmid":895504613,"name":null,"ref":null,"highway":"residential","length":71.20779751943418,"oneway":false},"geometry":{"type":"LineString","coordinates":[[125.0091309,11.2798859],[125.0090095,11.2798998],[125.0089525,11.2799044],[125.0089176,11.2798834],[125.0088837,11.2798206],[125.0088807,11.2797821],[125.0089015,11.2797348],[125.0089699,11.2795743],[125.0090246,11.2795031]]}},{"type":"Feature","properties":{"u":"8324079215","v":"8324093528","key":"0","osmid":895504614,"name":null,"ref":null,"highway":"residential","length":617.281879903154,"oneway":false},"geometry":{"type":"LineString","coordinates":[[125.0091309,11.2798859],[125.0090209,11.280103],[125.0088224,11.2805397],[125.0088116,11.2806107],[125.0088143,11.2807317],[125.0089042,11.2808724],[125.0089726,11.281292],[125.0090396,11.2816786],[125.0090826,11.2819943],[125.0090611,11.2821758],[125.0090423,11.2826466],[125.0090209,11.2827518],[125.0089726,11.2828807],[125.0089216,11.2830201],[125.008758,11.2830885],[125.0085461,11.2831924],[125.008412,11.2832845],[125.0082041,11.2835449],[125.0081344,11.2836554],[125.0081062,11.283779],[125.0081129,11.2839302],[125.0081532,11.2840394],[125.0081854,11.2841512],[125.0081786,11.2842525],[125.0080298,11.2844787],[125.0077696,11.2847614]]}},{"type":"Feature","properties":{"u":"8324079215","v":"8324093527","key":"0","osmid":895504614,"name":null,"ref":null,"highway":"residential","length":134.07548174885898,"oneway":false},"geometry":{"type":"LineString","coordinates":[[125.0091309,11.2798859],[125.0091577,11.2796559],[125.0092596,11.2794112],[125.0093642,11.279306],[125.0096646,11.2791324],[125.0098054,11.2790456],[125.009825,11.2789909]]}},{"type":"Feature","properties":{"u":"8324093527","v":"8324079214","key":"0","osmid":895504613,"name":null,"ref":null,"highway":"residential","length":108.16968241197688,"oneway":false},"geometry":{"type":"LineString","coordinates":[[125.009825,11.2789909],[125.0096512,11.2790167],[125.0095768,11.2790456],[125.0092743,11.2792126],[125.0091939,11.2792823],[125.0090246,11.2795031]]}},{"type":"Feature","properties":{"u":"8324093527","v":"8324079215","key":"0","osmid":895504614,"name":null,"ref":null,"highway":"residential","length":134.07548174885898,"oneway":false},"geometry":{"type":"LineString","coordinates":[[125.009825,11.2789909],[125.0098054,11.2790456],[125.0096646,11.2791324],[125.0093642,11.279306],[125.0092596,11.2794112],[125.0091577,11.2796559],[125.0091309,11.2798859]]}},{"type":"Feature","properties":{"u":"8324093527","v":"8324093560","key":"0","osmid":895504614,"name":null,"ref":null,"highway":"residential","length":171.61592360911305,"oneway":false},"geometry":{"type":"LineString","coordinates":[[125.009825,11.2789909],[125.0099435,11.2785458],[125.010104,11.2781174],[125.0103389,11.2775343]]}},{"type":"Feature","properties":{"u":"8324093528","v":"8324079215","key":"0","osmid":895504614,"name":null,"ref":null,"highway":"residential","length":617.281879903154,"oneway":false},"geometry":{"type":"LineString","coordinates":[[125.0077696,11.2847614],[125.0080298,11.2844787],[125.0081786,11.2842525],[125.0081854,11.2841512],[125.0081532,11.2840394],[125.0081129,11.2839302],[125.0081062,11.283779],[125.0081344,11.2836554],[125.0082041,11.2835449],[125.008412,11.2832845],[125.0085461,11.2831924],[125.008758,11.2830885],[125.0089216,11.2830201],[125.0089726,11.2828807],[125.0090209,11.2827518],[125.0090423,11.2826466],[125.0090611,11.2821758],[125.0090826,11.2819943],[125.0090396,11.2816786],[125.0089726,11.281292],[125.0089042,11.2808724],[125.0088143,11.2807317],[125.0088116,11.2806107],[125.0088224,11.2805397],[125.0090209,11.280103],[125.0091309,11.2798859]]}},{"type":"Feature","properties":{"u":"8324093560","v":"1684194114","key":"0","osmid":245682711,"name":null,"ref":null,"highway":"tertiary","length":16.6169664519668,"oneway":false},"geometry":{"type":"LineString","coordinates":[[125.0103389,11.2775343],[125.0104863,11.2775722]]}},{"type":"Feature","properties":{"u":"8324093560","v":"1684194024","key":"0","osmid":245682711,"name":null,"ref":null,"highway":"tertiary","length":185.94935315909913,"oneway":false},"geometry":{"type":"LineString","coordinates":[[125.0103389,11.2775343],[125.0093212,11.2772168],[125.0087157,11.277022]]}},{"type":"Feature","properties":{"u":"8324093560","v":"8324093527","key":"0","osmid":895504614,"name":null,"ref":null,"highway":"residential","length":171.61592360911305,"oneway":false},"geometry":{"type":"LineString","coordinates":[[125.0103389,11.2775343],[125.010104,11.2781174],[125.0099435,11.2785458],[125.009825,11.2789909]]}},{"type":"Feature","properties":{"u":"8324093582","v":"8324093583","key":"0","osmid":895504616,"name":null,"ref":null,"highway":"unclassified","length":65.18633851469434,"oneway":false},"geometry":{"type":"LineString","coordinates":[[125.00634,11.2710806],[125.0067168,11.2715357]]}},{"type":"Feature","properties":{"u":"8324093583","v":"8324093582","key":"0","osmid":895504616,"name":null,"ref":null,"highway":"unclassified","length":65.18633851469434,"oneway":false},"geometry":{"type":"LineString","coordinates":[[125.0067168,11.2715357],[125.00634,11.2710806]]}},{"type":"Feature","properties":{"u":"8324093583","v":"8324093591","key":"0","osmid":895504615,"name":null,"ref":null,"highway":"residential","length":443.6143267628124,"oneway":false},"geometry":{"type":"LineString","coordinates":[[125.0067168,11.2715357],[125.0068094,11.2716567],[125.0068429,11.2717251],[125.0068805,11.2719013],[125.0069019,11.271954],[125.0070575,11.2721289],[125.0071044,11.2722301],[125.0072493,11.2725905],[125.0074759,11.2730193],[125.007783,11.2735316],[125.007891,11.2736868],[125.0078903,11.2737111],[125.0078689,11.2737374],[125.0072003,11.2742622],[125.0071024,11.2743023],[125.0069536,11.2743444],[125.0066189,11.2745279]]}},{"type":"Feature","properties":{"u":"8324093583","v":"8324093591","key":"1","osmid":895504616,"name":null,"ref":null,"highway":"unclassified","length":375.2221189697075,"oneway":false},"geometry":{"type":"LineString","coordinates":[[125.0067168,11.2715357],[125.006222,11.2718487],[125.006108,11.2719316],[125.0060865,11.2719881],[125.0061616,11.2725195],[125.0062153,11.2729299],[125.0062796,11.2732797],[125.0064138,11.2737926],[125.0066189,11.2745279]]}},{"type":"Feature","properties":{"u":"8324093591","v":"8324093583","key":"0","osmid":895504615,"name":null,"ref":null,"highway":"residential","length":443.6143267628124,"oneway":false},"geometry":{"type":"LineString","coordinates":[[125.0066189,11.2745279],[125.0069536,11.2743444],[125.0071024,11.2743023],[125.0072003,11.2742622],[125.0078689,11.2737374],[125.0078903,11.2737111],[125.007891,11.2736868],[125.007783,11.2735316],[125.0074759,11.2730193],[125.0072493,11.2725905],[125.0071044,11.2722301],[125.0070575,11.2721289],[125.0069019,11.271954],[125.0068805,11.2719013],[125.0068429,11.2717251],[125.0068094,11.2716567],[125.0067168,11.2715357]]}},{"type":"Feature","properties":{"u":"8324093591","v":"8324093583","key":"1","osmid":895504616,"name":null,"ref":null,"highway":"unclassified","length":375.22211896970754,"oneway":false},"geometry":{"type":"LineString","coordinates":[[125.0066189,11.2745279],[125.0064138,11.2737926],[125.0062796,11.2732797],[125.0062153,11.2729299],[125.0061616,11.2725195],[125.0060865,11.2719881],[125.006108,11.2719316],[125.006222,11.2718487],[125.0067168,11.2715357]]}},{"type":"Feature","properties":{"u":"8324093591","v":"8324093597","key":"0","osmid":895504616,"name":null,"ref":null,"highway":"unclassified","length":245.93790907443673,"oneway":false},"geometry":{"type":"LineString","coordinates":[[125.0066189,11.2745279],[125.006796,11.2751539],[125.0068335,11.2753998],[125.0068134,11.275751],[125.0067745,11.275997],[125.0067034,11.2762455],[125.0066259,11.2766938]]}},{"type":"Feature","properties":{"u":"8324093597","v":"8323984307","key":"0","osmid":245682711,"name":null,"ref":null,"highway":"tertiary","length":633.6554498843012,"oneway":false},"geometry":{"type":"LineString","coordinates":[[125.0066259,11.2766938],[125.005818,11.276599],[125.0047521,11.2764425],[125.0027732,11.2761568],[125.0008772,11.2758657]]}},{"type":"Feature","properties":{"u":"8324093597","v":"1684194063","key":"0","osmid":245682711,"name":null,"ref":null,"highway":"tertiary","length":169.8251968462973,"oneway":false},"geometry":{"type":"LineString","coordinates":[[125.0066259,11.2766938],[125.0067738,11.2767195],[125.0081638,11.2769342]]}},{"type":"Feature","properties":{"u":"8324093597","v":"8324093591","key":"0","osmid":895504616,"name":null,"ref":null,"highway":"unclassified","length":245.93790907443673,"oneway":false},"geometry":{"type":"LineString","coordinates":[[125.0066259,11.2766938],[125.0067034,11.2762455],[125.0067745,11.275997],[125.0068134,11.275751],[125.0068335,11.2753998],[125.006796,11.2751539],[125.0066189,11.2745279]]}},{"type":"Feature","properties":{"u":"8324093598","v":"8324093616","key":"0","osmid":895504617,"name":null,"ref":null,"highway":"residential","length":107.15255086312132,"oneway":false},"geometry":{"type":"LineString","coordinates":[[125.0006618,11.2779862],[125.0008519,11.2780359],[125.0008767,11.2780497],[125.000875,11.278075],[125.000761,11.2783538],[125.0007446,11.278367],[125.0007281,11.2783673],[125.0005632,11.2783328],[125.0004713,11.2783196],[125.0003453,11.2783183]]}},{"type":"Feature","properties":{"u":"8324093607","v":"8324093616","key":"0","osmid":895504618,"name":null,"ref":null,"highway":"residential","length":93.38251039577598,"oneway":false},"geometry":{"type":"LineString","coordinates":[[125.0002125,11.2791252],[125.0002608,11.2789805],[125.0002722,11.2788661],[125.0002876,11.2787096],[125.000297,11.2786392],[125.0002836,11.2785491],[125.0002715,11.2785169],[125.0002722,11.2784788],[125.0003466,11.2783584],[125.0003453,11.2783183]]}},{"type":"Feature","properties":{"u":"8324093616","v":"8324093598","key":"0","osmid":895504617,"name":null,"ref":null,"highway":"residential","length":107.15255086312132,"oneway":false},"geometry":{"type":"LineString","coordinates":[[125.0003453,11.2783183],[125.0004713,11.2783196],[125.0005632,11.2783328],[125.0007281,11.2783673],[125.0007446,11.278367],[125.000761,11.2783538],[125.000875,11.278075],[125.0008767,11.2780497],[125.0008519,11.2780359],[125.0006618,11.2779862]]}},{"type":"Feature","properties":{"u":"8324093616","v":"8324093607","key":"0","osmid":895504618,"name":null,"ref":null,"highway":"residential","length":93.382510395776,"oneway":false},"geometry":{"type":"LineString","coordinates":[[125.0003453,11.2783183],[125.0003466,11.2783584],[125.0002722,11.2784788],[125.0002715,11.2785169],[125.0002836,11.2785491],[125.000297,11.2786392],[125.0002876,11.2787096],[125.0002722,11.2788661],[125.0002608,11.2789805],[125.0002125,11.2791252]]}},{"type":"Feature","properties":{"u":"8324093616","v":"8324093626","key":"0","osmid":895504618,"name":null,"ref":null,"highway":"residential","length":131.86535845381795,"oneway":false},"geometry":{"type":"LineString","coordinates":[[125.0003453,11.2783183],[125.0003251,11.2782959],[125.0002229,11.2782706],[125.0001086,11.278271],[124.9999697,11.2782637],[124.9999007,11.2782295],[124.9996747,11.2780921],[124.9995553,11.2780566],[124.9993803,11.2779593],[124.9993414,11.2779408],[124.9992351,11.2779247]]}},{"type":"Feature","properties":{"u":"8324093626","v":"8324079199","key":"0","osmid":156132408,"name":null,"ref":null,"highway":"tertiary","length":496.0126338135985,"oneway":false},"geometry":{"type":"LineString","coordinates":[[124.9992351,11.2779247],[124.9992065,11.2781591],[124.9991421,11.2783064],[124.9989651,11.2784642],[124.998746,11.278655],[124.9984876,11.2788167],[124.9978709,11.2791784],[124.9976926,11.2792422],[124.9975596,11.2793323],[124.9971461,11.2796421],[124.9970012,11.2797492],[124.9961355,11.2804193],[124.9960575,11.280537],[124.9960254,11.280679],[124.9960294,11.2808158]]}},{"type":"Feature","properties":{"u":"8324093626","v":"1684194086","key":"0","osmid":[156132408,156132415],"name":null,"ref":null,"highway":"tertiary","length":140.46347309418206,"oneway":false},"geometry":{"type":"LineString","coordinates":[[124.9992351,11.2779247],[124.9992655,11.2776751],[124.9994076,11.2766729]]}},{"type":"Feature","properties":{"u":"8324093626","v":"8324093616","key":"0","osmid":895504618,"name":null,"ref":null,"highway":"residential","length":131.86535845381792,"oneway":false},"geometry":{"type":"LineString","coordinates":[[124.9992351,11.2779247],[124.9993414,11.2779408],[124.9993803,11.2779593],[124.9995553,11.2780566],[124.9996747,11.2780921],[124.9999007,11.2782295],[124.9999697,11.2782637],[125.0001086,11.278271],[125.0002229,11.2782706],[125.0003251,11.2782959],[125.0003453,11.2783183]]}},{"type":"Feature","properties":{"u":"8324105579","v":"8324105580","key":"0","osmid":895507097,"name":null,"ref":null,"highway":"residential","length":40.4458590642583,"oneway":false},"geometry":{"type":"LineString","coordinates":[[125.0087553,11.2766217],[125.0084337,11.2764405]]}},{"type":"Feature","properties":{"u":"8324105580","v":"8324105579","key":"0","osmid":895507097,"name":null,"ref":null,"highway":"residential","length":40.4458590642583,"oneway":false},"geometry":{"type":"LineString","coordinates":[[125.0084337,11.2764405],[125.0087553,11.2766217]]}},{"type":"Feature","properties":{"u":"8324105580","v":"8323984283","key":"0","osmid":895493002,"name":null,"ref":null,"highway":"residential","length":107.74762743404028,"oneway":false},"geometry":{"type":"LineString","coordinates":[[125.0084337,11.2764405],[125.0085112,11.2763323],[125.0088505,11.2759075],[125.0090658,11.2756984]]}},{"type":"Feature","properties":{"u":"8324105580","v":"1684194063","key":"0","osmid":895493002,"name":null,"ref":null,"highway":"residential","length":62.647743011961694,"oneway":false},"geometry":{"type":"LineString","coordinates":[[125.0084337,11.2764405],[125.0082886,11.2766427],[125.0081638,11.2769342]]}},{"type":"Feature","properties":{"u":"8324105581","v":"8323984303","key":"0","osmid":895493011,"name":null,"ref":null,"highway":"residential","length":19.426850667194188,"oneway":false},"geometry":{"type":"LineString","coordinates":[[125.0006137,11.2766403],[125.000529,11.276794]]}},{"type":"Feature","properties":{"u":"8324105581","v":"8324004024","key":"0","osmid":895507098,"name":null,"ref":null,"highway":"residential","length":75.43362496750966,"oneway":false},"geometry":{"type":"LineString","coordinates":[[125.0006137,11.2766403],[124.9999731,11.2763843]]}},{"type":"Feature","properties":{"u":"8324105581","v":"8323984307","key":"0","osmid":895493011,"name":null,"ref":null,"highway":"residential","length":92.28322381711988,"oneway":false},"geometry":{"type":"LineString","coordinates":[[125.0006137,11.2766403],[125.0008053,11.2762929],[125.0008388,11.2761982],[125.0008482,11.2760824],[125.0008772,11.2758657]]}},{"type":"Feature","properties":{"u":"8324162053","v":"1684194663","key":"0","osmid":156132485,"name":null,"ref":null,"highway":"residential","length":471.7702669377214,"oneway":false},"geometry":{"type":"LineString","coordinates":[[125.0526819,11.2814182],[125.0525933,11.2814603],[125.0511825,11.281939],[125.0505943,11.2819736],[125.0500518,11.2820696],[125.0496909,11.2820771],[125.0488032,11.2820416],[125.0484585,11.2820258]]}},{"type":"Feature","properties":{"u":"8324334643","v":"8323919604","key":"0","osmid":505422560,"name":null,"ref":null,"highway":"residential","length":105.77036108671952,"oneway":false},"geometry":{"type":"LineString","coordinates":[[125.118891,11.2960492],[125.1179285,11.2961673]]}},{"type":"Feature","properties":{"u":"8324334643","v":"2526403117","key":"0","osmid":505422560,"name":null,"ref":null,"highway":"residential","length":101.70664658174198,"oneway":false},"geometry":{"type":"LineString","coordinates":[[125.118891,11.2960492],[125.1190446,11.2960304],[125.1198216,11.2959928]]}},{"type":"Feature","properties":{"u":"8324334643","v":"4953817651","key":"0","osmid":895482969,"name":null,"ref":null,"highway":"residential","length":229.6152022056382,"oneway":false},"geometry":{"type":"LineString","coordinates":[[125.118891,11.2960492],[125.1188238,11.2957304],[125.1188131,11.295714],[125.1187956,11.2957061],[125.1170665,11.2958424]]}},{"type":"Feature","properties":{"u":"8332835829","v":"2525588401","key":"0","osmid":245348115,"name":null,"ref":null,"highway":"tertiary","length":1202.3942274665615,"oneway":false},"geometry":{"type":"LineString","coordinates":[[125.0417995,11.3386067],[125.0418605,11.3386063],[125.0419758,11.3385865],[125.0420509,11.3385563],[125.0421609,11.3384761],[125.0422588,11.3384103],[125.0424479,11.3383328],[125.0425673,11.3383065],[125.0426745,11.338313],[125.0427912,11.3383604],[125.043156,11.3385261],[125.0433075,11.338555],[125.0434859,11.3385616],[125.0435784,11.3385931],[125.0438265,11.3388272],[125.0439365,11.3389547],[125.0440197,11.3390889],[125.0441055,11.3391967],[125.0441846,11.3392361],[125.0442718,11.3392401],[125.0443925,11.3392388],[125.0445695,11.3392309],[125.0447412,11.3392033],[125.0448773,11.3390967],[125.0449678,11.3390612],[125.0450805,11.3389639],[125.0452629,11.3389087],[125.0455029,11.3388969],[125.0461896,11.3388114],[125.046376,11.3387917],[125.0465342,11.3388601],[125.0466952,11.3389547],[125.046891,11.3393492],[125.04706,11.3396569],[125.0472853,11.3398673],[125.0474328,11.3399685],[125.0475897,11.3400303],[125.047874,11.3400382],[125.0480859,11.3401638],[125.0483313,11.3403249],[125.0485043,11.3404406],[125.0487001,11.3404459],[125.0488919,11.3404169],[125.0491762,11.3402973],[125.0495987,11.3401921],[125.049891,11.3402026],[125.0501217,11.3402828],[125.0503899,11.3403985],[125.0504738,11.3404504],[125.0505388,11.3405353],[125.0506541,11.3407798],[125.0507158,11.3411349],[125.0508354,11.3413482]]}},{"type":"Feature","properties":{"u":"8332835829","v":"4848524338","key":"0","osmid":245348115,"name":null,"ref":null,"highway":"tertiary","length":845.8846490416668,"oneway":false},"geometry":{"type":"LineString","coordinates":[[125.0417995,11.3386067],[125.0416607,11.3386076],[125.0414354,11.3385655],[125.041261,11.3384748],[125.0411336,11.3383722],[125.0410089,11.3383775],[125.0408372,11.3383985],[125.0406227,11.3384406],[125.0405328,11.3384406],[125.040455,11.3384156],[125.0401828,11.3383222],[125.0397965,11.3381986],[125.0395994,11.338146],[125.0393996,11.3379909],[125.0391367,11.3378134],[125.0389865,11.3376148],[125.0389154,11.3374557],[125.0388953,11.3373019],[125.0389463,11.3371454],[125.0389664,11.33691],[125.0388578,11.3366115],[125.0387357,11.3362802],[125.0386284,11.3360237],[125.0384943,11.3359067],[125.0384125,11.3358817],[125.0380518,11.3358673],[125.0377902,11.3358304],[125.0375086,11.3357082],[125.0372793,11.3355267],[125.0368635,11.3350546],[125.0365752,11.3346917],[125.0365779,11.3346141],[125.0366262,11.3345523],[125.0366771,11.3344853],[125.0366825,11.3344235]]}},{"type":"Feature","properties":{"u":"8332835829","v":"8385853149","key":"0","osmid":[896400868,902880572],"name":null,"ref":null,"highway":["track","residential"],"length":1701.6172879658138,"oneway":false},"geometry":{"type":"LineString","coordinates":[[125.0417995,11.3386067],[125.0419343,11.3387535],[125.0421106,11.3388673],[125.0423111,11.3388916],[125.0424815,11.3388573],[125.0427604,11.3391637],[125.0428409,11.3392374],[125.0429321,11.3392584],[125.0430179,11.3393425],[125.0430823,11.3395213],[125.0431574,11.3396581],[125.0432164,11.3398369],[125.043549,11.340184],[125.0435972,11.3402366],[125.0436455,11.3402891],[125.0437153,11.3403628],[125.0437635,11.3404154],[125.0438172,11.340489],[125.0438977,11.3408571],[125.0439406,11.3409307],[125.0440479,11.3410464],[125.0441283,11.3411779],[125.0442785,11.341546],[125.0443751,11.341851],[125.0444931,11.3420982],[125.044536,11.3422454],[125.0445682,11.3424611],[125.0446916,11.3427818],[125.0450242,11.3431079],[125.0454265,11.3434287],[125.0456679,11.3435917],[125.0457269,11.3436653],[125.0458235,11.3438967],[125.0459093,11.3440229],[125.0460702,11.3441281],[125.046258,11.3442228],[125.0463653,11.3443122],[125.0465316,11.3444962],[125.0466067,11.3445278],[125.0468159,11.3445699],[125.0469339,11.3445751],[125.0470466,11.3446225],[125.047127,11.3447855],[125.0472665,11.3449906],[125.0474703,11.3451063],[125.0475615,11.3451852],[125.0477117,11.3454954],[125.0478137,11.3458373],[125.0478566,11.3459109],[125.0479263,11.345974],[125.0483447,11.3461528],[125.0486237,11.3463],[125.0487846,11.3463579],[125.0490689,11.3464262],[125.0492889,11.3466366],[125.0493908,11.3466997],[125.0495732,11.3467418],[125.0498146,11.3467628],[125.0501311,11.3468312],[125.0502598,11.3469258],[125.0504208,11.3471046],[125.0505227,11.3472624],[125.0506353,11.3475148],[125.0506407,11.3476673],[125.050689,11.3477883],[125.0507534,11.3478935],[125.0509626,11.3481512],[125.0510162,11.3481985],[125.0513274,11.3482037],[125.0514293,11.3482248],[125.0515312,11.3482826],[125.0519228,11.348798]]}},{"type":"Feature","properties":{"u":"8332945171","v":"2531225052","key":"0","osmid":246032712,"name":null,"ref":null,"highway":"unclassified","length":1098.8931116500182,"oneway":false},"geometry":{"type":"LineString","coordinates":[[125.0401399,11.3085888],[125.0396678,11.3088781],[125.0395779,11.3089018],[125.0394747,11.3088702],[125.0390884,11.3087177],[125.0388497,11.3087571],[125.0386673,11.3088518],[125.0383937,11.3091911],[125.0382543,11.3092832],[125.0381148,11.3093095],[125.0379056,11.3092621],[125.0377312,11.3092069],[125.0375059,11.3091858],[125.0373343,11.3091701],[125.0372297,11.3092043],[125.0370634,11.3093752],[125.0366744,11.309754],[125.0365001,11.3098407],[125.0362238,11.3098039],[125.0359395,11.309775],[125.0356525,11.3098223],[125.0354111,11.3099749],[125.0348559,11.31033],[125.0346976,11.310372],[125.0345448,11.3103273],[125.0343168,11.310109],[125.0342417,11.3099538],[125.0342417,11.3097329],[125.0341827,11.3096093],[125.0340593,11.3095409],[125.033893,11.3095672],[125.0336382,11.3096672],[125.0333673,11.3097513],[125.0332251,11.3097697],[125.0330213,11.3098066],[125.0328657,11.3098776],[125.0326914,11.309988],[125.032407,11.3103273],[125.0321978,11.3106955],[125.0320369,11.3108981],[125.0319886,11.3109691]]}},{"type":"Feature","properties":{"u":"8333022335","v":"2539850294","key":"0","osmid":896420447,"name":null,"ref":null,"highway":"residential","length":122.97110539281758,"oneway":false},"geometry":{"type":"LineString","coordinates":[[125.0310217,11.3103405],[125.0311571,11.310372],[125.0311866,11.3103865],[125.0312135,11.3104115],[125.0313114,11.3105614],[125.0314106,11.3107179],[125.0315434,11.3109178],[125.031644,11.3110887],[125.0316748,11.3111282],[125.0317258,11.3111453]]}},{"type":"Feature","properties":{"u":"8333022344","v":"2539850294","key":"0","osmid":[953887560,247044705,896427015],"name":null,"ref":null,"highway":["track","residential"],"length":456.4322276930097,"oneway":false},"geometry":{"type":"LineString","coordinates":[[125.0285742,11.3134124],[125.0289872,11.3134203],[125.0293145,11.3134098],[125.0293815,11.3133809],[125.0294459,11.3133309],[125.0295505,11.3132888],[125.0296417,11.3132441],[125.0298643,11.3129942],[125.0299233,11.3129653],[125.0300413,11.3129706],[125.030103,11.3129311],[125.0302264,11.3128049],[125.0303847,11.312534],[125.0305697,11.3122683],[125.0307226,11.3121184],[125.0312591,11.3117791],[125.0315085,11.3114898],[125.0316641,11.3112321],[125.0317258,11.3111453]]}},{"type":"Feature","properties":{"u":"8333600243","v":"1684194031","key":"0","osmid":156132408,"name":null,"ref":null,"highway":"tertiary","length":6.2648272946277554,"oneway":false},"geometry":{"type":"LineString","coordinates":[[124.9779301,11.2875453],[124.9779875,11.2875429]]}},{"type":"Feature","properties":{"u":"8333600243","v":"8793755126","key":"0","osmid":[156132408,721048639],"name":null,"ref":null,"highway":"tertiary","length":236.53642543038796,"oneway":false},"geometry":{"type":"LineString","coordinates":[[124.9779301,11.2875453],[124.9778121,11.2875501],[124.9775311,11.2876758],[124.9771274,11.2878139],[124.9770585,11.2878469],[124.9769135,11.2881625],[124.9766295,11.2887362],[124.9765973,11.2888138],[124.9765775,11.2889351],[124.9765842,11.2889577]]}},{"type":"Feature","properties":{"u":"8333600243","v":"8333600264","key":"0","osmid":896489023,"name":null,"ref":null,"highway":"service","length":286.7336826407474,"oneway":false},"geometry":{"type":"LineString","coordinates":[[124.9779301,11.2875453],[124.9778174,11.2871669],[124.9777825,11.2870064],[124.9777718,11.2869117],[124.9778,11.2867789],[124.9778,11.2866895],[124.9777865,11.2866211],[124.977804,11.2864659],[124.9778268,11.2863633],[124.9778469,11.2862936],[124.9778482,11.2862476],[124.9778375,11.286216],[124.977808,11.2861752],[124.9777463,11.2860727],[124.9777356,11.2860043],[124.9777624,11.2858727],[124.9778442,11.2857202],[124.9779421,11.2856084],[124.9779716,11.2855426],[124.9779689,11.2854703],[124.9779166,11.2853914],[124.9776806,11.2852217]]}},{"type":"Feature","properties":{"u":"8333600264","v":"8333600243","key":"0","osmid":896489023,"name":null,"ref":null,"highway":"service","length":286.7336826407474,"oneway":false},"geometry":{"type":"LineString","coordinates":[[124.9776806,11.2852217],[124.9779166,11.2853914],[124.9779689,11.2854703],[124.9779716,11.2855426],[124.9779421,11.2856084],[124.9778442,11.2857202],[124.9777624,11.2858727],[124.9777356,11.2860043],[124.9777463,11.2860727],[124.977808,11.2861752],[124.9778375,11.286216],[124.9778482,11.2862476],[124.9778469,11.2862936],[124.9778268,11.2863633],[124.977804,11.2864659],[124.9777865,11.2866211],[124.9778,11.2866895],[124.9778,11.2867789],[124.9777718,11.2869117],[124.9777825,11.2870064],[124.9778174,11.2871669],[124.9779301,11.2875453]]}},{"type":"Feature","properties":{"u":"8336727302","v":"2532616801","key":"0","osmid":[896880563,949888759],"name":null,"ref":null,"highway":"residential","length":73.5937613440409,"oneway":false},"geometry":{"type":"LineString","coordinates":[[125.0167349,11.2957883],[125.0168375,11.295933],[125.0169126,11.296029],[125.016985,11.2960898],[125.017066,11.2961385],[125.0170869,11.296111],[125.0171815,11.2960013]]}},{"type":"Feature","properties":{"u":"8336727310","v":"8336729221","key":"0","osmid":896880564,"name":null,"ref":null,"highway":"residential","length":192.86281335912545,"oneway":false},"geometry":{"type":"LineString","coordinates":[[125.0193514,11.2880165],[125.0194989,11.2879191],[125.0196625,11.2878047],[125.0197725,11.2876877],[125.0198503,11.2875772],[125.0199321,11.2874786],[125.020026,11.2873234],[125.0201091,11.2871958],[125.0202204,11.2869643],[125.0202754,11.2868933],[125.0203633,11.2868742],[125.0205438,11.2868652]]}},{"type":"Feature","properties":{"u":"8336729221","v":"2526452750","key":"0","osmid":387032401,"name":"San Juanico-Basey Road","ref":"670","highway":"primary","length":205.57449625693587,"oneway":false},"geometry":{"type":"LineString","coordinates":[[125.0205438,11.2868652],[125.0205096,11.2866701],[125.0204111,11.2863359],[125.0200179,11.2855032],[125.0199831,11.2852928],[125.0199782,11.2851998],[125.0199841,11.285121]]}},{"type":"Feature","properties":{"u":"8336729221","v":"2525668742","key":"0","osmid":387032401,"name":"San Juanico-Basey Road","ref":"670","highway":"primary","length":218.4319960497219,"oneway":false},"geometry":{"type":"LineString","coordinates":[[125.0205438,11.2868652],[125.0205542,11.2869242],[125.0207086,11.2888227]]}},{"type":"Feature","properties":{"u":"8336729221","v":"8336727310","key":"0","osmid":896880564,"name":null,"ref":null,"highway":"residential","length":192.86281335912543,"oneway":false},"geometry":{"type":"LineString","coordinates":[[125.0205438,11.2868652],[125.0203633,11.2868742],[125.0202754,11.2868933],[125.0202204,11.2869643],[125.0201091,11.2871958],[125.020026,11.2873234],[125.0199321,11.2874786],[125.0198503,11.2875772],[125.0197725,11.2876877],[125.0196625,11.2878047],[125.0194989,11.2879191],[125.0193514,11.2880165]]}},{"type":"Feature","properties":{"u":"8348855992","v":"8348855997","key":"0","osmid":245069687,"name":null,"ref":null,"highway":"tertiary","length":352.6184942768024,"oneway":false},"geometry":{"type":"LineString","coordinates":[[125.0766154,11.267208],[125.076947,11.2669203],[125.0775324,11.266392],[125.0776573,11.2663181],[125.0783694,11.265888],[125.0791311,11.265233]]}},{"type":"Feature","properties":{"u":"8348855992","v":"2523234657","key":"0","osmid":245069687,"name":null,"ref":null,"highway":"tertiary","length":94.93886663468642,"oneway":false},"geometry":{"type":"LineString","coordinates":[[125.0766154,11.267208],[125.0765552,11.2672602],[125.0760247,11.2678346]]}},{"type":"Feature","properties":{"u":"8348855992","v":"8348855996","key":"0","osmid":898427725,"name":null,"ref":null,"highway":"residential","length":133.16729544764286,"oneway":false},"geometry":{"type":"LineString","coordinates":[[125.0766154,11.267208],[125.0763805,11.2670001],[125.076353,11.2670053],[125.0763309,11.2670205],[125.0757714,11.2676477]]}},{"type":"Feature","properties":{"u":"8348855996","v":"2523234471","key":"0","osmid":245069688,"name":null,"ref":null,"highway":"residential","length":77.61027486513969,"oneway":false},"geometry":{"type":"LineString","coordinates":[[125.0757714,11.2676477],[125.0752023,11.2672286]]}},{"type":"Feature","properties":{"u":"8348855996","v":"2523234657","key":"0","osmid":245069688,"name":null,"ref":null,"highway":"residential","length":34.56770861304335,"oneway":false},"geometry":{"type":"LineString","coordinates":[[125.0757714,11.2676477],[125.0760247,11.2678346]]}},{"type":"Feature","properties":{"u":"8348855996","v":"8348855992","key":"0","osmid":898427725,"name":null,"ref":null,"highway":"residential","length":133.16729544764286,"oneway":false},"geometry":{"type":"LineString","coordinates":[[125.0757714,11.2676477],[125.0763309,11.2670205],[125.076353,11.2670053],[125.0763805,11.2670001],[125.0766154,11.267208]]}},{"type":"Feature","properties":{"u":"8348855996","v":"8382572672","key":"0","osmid":902514747,"name":null,"ref":null,"highway":"residential","length":69.43903800330202,"oneway":false},"geometry":{"type":"LineString","coordinates":[[125.0757714,11.2676477],[125.0757567,11.2676532],[125.0753651,11.2681259]]}},{"type":"Feature","properties":{"u":"8348855997","v":"8348855992","key":"0","osmid":245069687,"name":null,"ref":null,"highway":"tertiary","length":352.6184942768024,"oneway":false},"geometry":{"type":"LineString","coordinates":[[125.0791311,11.265233],[125.0783694,11.265888],[125.0776573,11.2663181],[125.0775324,11.266392],[125.076947,11.2669203],[125.0766154,11.267208]]}},{"type":"Feature","properties":{"u":"8348912269","v":"1107290265","key":"0","osmid":95489166,"name":null,"ref":null,"highway":"residential","length":58.310662239324,"oneway":false},"geometry":{"type":"LineString","coordinates":[[125.0684652,11.2845849],[125.0689993,11.2846105]]}},{"type":"Feature","properties":{"u":"8348912269","v":"1107290307","key":"0","osmid":325737545,"name":"Basey-Sohoton Road","ref":"670","highway":"primary","length":41.05401012785795,"oneway":false},"geometry":{"type":"LineString","coordinates":[[125.0684652,11.2845849],[125.0683669,11.2842285]]}},{"type":"Feature","properties":{"u":"8348912269","v":"1107290299","key":"0","osmid":325737545,"name":"Basey-Sohoton Road","ref":"670","highway":"primary","length":85.14015949892729,"oneway":false},"geometry":{"type":"LineString","coordinates":[[125.0684652,11.2845849],[125.0687102,11.2852988],[125.0687145,11.2853105]]}},{"type":"Feature","properties":{"u":"8382562379","v":"8449239462","key":"0","osmid":902515082,"name":null,"ref":null,"highway":"residential","length":34.99380941831567,"oneway":false},"geometry":{"type":"LineString","coordinates":[[125.0335886,11.2783551],[125.0334936,11.2786557]]}},{"type":"Feature","properties":{"u":"8382562379","v":"8382562386","key":"0","osmid":[902515081,245072659],"name":null,"ref":null,"highway":"residential","length":100.82597247419885,"oneway":false},"geometry":{"type":"LineString","coordinates":[[125.0335886,11.2783551],[125.033378,11.2783038],[125.0331795,11.2782946],[125.0326766,11.2782183]]}},{"type":"Feature","properties":{"u":"8382562379","v":"8449239460","key":"0","osmid":[902515083,1531240316],"name":null,"ref":null,"highway":"residential","length":95.35615394861465,"oneway":false},"geometry":{"type":"LineString","coordinates":[[125.0335886,11.2783551],[125.0340651,11.2785215],[125.0340848,11.2788825]]}},{"type":"Feature","properties":{"u":"8382562382","v":"8449239462","key":"0","osmid":902515082,"name":null,"ref":null,"highway":"residential","length":62.8678301838681,"oneway":false},"geometry":{"type":"LineString","coordinates":[[125.033327,11.2791969],[125.0333579,11.2790851],[125.0334936,11.2786557]]}},{"type":"Feature","properties":{"u":"8382562382","v":"8449239460","key":"0","osmid":[1531240316,1531240317],"name":null,"ref":null,"highway":"residential","length":108.21368978277606,"oneway":false},"geometry":{"type":"LineString","coordinates":[[125.033327,11.2791969],[125.0334209,11.2792126],[125.0337428,11.2791732],[125.0339721,11.2791258],[125.0340968,11.2790851],[125.0340848,11.2788825]]}},{"type":"Feature","properties":{"u":"8382562382","v":"8382562384","key":"0","osmid":1531240318,"name":null,"ref":null,"highway":"residential","length":99.92261591058303,"oneway":false},"geometry":{"type":"LineString","coordinates":[[125.033327,11.2791969],[125.0332063,11.2791719],[125.0324781,11.2788641]]}},{"type":"Feature","properties":{"u":"8382562384","v":"8382562386","key":"0","osmid":902515084,"name":null,"ref":null,"highway":"residential","length":75.00128681803052,"oneway":false},"geometry":{"type":"LineString","coordinates":[[125.0324781,11.2788641],[125.0326766,11.2782183]]}},{"type":"Feature","properties":{"u":"8382562384","v":"2523262940","key":"0","osmid":1531240318,"name":null,"ref":null,"highway":"residential","length":55.99467372693908,"oneway":false},"geometry":{"type":"LineString","coordinates":[[125.0324781,11.2788641],[125.0320034,11.2786721]]}},{"type":"Feature","properties":{"u":"8382562384","v":"8382562389","key":"0","osmid":902515085,"name":null,"ref":null,"highway":"residential","length":71.18118319998163,"oneway":false},"geometry":{"type":"LineString","coordinates":[[125.0324781,11.2788641],[125.0323698,11.2791159],[125.0323001,11.2791948],[125.0320932,11.2793613]]}},{"type":"Feature","properties":{"u":"8382562384","v":"8382562382","key":"0","osmid":1531240318,"name":null,"ref":null,"highway":"residential","length":99.92261591058303,"oneway":false},"geometry":{"type":"LineString","coordinates":[[125.0324781,11.2788641],[125.0332063,11.2791719],[125.033327,11.2791969]]}},{"type":"Feature","properties":{"u":"8382562386","v":"2523262832","key":"0","osmid":245072659,"name":null,"ref":null,"highway":"residential","length":14.97379024791852,"oneway":false},"geometry":{"type":"LineString","coordinates":[[125.0326766,11.2782183],[125.0325546,11.2781565]]}},{"type":"Feature","properties":{"u":"8382562386","v":"8382562384","key":"0","osmid":902515084,"name":null,"ref":null,"highway":"residential","length":75.00128681803052,"oneway":false},"geometry":{"type":"LineString","coordinates":[[125.0326766,11.2782183],[125.0324781,11.2788641]]}},{"type":"Feature","properties":{"u":"8382562386","v":"8382562379","key":"0","osmid":[902515081,245072659],"name":null,"ref":null,"highway":"residential","length":100.82597247419885,"oneway":false},"geometry":{"type":"LineString","coordinates":[[125.0326766,11.2782183],[125.0331795,11.2782946],[125.033378,11.2783038],[125.0335886,11.2783551]]}},{"type":"Feature","properties":{"u":"8382562389","v":"2523262940","key":"0","osmid":245072660,"name":"Tingid Basey Economic Road","ref":null,"highway":"residential","length":79.50270919543965,"oneway":false},"geometry":{"type":"LineString","coordinates":[[125.0320932,11.2793613],[125.0319685,11.2788944],[125.0319631,11.2787457],[125.0320034,11.2786721]]}},{"type":"Feature","properties":{"u":"8382562389","v":"278505378","key":"0","osmid":245072660,"name":"Tingid Basey Economic Road","ref":null,"highway":"residential","length":254.50168947217307,"oneway":false},"geometry":{"type":"LineString","coordinates":[[125.0320932,11.2793613],[125.0322877,11.2799833],[125.0324875,11.2803779],[125.0326243,11.2808514],[125.0326612,11.2810615],[125.0325787,11.2815471]]}},{"type":"Feature","properties":{"u":"8382562389","v":"8382562384","key":"0","osmid":902515085,"name":null,"ref":null,"highway":"residential","length":71.18118319998163,"oneway":false},"geometry":{"type":"LineString","coordinates":[[125.0320932,11.2793613],[125.0323001,11.2791948],[125.0323698,11.2791159],[125.0324781,11.2788641]]}},{"type":"Feature","properties":{"u":"8382562390","v":"2523262809","key":"0","osmid":902515086,"name":null,"ref":null,"highway":"residential","length":52.6844491943689,"oneway":false},"geometry":{"type":"LineString","coordinates":[[125.0317526,11.2778488],[125.0319202,11.2779119],[125.0322005,11.2780263]]}},{"type":"Feature","properties":{"u":"8382562392","v":"8382562393","key":"0","osmid":902515087,"name":null,"ref":null,"highway":"residential","length":26.849067528370647,"oneway":false},"geometry":{"type":"LineString","coordinates":[[125.0296335,11.2794618],[125.0298722,11.279521]]}},{"type":"Feature","properties":{"u":"8382562392","v":"8382614547","key":"0","osmid":902515094,"name":null,"ref":null,"highway":"residential","length":63.89949137736934,"oneway":false},"geometry":{"type":"LineString","coordinates":[[125.0296335,11.2794618],[125.0296723,11.2800352]]}},{"type":"Feature","properties":{"u":"8382562392","v":"8382614572","key":"0","osmid":902515106,"name":null,"ref":null,"highway":"residential","length":21.679975042304317,"oneway":false},"geometry":{"type":"LineString","coordinates":[[125.0296335,11.2794618],[125.0294403,11.2794158]]}},{"type":"Feature","properties":{"u":"8382562393","v":"13955982886","key":"0","osmid":902515087,"name":null,"ref":null,"highway":"residential","length":29.684706273753985,"oneway":false},"geometry":{"type":"LineString","coordinates":[[125.0298722,11.279521],[125.030139,11.279574]]}},{"type":"Feature","properties":{"u":"8382562393","v":"8382562392","key":"0","osmid":902515087,"name":null,"ref":null,"highway":"residential","length":26.849067528370647,"oneway":false},"geometry":{"type":"LineString","coordinates":[[125.0298722,11.279521],[125.0296335,11.2794618]]}},{"type":"Feature","properties":{"u":"8382562393","v":"8382614569","key":"0","osmid":902515104,"name":null,"ref":null,"highway":"residential","length":55.77529895989523,"oneway":false},"geometry":{"type":"LineString","coordinates":[[125.0298722,11.279521],[125.029895,11.2800221]]}},{"type":"Feature","properties":{"u":"8382562394","v":"13955982886","key":"0","osmid":902515087,"name":null,"ref":null,"highway":"residential","length":6.77049186975943,"oneway":false},"geometry":{"type":"LineString","coordinates":[[125.0301994,11.2795881],[125.030139,11.279574]]}},{"type":"Feature","properties":{"u":"8382562394","v":"8382562397","key":"0","osmid":902515087,"name":null,"ref":null,"highway":"residential","length":116.61040252526934,"oneway":false},"geometry":{"type":"LineString","coordinates":[[125.0301994,11.2795881],[125.0304221,11.2796262],[125.030744,11.2798419],[125.0311517,11.2800365]]}},{"type":"Feature","properties":{"u":"8382562394","v":"8382562398","key":"0","osmid":1531240314,"name":null,"ref":null,"highway":"residential","length":26.381445852727456,"oneway":false},"geometry":{"type":"LineString","coordinates":[[125.0301994,11.2795881],[125.0302249,11.2794802],[125.0302586,11.2793581]]}},{"type":"Feature","properties":{"u":"8382562397","v":"8382562394","key":"0","osmid":902515087,"name":null,"ref":null,"highway":"residential","length":116.61040252526932,"oneway":false},"geometry":{"type":"LineString","coordinates":[[125.0311517,11.2800365],[125.030744,11.2798419],[125.0304221,11.2796262],[125.0301994,11.2795881]]}},{"type":"Feature","properties":{"u":"8382562397","v":"8382614517","key":"0","osmid":902515088,"name":null,"ref":null,"highway":"residential","length":262.0732623199492,"oneway":false},"geometry":{"type":"LineString","coordinates":[[125.0311517,11.2800365],[125.0311946,11.2799787],[125.0312429,11.2799208],[125.0314897,11.2799155],[125.0317794,11.2799155],[125.031892,11.2799261],[125.0319135,11.2799366],[125.0319296,11.2799471],[125.0319296,11.2799576],[125.0318706,11.2801049],[125.0316935,11.2805258],[125.0315058,11.2808835],[125.0312536,11.2809361],[125.0310015,11.2809834]]}},{"type":"Feature","properties":{"u":"8382562397","v":"8382562402","key":"0","osmid":902515088,"name":null,"ref":null,"highway":"residential","length":74.811307803581,"oneway":false},"geometry":{"type":"LineString","coordinates":[[125.0311517,11.2800365],[125.0310981,11.2802417],[125.0310069,11.2804048],[125.0308929,11.280656]]}},{"type":"Feature","properties":{"u":"8382562398","v":"8382562398","key":"0","osmid":[902515089,902515090],"name":null,"ref":null,"highway":"residential","length":240.93905373932557,"oneway":false},"geometry":{"type":"LineString","coordinates":[[125.0302586,11.2793581],[125.0294228,11.2791694],[125.0294081,11.2790949],[125.0295624,11.278966],[125.0296093,11.2789713],[125.0296617,11.2789818],[125.0298051,11.279012],[125.0299835,11.2790304],[125.0301726,11.2790462],[125.0303242,11.2790699],[125.0302826,11.2792895],[125.0302586,11.2793581]]}},{"type":"Feature","properties":{"u":"8382562398","v":"8382562398","key":"1","osmid":[902515089,902515090],"name":null,"ref":null,"highway":"residential","length":240.93905373932557,"oneway":false},"geometry":{"type":"LineString","coordinates":[[125.0302586,11.2793581],[125.0302826,11.2792895],[125.0303242,11.2790699],[125.0301726,11.2790462],[125.0299835,11.2790304],[125.0298051,11.279012],[125.0296617,11.2789818],[125.0296093,11.2789713],[125.0295624,11.278966],[125.0294081,11.2790949],[125.0294228,11.2791694],[125.0302586,11.2793581]]}},{"type":"Feature","properties":{"u":"8382562398","v":"8382562394","key":"0","osmid":1531240314,"name":null,"ref":null,"highway":"residential","length":26.381445852727456,"oneway":false},"geometry":{"type":"LineString","coordinates":[[125.0302586,11.2793581],[125.0302249,11.2794802],[125.0301994,11.2795881]]}},{"type":"Feature","properties":{"u":"8382562401","v":"8382562402","key":"0","osmid":902515088,"name":null,"ref":null,"highway":"residential","length":85.71044857107209,"oneway":false},"geometry":{"type":"LineString","coordinates":[[125.030182,11.2803272],[125.0308929,11.280656]]}},{"type":"Feature","properties":{"u":"8382562401","v":"10784071965","key":"0","osmid":1159620368,"name":null,"ref":null,"highway":"residential","length":28.896319459212584,"oneway":false},"geometry":{"type":"LineString","coordinates":[[125.030182,11.2803272],[125.0299378,11.2804281]]}},{"type":"Feature","properties":{"u":"8382562401","v":"13955982886","key":"0","osmid":902515088,"name":null,"ref":null,"highway":"residential","length":83.88770120296408,"oneway":false},"geometry":{"type":"LineString","coordinates":[[125.030182,11.2803272],[125.0301404,11.2796367],[125.030139,11.279574]]}},{"type":"Feature","properties":{"u":"8382562402","v":"8382562401","key":"0","osmid":902515088,"name":null,"ref":null,"highway":"residential","length":85.71044857107209,"oneway":false},"geometry":{"type":"LineString","coordinates":[[125.0308929,11.280656],[125.030182,11.2803272]]}},{"type":"Feature","properties":{"u":"8382562402","v":"8382614517","key":"0","osmid":902552862,"name":null,"ref":null,"highway":"residential","length":38.28300077259957,"oneway":false},"geometry":{"type":"LineString","coordinates":[[125.0308929,11.280656],[125.0310015,11.2809834]]}},{"type":"Feature","properties":{"u":"8382562402","v":"8382562397","key":"0","osmid":902515088,"name":null,"ref":null,"highway":"residential","length":74.811307803581,"oneway":false},"geometry":{"type":"LineString","coordinates":[[125.0308929,11.280656],[125.0310069,11.2804048],[125.0310981,11.2802417],[125.0311517,11.2800365]]}},{"type":"Feature","properties":{"u":"8382572671","v":"2523234723","key":"0","osmid":245069685,"name":null,"ref":null,"highway":"tertiary","length":64.9265178020231,"oneway":false},"geometry":{"type":"LineString","coordinates":[[125.0750432,11.2685081],[125.0745909,11.2681284]]}},{"type":"Feature","properties":{"u":"8382572671","v":"8382572672","key":"0","osmid":902514747,"name":null,"ref":null,"highway":"residential","length":55.12181289406769,"oneway":false},"geometry":{"type":"LineString","coordinates":[[125.0750432,11.2685081],[125.0753651,11.2681259]]}},{"type":"Feature","properties":{"u":"8382572671","v":"2523234759","key":"0","osmid":[245069685,245069687],"name":null,"ref":null,"highway":"tertiary","length":85.25888967872902,"oneway":false},"geometry":{"type":"LineString","coordinates":[[125.0750432,11.2685081],[125.0752599,11.2686847],[125.0755975,11.2683229]]}},{"type":"Feature","properties":{"u":"8382572672","v":"2523234759","key":"0","osmid":245069683,"name":null,"ref":null,"highway":"residential","length":33.498440665153204,"oneway":false},"geometry":{"type":"LineString","coordinates":[[125.0753651,11.2681259],[125.0755975,11.2683229]]}},{"type":"Feature","properties":{"u":"8382572672","v":"2523234626","key":"0","osmid":245069683,"name":null,"ref":null,"highway":"residential","length":69.99009865199483,"oneway":false},"geometry":{"type":"LineString","coordinates":[[125.0753651,11.2681259],[125.0748476,11.2677536]]}},{"type":"Feature","properties":{"u":"8382572672","v":"8382572671","key":"0","osmid":902514747,"name":null,"ref":null,"highway":"residential","length":55.12181289406769,"oneway":false},"geometry":{"type":"LineString","coordinates":[[125.0753651,11.2681259],[125.0750432,11.2685081]]}},{"type":"Feature","properties":{"u":"8382572672","v":"8348855996","key":"0","osmid":902514747,"name":null,"ref":null,"highway":"residential","length":69.43903800330202,"oneway":false},"geometry":{"type":"LineString","coordinates":[[125.0753651,11.2681259],[125.0757567,11.2676532],[125.0757714,11.2676477]]}},{"type":"Feature","properties":{"u":"8382610936","v":"10998020702","key":"0","osmid":902515129,"name":null,"ref":null,"highway":"residential","length":51.09155744596196,"oneway":false},"geometry":{"type":"LineString","coordinates":[[125.0206936,11.2828227],[125.0207486,11.2823664]]}},{"type":"Feature","properties":{"u":"8382610936","v":"10998028168","key":"0","osmid":902515129,"name":null,"ref":null,"highway":"residential","length":50.883001389342446,"oneway":false},"geometry":{"type":"LineString","coordinates":[[125.0206936,11.2828227],[125.0207212,11.2832795]]}},{"type":"Feature","properties":{"u":"8382610936","v":"8382610956","key":"0","osmid":902515194,"name":null,"ref":null,"highway":"residential","length":48.60087744916255,"oneway":false},"geometry":{"type":"LineString","coordinates":[[125.0206936,11.2828227],[125.021139,11.2828385]]}},{"type":"Feature","properties":{"u":"8382610936","v":"8382610937","key":"0","osmid":902515194,"name":null,"ref":null,"highway":"residential","length":43.92533157026106,"oneway":false},"geometry":{"type":"LineString","coordinates":[[125.0206936,11.2828227],[125.0203167,11.2826833]]}},{"type":"Feature","properties":{"u":"8382610937","v":"8382610946","key":"0","osmid":902515190,"name":null,"ref":null,"highway":"residential","length":36.828620388905904,"oneway":false},"geometry":{"type":"LineString","coordinates":[[125.0203167,11.2826833],[125.0202335,11.2830043]]}},{"type":"Feature","properties":{"u":"8382610937","v":"8382610936","key":"0","osmid":902515194,"name":null,"ref":null,"highway":"residential","length":43.92533157026106,"oneway":false},"geometry":{"type":"LineString","coordinates":[[125.0203167,11.2826833],[125.0206936,11.2828227]]}},{"type":"Feature","properties":{"u":"8382610937","v":"8382614649","key":"0","osmid":902515194,"name":null,"ref":null,"highway":"residential","length":37.02859278417064,"oneway":false},"geometry":{"type":"LineString","coordinates":[[125.0203167,11.2826833],[125.0200096,11.2825412]]}},{"type":"Feature","properties":{"u":"8382610938","v":"10998028151","key":"0","osmid":902515194,"name":null,"ref":null,"highway":"residential","length":6.544572134221833,"oneway":false},"geometry":{"type":"LineString","coordinates":[[125.0196447,11.2823939],[125.0197002,11.2824163]]}},{"type":"Feature","properties":{"u":"8382610939","v":"8382610954","key":"0","osmid":902515193,"name":null,"ref":null,"highway":"residential","length":77.27786996554,"oneway":false},"geometry":{"type":"LineString","coordinates":[[125.021485,11.2833173],[125.0208197,11.2835567]]}},{"type":"Feature","properties":{"u":"8382610939","v":"8382610940","key":"0","osmid":1184269669,"name":null,"ref":null,"highway":"residential","length":24.94575474263625,"oneway":false},"geometry":{"type":"LineString","coordinates":[[125.021485,11.2833173],[125.0215963,11.2835133]]}},{"type":"Feature","properties":{"u":"8382610939","v":"8382614641","key":"0","osmid":1184269685,"name":null,"ref":null,"highway":"residential","length":26.542668858770078,"oneway":false},"geometry":{"type":"LineString","coordinates":[[125.021485,11.2833173],[125.0214583,11.2832766],[125.0213563,11.2831147]]}},{"type":"Feature","properties":{"u":"8382610940","v":"8382610941","key":"0","osmid":1184269668,"name":null,"ref":null,"highway":"residential","length":80.74920522944171,"oneway":false},"geometry":{"type":"LineString","coordinates":[[125.0215963,11.2835133],[125.0209109,11.2837882]]}},{"type":"Feature","properties":{"u":"8382610940","v":"10998020700","key":"0","osmid":1184269668,"name":null,"ref":null,"highway":"residential","length":10.056073937272688,"oneway":false},"geometry":{"type":"LineString","coordinates":[[125.0215963,11.2835133],[125.0216822,11.2834804]]}},{"type":"Feature","properties":{"u":"8382610940","v":"8382610939","key":"0","osmid":1184269669,"name":null,"ref":null,"highway":"residential","length":24.94575474263625,"oneway":false},"geometry":{"type":"LineString","coordinates":[[125.0215963,11.2835133],[125.021485,11.2833173]]}},{"type":"Feature","properties":{"u":"8382610941","v":"8382610957","key":"0","osmid":902515195,"name":null,"ref":null,"highway":"residential","length":47.385682614617636,"oneway":false},"geometry":{"type":"LineString","coordinates":[[125.0209109,11.2837882],[125.0210935,11.2841749]]}},{"type":"Feature","properties":{"u":"8382610941","v":"8382610942","key":"0","osmid":1184269668,"name":null,"ref":null,"highway":"residential","length":50.9994473300243,"oneway":false},"geometry":{"type":"LineString","coordinates":[[125.0209109,11.2837882],[125.0204803,11.2839672]]}},{"type":"Feature","properties":{"u":"8382610941","v":"8382610940","key":"0","osmid":1184269668,"name":null,"ref":null,"highway":"residential","length":80.74920522944171,"oneway":false},"geometry":{"type":"LineString","coordinates":[[125.0209109,11.2837882],[125.0215963,11.2835133]]}},{"type":"Feature","properties":{"u":"8382610941","v":"8382610954","key":"0","osmid":1184269686,"name":null,"ref":null,"highway":"residential","length":27.595934533501183,"oneway":false},"geometry":{"type":"LineString","coordinates":[[125.0209109,11.2837882],[125.0208197,11.2835567]]}},{"type":"Feature","properties":{"u":"8382610942","v":"8382610943","key":"0","osmid":902515190,"name":null,"ref":null,"highway":"residential","length":62.749312983193185,"oneway":false},"geometry":{"type":"LineString","coordinates":[[125.0204803,11.2839672],[125.0202724,11.283441]]}},{"type":"Feature","properties":{"u":"8382610942","v":"10998020699","key":"0","osmid":1184269668,"name":null,"ref":null,"highway":"residential","length":8.662279498384015,"oneway":false},"geometry":{"type":"LineString","coordinates":[[125.0204803,11.2839672],[125.0204082,11.2839999]]}},{"type":"Feature","properties":{"u":"8382610942","v":"8382610941","key":"0","osmid":1184269668,"name":null,"ref":null,"highway":"residential","length":50.9994473300243,"oneway":false},"geometry":{"type":"LineString","coordinates":[[125.0204803,11.2839672],[125.0209109,11.2837882]]}},{"type":"Feature","properties":{"u":"8382610943","v":"8382610944","key":"0","osmid":902515190,"name":null,"ref":null,"highway":"residential","length":18.458321257955724,"oneway":false},"geometry":{"type":"LineString","coordinates":[[125.0202724,11.283441],[125.0202497,11.2832765]]}},{"type":"Feature","properties":{"u":"8382610943","v":"8382610942","key":"0","osmid":902515190,"name":null,"ref":null,"highway":"residential","length":62.749312983193185,"oneway":false},"geometry":{"type":"LineString","coordinates":[[125.0202724,11.283441],[125.0204803,11.2839672]]}},{"type":"Feature","properties":{"u":"8382610943","v":"10998028167","key":"0","osmid":902515191,"name":null,"ref":null,"highway":"residential","length":39.910074786544804,"oneway":false},"geometry":{"type":"LineString","coordinates":[[125.0202724,11.283441],[125.0206336,11.2833831]]}},{"type":"Feature","properties":{"u":"8382610943","v":"8382610953","key":"0","osmid":902515191,"name":null,"ref":null,"highway":"residential","length":136.48457762451608,"oneway":false},"geometry":{"type":"LineString","coordinates":[[125.0202724,11.283441],[125.0194247,11.2833883],[125.0194247,11.2832884],[125.0195213,11.2830095]]}},{"type":"Feature","properties":{"u":"8382610944","v":"8382610943","key":"0","osmid":902515190,"name":null,"ref":null,"highway":"residential","length":18.458321257955724,"oneway":false},"geometry":{"type":"LineString","coordinates":[[125.0202497,11.2832765],[125.0202724,11.283441]]}},{"type":"Feature","properties":{"u":"8382610944","v":"8382610953","key":"0","osmid":902515191,"name":null,"ref":null,"highway":"residential","length":84.79632828718266,"oneway":false},"geometry":{"type":"LineString","coordinates":[[125.0202497,11.2832765],[125.0195213,11.2830095]]}},{"type":"Feature","properties":{"u":"8382610944","v":"8382610946","key":"0","osmid":902515190,"name":null,"ref":null,"highway":"residential","length":30.352449838699748,"oneway":false},"geometry":{"type":"LineString","coordinates":[[125.0202497,11.2832765],[125.020251,11.2831989],[125.0202335,11.2830043]]}},{"type":"Feature","properties":{"u":"8382610946","v":"8382610937","key":"0","osmid":902515190,"name":null,"ref":null,"highway":"residential","length":36.828620388905904,"oneway":false},"geometry":{"type":"LineString","coordinates":[[125.0202335,11.2830043],[125.0203167,11.2826833]]}},{"type":"Feature","properties":{"u":"8382610946","v":"8382610944","key":"0","osmid":902515190,"name":null,"ref":null,"highway":"residential","length":30.352449838699748,"oneway":false},"geometry":{"type":"LineString","coordinates":[[125.0202335,11.2830043],[125.020251,11.2831989],[125.0202497,11.2832765]]}},{"type":"Feature","properties":{"u":"8382610946","v":"10998028150","key":"0","osmid":1184269670,"name":null,"ref":null,"highway":"residential","length":74.3940425576933,"oneway":false},"geometry":{"type":"LineString","coordinates":[[125.0202335,11.2830043],[125.0201866,11.2829832],[125.0198647,11.2828832],[125.0195872,11.2827911]]}},{"type":"Feature","properties":{"u":"8382610950","v":"10998028152","key":"0","osmid":1184269685,"name":null,"ref":null,"highway":"residential","length":41.841432028244995,"oneway":false},"geometry":{"type":"LineString","coordinates":[[125.0208273,11.2833454],[125.0211779,11.2831925]]}},{"type":"Feature","properties":{"u":"8382610950","v":"10998028169","key":"0","osmid":1184269684,"name":null,"ref":null,"highway":"residential","length":15.180237218648735,"oneway":false},"geometry":{"type":"LineString","coordinates":[[125.0208273,11.2833454],[125.0208275,11.2833458],[125.0208312,11.2833862],[125.0208178,11.2834245],[125.0207897,11.2834542],[125.0207761,11.2834599]]}},{"type":"Feature","properties":{"u":"8382610950","v":"10998028168","key":"0","osmid":1184269684,"name":null,"ref":null,"highway":"residential","length":14.89480304475903,"oneway":false},"geometry":{"type":"LineString","coordinates":[[125.0208273,11.2833454],[125.0208074,11.2833104],[125.0207744,11.2832861],[125.0207341,11.2832771],[125.0207212,11.2832795]]}},{"type":"Feature","properties":{"u":"8382610953","v":"8382610944","key":"0","osmid":902515191,"name":null,"ref":null,"highway":"residential","length":84.79632828718266,"oneway":false},"geometry":{"type":"LineString","coordinates":[[125.0195213,11.2830095],[125.0202497,11.2832765]]}},{"type":"Feature","properties":{"u":"8382610953","v":"10998028150","key":"0","osmid":1184269682,"name":null,"ref":null,"highway":"residential","length":25.3259163741329,"oneway":false},"geometry":{"type":"LineString","coordinates":[[125.0195213,11.2830095],[125.0195872,11.2827911]]}},{"type":"Feature","properties":{"u":"8382610953","v":"8382610943","key":"0","osmid":902515191,"name":null,"ref":null,"highway":"residential","length":136.48457762451608,"oneway":false},"geometry":{"type":"LineString","coordinates":[[125.0195213,11.2830095],[125.0194247,11.2832884],[125.0194247,11.2833883],[125.0202724,11.283441]]}},{"type":"Feature","properties":{"u":"8382610954","v":"8382610939","key":"0","osmid":902515193,"name":null,"ref":null,"highway":"residential","length":77.27786996554,"oneway":false},"geometry":{"type":"LineString","coordinates":[[125.0208197,11.2835567],[125.021485,11.2833173]]}},{"type":"Feature","properties":{"u":"8382610954","v":"10998028169","key":"0","osmid":1184269686,"name":null,"ref":null,"highway":"residential","length":11.766953026129354,"oneway":false},"geometry":{"type":"LineString","coordinates":[[125.0208197,11.2835567],[125.0207761,11.2834599]]}},{"type":"Feature","properties":{"u":"8382610954","v":"8382610941","key":"0","osmid":1184269686,"name":null,"ref":null,"highway":"residential","length":27.595934533501183,"oneway":false},"geometry":{"type":"LineString","coordinates":[[125.0208197,11.2835567],[125.0209109,11.2837882]]}},{"type":"Feature","properties":{"u":"8382610956","v":"8382610936","key":"0","osmid":902515194,"name":null,"ref":null,"highway":"residential","length":48.60087744916255,"oneway":false},"geometry":{"type":"LineString","coordinates":[[125.021139,11.2828385],[125.0206936,11.2828227]]}},{"type":"Feature","properties":{"u":"8382610956","v":"10998028152","key":"0","osmid":1184269683,"name":null,"ref":null,"highway":"residential","length":39.59095962681725,"oneway":false},"geometry":{"type":"LineString","coordinates":[[125.021139,11.2828385],[125.0211779,11.2831925]]}},{"type":"Feature","properties":{"u":"8382610956","v":"8382614642","key":"0","osmid":902515194,"name":null,"ref":null,"highway":"residential","length":48.802925632188675,"oneway":false},"geometry":{"type":"LineString","coordinates":[[125.021139,11.2828385],[125.0214033,11.2828505],[125.0215843,11.2828767]]}},{"type":"Feature","properties":{"u":"8382610957","v":"8382614640","key":"0","osmid":387032401,"name":"San Juanico-Basey Road","ref":"670","highway":"primary","length":338.75721955902316,"oneway":false},"geometry":{"type":"LineString","coordinates":[[125.0210935,11.2841749],[125.0239943,11.2830846]]}},{"type":"Feature","properties":{"u":"8382610957","v":"278505381","key":"0","osmid":387032401,"name":"San Juanico-Basey Road","ref":"670","highway":"primary","length":82.30951890684524,"oneway":false},"geometry":{"type":"LineString","coordinates":[[125.0210935,11.2841749],[125.0203951,11.2844557]]}},{"type":"Feature","properties":{"u":"8382610957","v":"8382610941","key":"0","osmid":902515195,"name":null,"ref":null,"highway":"residential","length":47.385682614617636,"oneway":false},"geometry":{"type":"LineString","coordinates":[[125.0210935,11.2841749],[125.0209109,11.2837882]]}},{"type":"Feature","properties":{"u":"8382612215","v":"1684194115","key":"0","osmid":156132397,"name":null,"ref":null,"highway":"residential","length":27.773038030947582,"oneway":false},"geometry":{"type":"LineString","coordinates":[[125.011984,11.2771031],[125.012065,11.2768663]]}},{"type":"Feature","properties":{"u":"8382612215","v":"8382612216","key":"0","osmid":156132397,"name":null,"ref":null,"highway":"residential","length":46.38605191065424,"oneway":false},"geometry":{"type":"LineString","coordinates":[[125.011984,11.2771031],[125.0118636,11.2775032]]}},{"type":"Feature","properties":{"u":"8382612215","v":"2528344611","key":"0","osmid":156132416,"name":null,"ref":null,"highway":"residential","length":69.45215957691897,"oneway":false},"geometry":{"type":"LineString","coordinates":[[125.011984,11.2771031],[125.0113919,11.276873]]}},{"type":"Feature","properties":{"u":"8382612215","v":"6426815516","key":"0","osmid":156132416,"name":null,"ref":null,"highway":"residential","length":54.462137484396074,"oneway":false},"geometry":{"type":"LineString","coordinates":[[125.011984,11.2771031],[125.0124517,11.2772749]]}},{"type":"Feature","properties":{"u":"8382612216","v":"8382612215","key":"0","osmid":156132397,"name":null,"ref":null,"highway":"residential","length":46.38605191065424,"oneway":false},"geometry":{"type":"LineString","coordinates":[[125.0118636,11.2775032],[125.011984,11.2771031]]}},{"type":"Feature","properties":{"u":"8382612216","v":"1684194136","key":"0","osmid":156132397,"name":null,"ref":null,"highway":"residential","length":51.8954015139841,"oneway":false},"geometry":{"type":"LineString","coordinates":[[125.0118636,11.2775032],[125.0117176,11.2779474]]}},{"type":"Feature","properties":{"u":"8382612216","v":"1684194238","key":"0","osmid":902515666,"name":null,"ref":null,"highway":"residential","length":58.520553779195915,"oneway":false},"geometry":{"type":"LineString","coordinates":[[125.0118636,11.2775032],[125.0123761,11.2776593]]}},{"type":"Feature","properties":{"u":"8382614517","v":"8382614518","key":"0","osmid":902515088,"name":null,"ref":null,"highway":"residential","length":28.77899258568271,"oneway":false},"geometry":{"type":"LineString","coordinates":[[125.0310015,11.2809834],[125.0307399,11.2810176]]}},{"type":"Feature","properties":{"u":"8382614517","v":"8382614597","key":"0","osmid":902515117,"name":null,"ref":null,"highway":"residential","length":36.22894177634596,"oneway":false},"geometry":{"type":"LineString","coordinates":[[125.0310015,11.2809834],[125.0310686,11.2813025]]}},{"type":"Feature","properties":{"u":"8382614517","v":"8382562402","key":"0","osmid":902552862,"name":null,"ref":null,"highway":"residential","length":38.28300077259957,"oneway":false},"geometry":{"type":"LineString","coordinates":[[125.0310015,11.2809834],[125.0308929,11.280656]]}},{"type":"Feature","properties":{"u":"8382614517","v":"8382562397","key":"0","osmid":902515088,"name":null,"ref":null,"highway":"residential","length":262.07326231994927,"oneway":false},"geometry":{"type":"LineString","coordinates":[[125.0310015,11.2809834],[125.0312536,11.2809361],[125.0315058,11.2808835],[125.0316935,11.2805258],[125.0318706,11.2801049],[125.0319296,11.2799576],[125.0319296,11.2799471],[125.0319135,11.2799366],[125.031892,11.2799261],[125.0317794,11.2799155],[125.0314897,11.2799155],[125.0312429,11.2799208],[125.0311946,11.2799787],[125.0311517,11.2800365]]}},{"type":"Feature","properties":{"u":"8382614518","v":"8382614517","key":"0","osmid":902515088,"name":null,"ref":null,"highway":"residential","length":28.77899258568271,"oneway":false},"geometry":{"type":"LineString","coordinates":[[125.0307399,11.2810176],[125.0310015,11.2809834]]}},{"type":"Feature","properties":{"u":"8382614518","v":"8382614541","key":"0","osmid":1531240315,"name":null,"ref":null,"highway":"residential","length":26.77078798545085,"oneway":false},"geometry":{"type":"LineString","coordinates":[[125.0307399,11.2810176],[125.0306635,11.2807888]]}},{"type":"Feature","properties":{"u":"8382614518","v":"8382614544","key":"0","osmid":902515111,"name":null,"ref":null,"highway":"residential","length":65.33752405708192,"oneway":false},"geometry":{"type":"LineString","coordinates":[[125.0307399,11.2810176],[125.0304261,11.2810992],[125.0301599,11.281165]]}},{"type":"Feature","properties":{"u":"8382614529","v":"8382614530","key":"0","osmid":902515091,"name":null,"ref":null,"highway":"residential","length":25.26545042352608,"oneway":false},"geometry":{"type":"LineString","coordinates":[[125.0282815,11.2810676],[125.0285069,11.281015]]}},{"type":"Feature","properties":{"u":"8382614529","v":"8382614579","key":"0","osmid":902515108,"name":null,"ref":null,"highway":"residential","length":64.84793709291904,"oneway":false},"geometry":{"type":"LineString","coordinates":[[125.0282815,11.2810676],[125.028126,11.2805047]]}},{"type":"Feature","properties":{"u":"8382614529","v":"8382614592","key":"0","osmid":[902515112,902515111],"name":null,"ref":null,"highway":"residential","length":94.4927348138637,"oneway":false},"geometry":{"type":"LineString","coordinates":[[125.0282815,11.2810676],[125.0284586,11.2816568],[125.0286785,11.2815621]]}},{"type":"Feature","properties":{"u":"8382614530","v":"8382614531","key":"0","osmid":902515091,"name":null,"ref":null,"highway":"residential","length":21.63728575237146,"oneway":false},"geometry":{"type":"LineString","coordinates":[[125.0285069,11.281015],[125.0286946,11.2809519]]}},{"type":"Feature","properties":{"u":"8382614530","v":"8382614529","key":"0","osmid":902515091,"name":null,"ref":null,"highway":"residential","length":25.26545042352608,"oneway":false},"geometry":{"type":"LineString","coordinates":[[125.0285069,11.281015],[125.0282815,11.2810676]]}},{"type":"Feature","properties":{"u":"8382614530","v":"8382614592","key":"0","osmid":902515113,"name":null,"ref":null,"highway":"residential","length":63.6477070467453,"oneway":false},"geometry":{"type":"LineString","coordinates":[[125.0285069,11.281015],[125.0286785,11.2815621]]}},{"type":"Feature","properties":{"u":"8382614531","v":"8382614532","key":"0","osmid":902515091,"name":null,"ref":null,"highway":"residential","length":23.181085349653877,"oneway":false},"geometry":{"type":"LineString","coordinates":[[125.0286946,11.2809519],[125.0289025,11.2809084]]}},{"type":"Feature","properties":{"u":"8382614531","v":"8382614530","key":"0","osmid":902515091,"name":null,"ref":null,"highway":"residential","length":21.63728575237146,"oneway":false},"geometry":{"type":"LineString","coordinates":[[125.0286946,11.2809519],[125.0285069,11.281015]]}},{"type":"Feature","properties":{"u":"8382614531","v":"8382614591","key":"0","osmid":902515116,"name":null,"ref":null,"highway":"residential","length":64.00385226744795,"oneway":false},"geometry":{"type":"LineString","coordinates":[[125.0286946,11.2809519],[125.028877,11.281499]]}},{"type":"Feature","properties":{"u":"8382614532","v":"8382614533","key":"0","osmid":902515091,"name":null,"ref":null,"highway":"residential","length":27.351015177293206,"oneway":false},"geometry":{"type":"LineString","coordinates":[[125.0289025,11.2809084],[125.0291453,11.2808467]]}},{"type":"Feature","properties":{"u":"8382614532","v":"8382614531","key":"0","osmid":902515091,"name":null,"ref":null,"highway":"residential","length":23.181085349653877,"oneway":false},"geometry":{"type":"LineString","coordinates":[[125.0289025,11.2809084],[125.0286946,11.2809519]]}},{"type":"Feature","properties":{"u":"8382614532","v":"8382614588","key":"0","osmid":902515109,"name":null,"ref":null,"highway":"residential","length":61.99226516172915,"oneway":false},"geometry":{"type":"LineString","coordinates":[[125.0289025,11.2809084],[125.0290702,11.2814411]]}},{"type":"Feature","properties":{"u":"8382614532","v":"8382614577","key":"0","osmid":902515109,"name":null,"ref":null,"highway":"residential","length":45.78005078371144,"oneway":false},"geometry":{"type":"LineString","coordinates":[[125.0289025,11.2809084],[125.028877,11.2808151],[125.028814,11.2805061]]}},{"type":"Feature","properties":{"u":"8382614533","v":"8382614534","key":"0","osmid":902515091,"name":null,"ref":null,"highway":"residential","length":27.400641710631703,"oneway":false},"geometry":{"type":"LineString","coordinates":[[125.0291453,11.2808467],[125.0293867,11.2807783]]}},{"type":"Feature","properties":{"u":"8382614533","v":"8382614532","key":"0","osmid":902515091,"name":null,"ref":null,"highway":"residential","length":27.351015177293206,"oneway":false},"geometry":{"type":"LineString","coordinates":[[125.0291453,11.2808467],[125.0289025,11.2809084]]}},{"type":"Feature","properties":{"u":"8382614533","v":"8382614558","key":"0","osmid":902515097,"name":null,"ref":null,"highway":"residential","length":30.011911972686885,"oneway":false},"geometry":{"type":"LineString","coordinates":[[125.0291453,11.2808467],[125.0290436,11.2805959]]}},{"type":"Feature","properties":{"u":"8382614533","v":"8382614557","key":"0","osmid":902515097,"name":null,"ref":null,"highway":"residential","length":62.182845805605815,"oneway":false},"geometry":{"type":"LineString","coordinates":[[125.0291453,11.2808467],[125.0293062,11.2813832]]}},{"type":"Feature","properties":{"u":"8382614534","v":"8382614535","key":"0","osmid":902515091,"name":null,"ref":null,"highway":"residential","length":22.01920325704061,"oneway":false},"geometry":{"type":"LineString","coordinates":[[125.0293867,11.2807783],[125.0295798,11.2807204]]}},{"type":"Feature","properties":{"u":"8382614534","v":"8382614533","key":"0","osmid":902515091,"name":null,"ref":null,"highway":"residential","length":27.400641710631703,"oneway":false},"geometry":{"type":"LineString","coordinates":[[125.0293867,11.2807783],[125.0291453,11.2808467]]}},{"type":"Feature","properties":{"u":"8382614534","v":"8382614556","key":"0","osmid":902515096,"name":null,"ref":null,"highway":"residential","length":61.063628521234506,"oneway":false},"geometry":{"type":"LineString","coordinates":[[125.0293867,11.2807783],[125.0295476,11.2813043]]}},{"type":"Feature","properties":{"u":"8382614534","v":"8382614552","key":"0","osmid":902515096,"name":null,"ref":null,"highway":"residential","length":81.92258978666963,"oneway":false},"geometry":{"type":"LineString","coordinates":[[125.0293867,11.2807783],[125.0293009,11.2805152],[125.0292633,11.2802575],[125.0292579,11.2801733],[125.0292553,11.2800575]]}},{"type":"Feature","properties":{"u":"8382614535","v":"8382614536","key":"0","osmid":902515091,"name":null,"ref":null,"highway":"residential","length":22.27562323306177,"oneway":false},"geometry":{"type":"LineString","coordinates":[[125.0295798,11.2807204],[125.0297783,11.2806731]]}},{"type":"Feature","properties":{"u":"8382614535","v":"8382614534","key":"0","osmid":902515091,"name":null,"ref":null,"highway":"residential","length":22.01920325704061,"oneway":false},"geometry":{"type":"LineString","coordinates":[[125.0295798,11.2807204],[125.0293867,11.2807783]]}},{"type":"Feature","properties":{"u":"8382614535","v":"8382614551","key":"0","osmid":902515095,"name":null,"ref":null,"highway":"residential","length":62.81670832028977,"oneway":false},"geometry":{"type":"LineString","coordinates":[[125.0295798,11.2807204],[125.0297247,11.2811939],[125.0297569,11.281257]]}},{"type":"Feature","properties":{"u":"8382614535","v":"8382614548","key":"0","osmid":902515095,"name":null,"ref":null,"highway":"residential","length":75.69076551219793,"oneway":false},"geometry":{"type":"LineString","coordinates":[[125.0295798,11.2807204],[125.0294886,11.2803469],[125.0294672,11.280051]]}},{"type":"Feature","properties":{"u":"8382614536","v":"8382614535","key":"0","osmid":902515091,"name":null,"ref":null,"highway":"residential","length":22.27562323306177,"oneway":false},"geometry":{"type":"LineString","coordinates":[[125.0297783,11.2806731],[125.0295798,11.2807204]]}},{"type":"Feature","properties":{"u":"8382614536","v":"8382614545","key":"0","osmid":902515094,"name":null,"ref":null,"highway":"residential","length":62.15435913505614,"oneway":false},"geometry":{"type":"LineString","coordinates":[[125.0297783,11.2806731],[125.0299554,11.2812044]]}},{"type":"Feature","properties":{"u":"8382614536","v":"8382614538","key":"0","osmid":902515091,"name":null,"ref":null,"highway":"residential","length":24.168205746503457,"oneway":false},"geometry":{"type":"LineString","coordinates":[[125.0297783,11.2806731],[125.0299554,11.2806257],[125.0299902,11.2806106]]}},{"type":"Feature","properties":{"u":"8382614536","v":"8382614547","key":"0","osmid":902515094,"name":null,"ref":null,"highway":"residential","length":72.08792359286369,"oneway":false},"geometry":{"type":"LineString","coordinates":[[125.0297783,11.2806731],[125.0297032,11.2803785],[125.0296723,11.2800352]]}},{"type":"Feature","properties":{"u":"8382614538","v":"8382614542","key":"0","osmid":902515093,"name":null,"ref":null,"highway":"residential","length":40.90855182451169,"oneway":false},"geometry":{"type":"LineString","coordinates":[[125.0299902,11.2806106],[125.0300976,11.2809631]]}},{"type":"Feature","properties":{"u":"8382614538","v":"13955982887","key":"0","osmid":902515104,"name":null,"ref":null,"highway":"residential","length":15.276329307117422,"oneway":false},"geometry":{"type":"LineString","coordinates":[[125.0299902,11.2806106],[125.0299563,11.2804773]]}},{"type":"Feature","properties":{"u":"8382614538","v":"8382614536","key":"0","osmid":902515091,"name":null,"ref":null,"highway":"residential","length":24.168205746503457,"oneway":false},"geometry":{"type":"LineString","coordinates":[[125.0299902,11.2806106],[125.0299554,11.2806257],[125.0297783,11.2806731]]}},{"type":"Feature","properties":{"u":"8382614541","v":"8382614518","key":"0","osmid":1531240315,"name":null,"ref":null,"highway":"residential","length":26.77078798545085,"oneway":false},"geometry":{"type":"LineString","coordinates":[[125.0306635,11.2807888],[125.0307399,11.2810176]]}},{"type":"Feature","properties":{"u":"8382614541","v":"8382614542","key":"0","osmid":902515092,"name":null,"ref":null,"highway":"residential","length":66.15318337300587,"oneway":false},"geometry":{"type":"LineString","coordinates":[[125.0306635,11.2807888],[125.0306276,11.2808377],[125.0300976,11.2809631]]}},{"type":"Feature","properties":{"u":"8382614541","v":"13955982887","key":"0","osmid":1531240315,"name":null,"ref":null,"highway":"residential","length":84.6945171837557,"oneway":false},"geometry":{"type":"LineString","coordinates":[[125.0306635,11.2807888],[125.0303263,11.2806403],[125.030068,11.28051],[125.0299563,11.2804773]]}},{"type":"Feature","properties":{"u":"8382614542","v":"8382614544","key":"0","osmid":902515093,"name":null,"ref":null,"highway":"residential","length":23.455672100181012,"oneway":false},"geometry":{"type":"LineString","coordinates":[[125.0300976,11.2809631],[125.0301599,11.281165]]}},{"type":"Feature","properties":{"u":"8382614542","v":"8382614538","key":"0","osmid":902515093,"name":null,"ref":null,"highway":"residential","length":40.90855182451169,"oneway":false},"geometry":{"type":"LineString","coordinates":[[125.0300976,11.2809631],[125.0299902,11.2806106]]}},{"type":"Feature","properties":{"u":"8382614542","v":"8382614541","key":"0","osmid":902515092,"name":null,"ref":null,"highway":"residential","length":66.15318337300587,"oneway":false},"geometry":{"type":"LineString","coordinates":[[125.0300976,11.2809631],[125.0306276,11.2808377],[125.0306635,11.2807888]]}},{"type":"Feature","properties":{"u":"8382614544","v":"8382614542","key":"0","osmid":902515093,"name":null,"ref":null,"highway":"residential","length":23.455672100181012,"oneway":false},"geometry":{"type":"LineString","coordinates":[[125.0301599,11.281165],[125.0300976,11.2809631]]}},{"type":"Feature","properties":{"u":"8382614544","v":"8382614545","key":"0","osmid":902515111,"name":null,"ref":null,"highway":"residential","length":22.726327354763704,"oneway":false},"geometry":{"type":"LineString","coordinates":[[125.0301599,11.281165],[125.0299554,11.2812044]]}},{"type":"Feature","properties":{"u":"8382614544","v":"8382614518","key":"0","osmid":902515111,"name":null,"ref":null,"highway":"residential","length":65.33752405708192,"oneway":false},"geometry":{"type":"LineString","coordinates":[[125.0301599,11.281165],[125.0304261,11.2810992],[125.0307399,11.2810176]]}},{"type":"Feature","properties":{"u":"8382614545","v":"8382614536","key":"0","osmid":902515094,"name":null,"ref":null,"highway":"residential","length":62.15435913505614,"oneway":false},"geometry":{"type":"LineString","coordinates":[[125.0299554,11.2812044],[125.0297783,11.2806731]]}},{"type":"Feature","properties":{"u":"8382614545","v":"8382614551","key":"0","osmid":902515111,"name":null,"ref":null,"highway":"residential","length":22.422047164950744,"oneway":false},"geometry":{"type":"LineString","coordinates":[[125.0299554,11.2812044],[125.0297569,11.281257]]}},{"type":"Feature","properties":{"u":"8382614545","v":"8382614544","key":"0","osmid":902515111,"name":null,"ref":null,"highway":"residential","length":22.726327354763704,"oneway":false},"geometry":{"type":"LineString","coordinates":[[125.0299554,11.2812044],[125.0301599,11.281165]]}},{"type":"Feature","properties":{"u":"8382614547","v":"8382562392","key":"0","osmid":902515094,"name":null,"ref":null,"highway":"residential","length":63.89949137736934,"oneway":false},"geometry":{"type":"LineString","coordinates":[[125.0296723,11.2800352],[125.0296335,11.2794618]]}},{"type":"Feature","properties":{"u":"8382614547","v":"8382614569","key":"0","osmid":902515103,"name":null,"ref":null,"highway":"residential","length":24.328440459867284,"oneway":false},"geometry":{"type":"LineString","coordinates":[[125.0296723,11.2800352],[125.029895,11.2800221]]}},{"type":"Feature","properties":{"u":"8382614547","v":"8382614548","key":"0","osmid":902515103,"name":null,"ref":null,"highway":"residential","length":22.434460663869007,"oneway":false},"geometry":{"type":"LineString","coordinates":[[125.0296723,11.2800352],[125.0294672,11.280051]]}},{"type":"Feature","properties":{"u":"8382614547","v":"8382614536","key":"0","osmid":902515094,"name":null,"ref":null,"highway":"residential","length":72.08792359286369,"oneway":false},"geometry":{"type":"LineString","coordinates":[[125.0296723,11.2800352],[125.0297032,11.2803785],[125.0297783,11.2806731]]}},{"type":"Feature","properties":{"u":"8382614548","v":"8382614552","key":"0","osmid":902515102,"name":null,"ref":null,"highway":"residential","length":23.11838304119964,"oneway":false},"geometry":{"type":"LineString","coordinates":[[125.0294672,11.280051],[125.0292553,11.2800575]]}},{"type":"Feature","properties":{"u":"8382614548","v":"8382614547","key":"0","osmid":902515103,"name":null,"ref":null,"highway":"residential","length":22.434460663869007,"oneway":false},"geometry":{"type":"LineString","coordinates":[[125.0294672,11.280051],[125.0296723,11.2800352]]}},{"type":"Feature","properties":{"u":"8382614548","v":"8382614535","key":"0","osmid":902515095,"name":null,"ref":null,"highway":"residential","length":75.69076551219793,"oneway":false},"geometry":{"type":"LineString","coordinates":[[125.0294672,11.280051],[125.0294886,11.2803469],[125.0295798,11.2807204]]}},{"type":"Feature","properties":{"u":"8382614548","v":"8382614572","key":"0","osmid":902515105,"name":null,"ref":null,"highway":"residential","length":70.77984387605359,"oneway":false},"geometry":{"type":"LineString","coordinates":[[125.0294672,11.280051],[125.029435,11.279663],[125.0294403,11.2794158]]}},{"type":"Feature","properties":{"u":"8382614551","v":"8382614556","key":"0","osmid":902515111,"name":null,"ref":null,"highway":"residential","length":23.42163641307248,"oneway":false},"geometry":{"type":"LineString","coordinates":[[125.0297569,11.281257],[125.0295476,11.2813043]]}},{"type":"Feature","properties":{"u":"8382614551","v":"8382614545","key":"0","osmid":902515111,"name":null,"ref":null,"highway":"residential","length":22.422047164950744,"oneway":false},"geometry":{"type":"LineString","coordinates":[[125.0297569,11.281257],[125.0299554,11.2812044]]}},{"type":"Feature","properties":{"u":"8382614551","v":"8382614535","key":"0","osmid":902515095,"name":null,"ref":null,"highway":"residential","length":62.81670832028977,"oneway":false},"geometry":{"type":"LineString","coordinates":[[125.0297569,11.281257],[125.0297247,11.2811939],[125.0295798,11.2807204]]}},{"type":"Feature","properties":{"u":"8382614552","v":"8382614568","key":"0","osmid":902515102,"name":null,"ref":null,"highway":"residential","length":28.50054922847323,"oneway":false},"geometry":{"type":"LineString","coordinates":[[125.0292553,11.2800575],[125.0289944,11.2800727]]}},{"type":"Feature","properties":{"u":"8382614552","v":"8382614548","key":"0","osmid":902515102,"name":null,"ref":null,"highway":"residential","length":23.11838304119964,"oneway":false},"geometry":{"type":"LineString","coordinates":[[125.0292553,11.2800575],[125.0294672,11.280051]]}},{"type":"Feature","properties":{"u":"8382614552","v":"8382614534","key":"0","osmid":902515096,"name":null,"ref":null,"highway":"residential","length":81.92258978666963,"oneway":false},"geometry":{"type":"LineString","coordinates":[[125.0292553,11.2800575],[125.0292579,11.2801733],[125.0292633,11.2802575],[125.0293009,11.2805152],[125.0293867,11.2807783]]}},{"type":"Feature","properties":{"u":"8382614556","v":"8382614534","key":"0","osmid":902515096,"name":null,"ref":null,"highway":"residential","length":61.063628521234506,"oneway":false},"geometry":{"type":"LineString","coordinates":[[125.0295476,11.2813043],[125.0293867,11.2807783]]}},{"type":"Feature","properties":{"u":"8382614556","v":"8382614557","key":"0","osmid":902515111,"name":null,"ref":null,"highway":"residential","length":27.747358788786432,"oneway":false},"geometry":{"type":"LineString","coordinates":[[125.0295476,11.2813043],[125.0293062,11.2813832]]}},{"type":"Feature","properties":{"u":"8382614556","v":"8382614551","key":"0","osmid":902515111,"name":null,"ref":null,"highway":"residential","length":23.42163641307248,"oneway":false},"geometry":{"type":"LineString","coordinates":[[125.0295476,11.2813043],[125.0297569,11.281257]]}},{"type":"Feature","properties":{"u":"8382614557","v":"8382614533","key":"0","osmid":902515097,"name":null,"ref":null,"highway":"residential","length":62.182845805605815,"oneway":false},"geometry":{"type":"LineString","coordinates":[[125.0293062,11.2813832],[125.0291453,11.2808467]]}},{"type":"Feature","properties":{"u":"8382614557","v":"8382614588","key":"0","osmid":902515111,"name":null,"ref":null,"highway":"residential","length":26.528105125799932,"oneway":false},"geometry":{"type":"LineString","coordinates":[[125.0293062,11.2813832],[125.0290702,11.2814411]]}},{"type":"Feature","properties":{"u":"8382614557","v":"8382614556","key":"0","osmid":902515111,"name":null,"ref":null,"highway":"residential","length":27.747358788786432,"oneway":false},"geometry":{"type":"LineString","coordinates":[[125.0293062,11.2813832],[125.0295476,11.2813043]]}},{"type":"Feature","properties":{"u":"8382614557","v":"8382614594","key":"0","osmid":902515114,"name":null,"ref":null,"highway":"residential","length":40.81011864354979,"oneway":false},"geometry":{"type":"LineString","coordinates":[[125.0293062,11.2813832],[125.0293976,11.2817391]]}},{"type":"Feature","properties":{"u":"8382614558","v":"8382614533","key":"0","osmid":902515097,"name":null,"ref":null,"highway":"residential","length":30.011911972686885,"oneway":false},"geometry":{"type":"LineString","coordinates":[[125.0290436,11.2805959],[125.0291453,11.2808467]]}},{"type":"Feature","properties":{"u":"8382614558","v":"8382614566","key":"0","osmid":902515098,"name":null,"ref":null,"highway":"residential","length":17.51736466150964,"oneway":false},"geometry":{"type":"LineString","coordinates":[[125.0290436,11.2805959],[125.0290035,11.2805986],[125.0289656,11.2805855],[125.028936,11.2805589],[125.0289196,11.280523]]}},{"type":"Feature","properties":{"u":"8382614558","v":"8382614559","key":"0","osmid":902515098,"name":null,"ref":null,"highway":"residential","length":28.99056752335988,"oneway":false},"geometry":{"type":"LineString","coordinates":[[125.0290436,11.2805959],[125.0290776,11.2805793],[125.0291028,11.2805515],[125.0291156,11.2805164],[125.0291141,11.2804792],[125.0290985,11.2804452],[125.0290712,11.2804194],[125.0290359,11.2804055]]}},{"type":"Feature","properties":{"u":"8382614559","v":"8382614558","key":"0","osmid":902515098,"name":null,"ref":null,"highway":"residential","length":28.99056752335988,"oneway":false},"geometry":{"type":"LineString","coordinates":[[125.0290359,11.2804055],[125.0290712,11.2804194],[125.0290985,11.2804452],[125.0291141,11.2804792],[125.0291156,11.2805164],[125.0291028,11.2805515],[125.0290776,11.2805793],[125.0290436,11.2805959]]}},{"type":"Feature","properties":{"u":"8382614559","v":"8382614566","key":"0","osmid":902515098,"name":null,"ref":null,"highway":"residential","length":21.352306718045327,"oneway":false},"geometry":{"type":"LineString","coordinates":[[125.0290359,11.2804055],[125.0289871,11.2804082],[125.0289454,11.2804334],[125.0289209,11.280475],[125.0289196,11.280523]]}},{"type":"Feature","properties":{"u":"8382614559","v":"8382614568","key":"0","osmid":902515101,"name":null,"ref":null,"highway":"residential","length":37.28592884820946,"oneway":false},"geometry":{"type":"LineString","coordinates":[[125.0290359,11.2804055],[125.0290004,11.2801076],[125.0289944,11.2800727]]}},{"type":"Feature","properties":{"u":"8382614566","v":"8382614577","key":"0","osmid":902515110,"name":null,"ref":null,"highway":"residential","length":11.667682150962637,"oneway":false},"geometry":{"type":"LineString","coordinates":[[125.0289196,11.280523],[125.028814,11.2805061]]}},{"type":"Feature","properties":{"u":"8382614566","v":"8382614559","key":"0","osmid":902515098,"name":null,"ref":null,"highway":"residential","length":21.352306718045327,"oneway":false},"geometry":{"type":"LineString","coordinates":[[125.0289196,11.280523],[125.0289209,11.280475],[125.0289454,11.2804334],[125.0289871,11.2804082],[125.0290359,11.2804055]]}},{"type":"Feature","properties":{"u":"8382614566","v":"8382614558","key":"0","osmid":902515098,"name":null,"ref":null,"highway":"residential","length":17.517364661509635,"oneway":false},"geometry":{"type":"LineString","coordinates":[[125.0289196,11.280523],[125.028936,11.2805589],[125.0289656,11.2805855],[125.0290035,11.2805986],[125.0290436,11.2805959]]}},{"type":"Feature","properties":{"u":"8382614568","v":"8382614552","key":"0","osmid":902515102,"name":null,"ref":null,"highway":"residential","length":28.50054922847323,"oneway":false},"geometry":{"type":"LineString","coordinates":[[125.0289944,11.2800727],[125.0292553,11.2800575]]}},{"type":"Feature","properties":{"u":"8382614568","v":"8382614576","key":"0","osmid":902515106,"name":null,"ref":null,"highway":"residential","length":31.341420372789493,"oneway":false},"geometry":{"type":"LineString","coordinates":[[125.0289944,11.2800727],[125.0289695,11.2797919]]}},{"type":"Feature","properties":{"u":"8382614568","v":"8382614559","key":"0","osmid":902515101,"name":null,"ref":null,"highway":"residential","length":37.28592884820946,"oneway":false},"geometry":{"type":"LineString","coordinates":[[125.0289944,11.2800727],[125.0290004,11.2801076],[125.0290359,11.2804055]]}},{"type":"Feature","properties":{"u":"8382614569","v":"8382614547","key":"0","osmid":902515103,"name":null,"ref":null,"highway":"residential","length":24.328440459867284,"oneway":false},"geometry":{"type":"LineString","coordinates":[[125.029895,11.2800221],[125.0296723,11.2800352]]}},{"type":"Feature","properties":{"u":"8382614569","v":"8382562393","key":"0","osmid":902515104,"name":null,"ref":null,"highway":"residential","length":55.77529895989523,"oneway":false},"geometry":{"type":"LineString","coordinates":[[125.029895,11.2800221],[125.0298722,11.279521]]}},{"type":"Feature","properties":{"u":"8382614569","v":"10784071965","key":"0","osmid":902515104,"name":null,"ref":null,"highway":"residential","length":45.399186263465324,"oneway":false},"geometry":{"type":"LineString","coordinates":[[125.029895,11.2800221],[125.0299164,11.280272],[125.0299378,11.2804281]]}},{"type":"Feature","properties":{"u":"8382614572","v":"8382562392","key":"0","osmid":902515106,"name":null,"ref":null,"highway":"residential","length":21.679975042304317,"oneway":false},"geometry":{"type":"LineString","coordinates":[[125.0294403,11.2794158],[125.0296335,11.2794618]]}},{"type":"Feature","properties":{"u":"8382614572","v":"8382614548","key":"0","osmid":902515105,"name":null,"ref":null,"highway":"residential","length":70.77984387605359,"oneway":false},"geometry":{"type":"LineString","coordinates":[[125.0294403,11.2794158],[125.029435,11.279663],[125.0294672,11.280051]]}},{"type":"Feature","properties":{"u":"8382614572","v":"8382614576","key":"0","osmid":902515106,"name":null,"ref":null,"highway":"residential","length":85.52696438430625,"oneway":false},"geometry":{"type":"LineString","coordinates":[[125.0294403,11.2794158],[125.0291614,11.2793684],[125.0290809,11.2794579],[125.0289655,11.2796065],[125.0289695,11.2797919]]}},{"type":"Feature","properties":{"u":"8382614576","v":"8382614568","key":"0","osmid":902515106,"name":null,"ref":null,"highway":"residential","length":31.341420372789493,"oneway":false},"geometry":{"type":"LineString","coordinates":[[125.0289695,11.2797919],[125.0289944,11.2800727]]}},{"type":"Feature","properties":{"u":"8382614576","v":"8382614572","key":"0","osmid":902515106,"name":null,"ref":null,"highway":"residential","length":85.52696438430625,"oneway":false},"geometry":{"type":"LineString","coordinates":[[125.0289695,11.2797919],[125.0289655,11.2796065],[125.0290809,11.2794579],[125.0291614,11.2793684],[125.0294403,11.2794158]]}},{"type":"Feature","properties":{"u":"8382614576","v":"8382614579","key":"0","osmid":902515107,"name":null,"ref":null,"highway":"residential","length":298.1417567709052,"oneway":false},"geometry":{"type":"LineString","coordinates":[[125.0289695,11.2797919],[125.0283861,11.2797945],[125.0280388,11.2797288],[125.0278899,11.2796788],[125.027627,11.279642],[125.0276109,11.2796841],[125.0275788,11.2801523],[125.0275949,11.2804626],[125.028126,11.2805047]]}},{"type":"Feature","properties":{"u":"8382614577","v":"8382614578","key":"0","osmid":902515107,"name":null,"ref":null,"highway":"residential","length":68.61718403492121,"oneway":false},"geometry":{"type":"LineString","coordinates":[[125.028814,11.2805061],[125.028185,11.2804889]]}},{"type":"Feature","properties":{"u":"8382614577","v":"8382614566","key":"0","osmid":902515110,"name":null,"ref":null,"highway":"residential","length":11.667682150962637,"oneway":false},"geometry":{"type":"LineString","coordinates":[[125.028814,11.2805061],[125.0289196,11.280523]]}},{"type":"Feature","properties":{"u":"8382614577","v":"8382614532","key":"0","osmid":902515109,"name":null,"ref":null,"highway":"residential","length":45.78005078371144,"oneway":false},"geometry":{"type":"LineString","coordinates":[[125.028814,11.2805061],[125.028877,11.2808151],[125.0289025,11.2809084]]}},{"type":"Feature","properties":{"u":"8382614578","v":"8382614579","key":"0","osmid":902515107,"name":null,"ref":null,"highway":"residential","length":6.6693346351587515,"oneway":false},"geometry":{"type":"LineString","coordinates":[[125.028185,11.2804889],[125.028126,11.2805047]]}},{"type":"Feature","properties":{"u":"8382614578","v":"8382614577","key":"0","osmid":902515107,"name":null,"ref":null,"highway":"residential","length":68.61718403492121,"oneway":false},"geometry":{"type":"LineString","coordinates":[[125.028185,11.2804889],[125.028814,11.2805061]]}},{"type":"Feature","properties":{"u":"8382614578","v":"10784087193","key":"0","osmid":1159623197,"name":null,"ref":null,"highway":"path","length":62.13169427914395,"oneway":false},"geometry":{"type":"LineString","coordinates":[[125.028185,11.2804889],[125.0281755,11.2804562],[125.0281954,11.2804149],[125.0282421,11.280376],[125.0282911,11.2803497],[125.0283437,11.2803245],[125.0284184,11.2802947],[125.0285013,11.2802764],[125.0286063,11.2802661],[125.0286472,11.2802581]]}},{"type":"Feature","properties":{"u":"8382614579","v":"8382614578","key":"0","osmid":902515107,"name":null,"ref":null,"highway":"residential","length":6.6693346351587515,"oneway":false},"geometry":{"type":"LineString","coordinates":[[125.028126,11.2805047],[125.028185,11.2804889]]}},{"type":"Feature","properties":{"u":"8382614579","v":"8382614529","key":"0","osmid":902515108,"name":null,"ref":null,"highway":"residential","length":64.84793709291904,"oneway":false},"geometry":{"type":"LineString","coordinates":[[125.028126,11.2805047],[125.0282815,11.2810676]]}},{"type":"Feature","properties":{"u":"8382614579","v":"8382614576","key":"0","osmid":902515107,"name":null,"ref":null,"highway":"residential","length":298.1417567709052,"oneway":false},"geometry":{"type":"LineString","coordinates":[[125.028126,11.2805047],[125.0275949,11.2804626],[125.0275788,11.2801523],[125.0276109,11.2796841],[125.027627,11.279642],[125.0278899,11.2796788],[125.0280388,11.2797288],[125.0283861,11.2797945],[125.0289695,11.2797919]]}},{"type":"Feature","properties":{"u":"8382614588","v":"8382614532","key":"0","osmid":902515109,"name":null,"ref":null,"highway":"residential","length":61.99226516172915,"oneway":false},"geometry":{"type":"LineString","coordinates":[[125.0290702,11.2814411],[125.0289025,11.2809084]]}},{"type":"Feature","properties":{"u":"8382614588","v":"8382614557","key":"0","osmid":902515111,"name":null,"ref":null,"highway":"residential","length":26.528105125799932,"oneway":false},"geometry":{"type":"LineString","coordinates":[[125.0290702,11.2814411],[125.0293062,11.2813832]]}},{"type":"Feature","properties":{"u":"8382614588","v":"8382614591","key":"0","osmid":902515111,"name":null,"ref":null,"highway":"residential","length":22.27767478321199,"oneway":false},"geometry":{"type":"LineString","coordinates":[[125.0290702,11.2814411],[125.0290272,11.2814674],[125.028877,11.281499]]}},{"type":"Feature","properties":{"u":"8382614591","v":"8382614592","key":"0","osmid":902515111,"name":null,"ref":null,"highway":"residential","length":22.75451707234482,"oneway":false},"geometry":{"type":"LineString","coordinates":[[125.028877,11.281499],[125.0286785,11.2815621]]}},{"type":"Feature","properties":{"u":"8382614591","v":"8382614531","key":"0","osmid":902515116,"name":null,"ref":null,"highway":"residential","length":64.00385226744795,"oneway":false},"geometry":{"type":"LineString","coordinates":[[125.028877,11.281499],[125.0286946,11.2809519]]}},{"type":"Feature","properties":{"u":"8382614591","v":"8382614588","key":"0","osmid":902515111,"name":null,"ref":null,"highway":"residential","length":22.27767478321199,"oneway":false},"geometry":{"type":"LineString","coordinates":[[125.028877,11.281499],[125.0290272,11.2814674],[125.0290702,11.2814411]]}},{"type":"Feature","properties":{"u":"8382614592","v":"8382614591","key":"0","osmid":902515111,"name":null,"ref":null,"highway":"residential","length":22.75451707234482,"oneway":false},"geometry":{"type":"LineString","coordinates":[[125.0286785,11.2815621],[125.028877,11.281499]]}},{"type":"Feature","properties":{"u":"8382614592","v":"8382614530","key":"0","osmid":902515113,"name":null,"ref":null,"highway":"residential","length":63.6477070467453,"oneway":false},"geometry":{"type":"LineString","coordinates":[[125.0286785,11.2815621],[125.0285069,11.281015]]}},{"type":"Feature","properties":{"u":"8382614592","v":"8382614529","key":"0","osmid":[902515112,902515111],"name":null,"ref":null,"highway":"residential","length":94.4927348138637,"oneway":false},"geometry":{"type":"LineString","coordinates":[[125.0286785,11.2815621],[125.0284586,11.2816568],[125.0282815,11.2810676]]}},{"type":"Feature","properties":{"u":"8382614594","v":"8382614597","key":"0","osmid":387032401,"name":"San Juanico-Basey Road","ref":"670","highway":"primary","length":188.57317792572877,"oneway":false},"geometry":{"type":"LineString","coordinates":[[125.0293976,11.2817391],[125.0310686,11.2813025]]}},{"type":"Feature","properties":{"u":"8382614594","v":"8382614557","key":"0","osmid":902515114,"name":null,"ref":null,"highway":"residential","length":40.81011864354979,"oneway":false},"geometry":{"type":"LineString","coordinates":[[125.0293976,11.2817391],[125.0293062,11.2813832]]}},{"type":"Feature","properties":{"u":"8382614594","v":"10998028125","key":"0","osmid":387032401,"name":"San Juanico-Basey Road","ref":"670","highway":"primary","length":306.03913591520677,"oneway":false},"geometry":{"type":"LineString","coordinates":[[125.0293976,11.2817391],[125.0282067,11.2820706],[125.0276434,11.2822126],[125.0266788,11.2824174]]}},{"type":"Feature","properties":{"u":"8382614597","v":"8382614594","key":"0","osmid":387032401,"name":"San Juanico-Basey Road","ref":"670","highway":"primary","length":188.57317792572877,"oneway":false},"geometry":{"type":"LineString","coordinates":[[125.0310686,11.2813025],[125.0293976,11.2817391]]}},{"type":"Feature","properties":{"u":"8382614597","v":"8382614517","key":"0","osmid":902515117,"name":null,"ref":null,"highway":"residential","length":36.22894177634596,"oneway":false},"geometry":{"type":"LineString","coordinates":[[125.0310686,11.2813025],[125.0310015,11.2809834]]}},{"type":"Feature","properties":{"u":"8382614597","v":"278505378","key":"0","osmid":387032401,"name":"San Juanico-Basey Road","ref":"670","highway":"primary","length":174.55531595290864,"oneway":false},"geometry":{"type":"LineString","coordinates":[[125.0310686,11.2813025],[125.0312993,11.2812394],[125.0316277,11.2812183],[125.0319179,11.2812472],[125.0321703,11.2812971],[125.0323851,11.2814064],[125.0325787,11.2815471]]}},{"type":"Feature","properties":{"u":"8382614616","v":"8382614617","key":"0","osmid":902515119,"name":null,"ref":null,"highway":"residential","length":51.042815019071035,"oneway":false},"geometry":{"type":"LineString","coordinates":[[125.0248057,11.2818151],[125.0252697,11.2817546]]}},{"type":"Feature","properties":{"u":"8382614616","v":"8382614630","key":"0","osmid":902515125,"name":null,"ref":null,"highway":"residential","length":56.56115779243556,"oneway":false},"geometry":{"type":"LineString","coordinates":[[125.0248057,11.2818151],[125.0243019,11.2819361]]}},{"type":"Feature","properties":{"u":"8382614616","v":"8382614628","key":"0","osmid":902515126,"name":null,"ref":null,"highway":"residential","length":28.47478580312608,"oneway":false},"geometry":{"type":"LineString","coordinates":[[125.0248057,11.2818151],[125.0248486,11.2820677]]}},{"type":"Feature","properties":{"u":"8382614616","v":"10998028133","key":"0","osmid":902515126,"name":null,"ref":null,"highway":"residential","length":23.163877109997877,"oneway":false},"geometry":{"type":"LineString","coordinates":[[125.0248057,11.2818151],[125.0247869,11.2816076]]}},{"type":"Feature","properties":{"u":"8382614617","v":"10998028112","key":"0","osmid":902515119,"name":null,"ref":null,"highway":"residential","length":72.47001121148641,"oneway":false},"geometry":{"type":"LineString","coordinates":[[125.0252697,11.2817546],[125.0259216,11.2816279]]}},{"type":"Feature","properties":{"u":"8382614617","v":"8382614616","key":"0","osmid":902515119,"name":null,"ref":null,"highway":"residential","length":51.042815019071035,"oneway":false},"geometry":{"type":"LineString","coordinates":[[125.0252697,11.2817546],[125.0248057,11.2818151]]}},{"type":"Feature","properties":{"u":"8382614617","v":"10998028107","key":"0","osmid":1184269675,"name":null,"ref":null,"highway":"residential","length":103.48331500661281,"oneway":false},"geometry":{"type":"LineString","coordinates":[[125.0252697,11.2817546],[125.0251944,11.2812199],[125.0251735,11.2810717],[125.0251399,11.2808327]]}},{"type":"Feature","properties":{"u":"8382614620","v":"10998028131","key":"0","osmid":902515119,"name":null,"ref":null,"highway":"residential","length":31.813521080128865,"oneway":false},"geometry":{"type":"LineString","coordinates":[[125.0264713,11.2819651],[125.0265223,11.2822468]]}},{"type":"Feature","properties":{"u":"8382614620","v":"8382614622","key":"0","osmid":902515122,"name":null,"ref":null,"highway":"residential","length":174.15024428988727,"oneway":false},"geometry":{"type":"LineString","coordinates":[[125.0264713,11.2819651],[125.0249076,11.2822834]]}},{"type":"Feature","properties":{"u":"8382614620","v":"10998028108","key":"0","osmid":902515119,"name":null,"ref":null,"highway":"residential","length":43.881079101292954,"oneway":false},"geometry":{"type":"LineString","coordinates":[[125.0264713,11.2819651],[125.0263721,11.281656],[125.0263305,11.2815984]]}},{"type":"Feature","properties":{"u":"8382614620","v":"10998028114","key":"0","osmid":[902515122,1184269676],"name":null,"ref":null,"highway":"residential","length":208.57447079784086,"oneway":false},"geometry":{"type":"LineString","coordinates":[[125.0264713,11.2819651],[125.0269233,11.2818733],[125.0269622,11.2818404],[125.0269984,11.2817891],[125.0272398,11.2811868],[125.0266162,11.2809303]]}},{"type":"Feature","properties":{"u":"8382614622","v":"8382614627","key":"0","osmid":902515122,"name":null,"ref":null,"highway":"residential","length":58.12742692369911,"oneway":false},"geometry":{"type":"LineString","coordinates":[[125.0249076,11.2822834],[125.0243824,11.2823728]]}},{"type":"Feature","properties":{"u":"8382614622","v":"8382614620","key":"0","osmid":902515122,"name":null,"ref":null,"highway":"residential","length":174.15024428988727,"oneway":false},"geometry":{"type":"LineString","coordinates":[[125.0249076,11.2822834],[125.0264713,11.2819651]]}},{"type":"Feature","properties":{"u":"8382614622","v":"8382614628","key":"0","osmid":902515126,"name":null,"ref":null,"highway":"residential","length":24.832691268256404,"oneway":false},"geometry":{"type":"LineString","coordinates":[[125.0249076,11.2822834],[125.0248486,11.2820677]]}},{"type":"Feature","properties":{"u":"8382614623","v":"8382614626","key":"0","osmid":902515127,"name":null,"ref":null,"highway":"residential","length":54.00096832863067,"oneway":false},"geometry":{"type":"LineString","coordinates":[[125.02332,11.2822492],[125.0236742,11.2825886]]}},{"type":"Feature","properties":{"u":"8382614623","v":"10998028138","key":"0","osmid":902515127,"name":null,"ref":null,"highway":"residential","length":18.11474810905334,"oneway":false},"geometry":{"type":"LineString","coordinates":[[125.02332,11.2822492],[125.0231718,11.2821756]]}},{"type":"Feature","properties":{"u":"8382614623","v":"10998028132","key":"0","osmid":902515121,"name":null,"ref":null,"highway":"residential","length":71.92440319246404,"oneway":false},"geometry":{"type":"LineString","coordinates":[[125.02332,11.2822492],[125.0237519,11.282069],[125.0239309,11.2820059]]}},{"type":"Feature","properties":{"u":"8382614626","v":"8382614623","key":"0","osmid":902515127,"name":null,"ref":null,"highway":"residential","length":54.00096832863067,"oneway":false},"geometry":{"type":"LineString","coordinates":[[125.0236742,11.2825886],[125.02332,11.2822492]]}},{"type":"Feature","properties":{"u":"8382614626","v":"8382614627","key":"0","osmid":902515122,"name":null,"ref":null,"highway":"residential","length":81.11851957527577,"oneway":false},"geometry":{"type":"LineString","coordinates":[[125.0236742,11.2825886],[125.0239907,11.2824623],[125.0243824,11.2823728]]}},{"type":"Feature","properties":{"u":"8382614626","v":"8382614640","key":"0","osmid":902515127,"name":null,"ref":null,"highway":"residential","length":65.7764198731831,"oneway":false},"geometry":{"type":"LineString","coordinates":[[125.0236742,11.2825886],[125.0237707,11.2826833],[125.0238982,11.2829306],[125.0239943,11.2830846]]}},{"type":"Feature","properties":{"u":"8382614627","v":"8382614622","key":"0","osmid":902515122,"name":null,"ref":null,"highway":"residential","length":58.12742692369911,"oneway":false},"geometry":{"type":"LineString","coordinates":[[125.0243824,11.2823728],[125.0249076,11.2822834]]}},{"type":"Feature","properties":{"u":"8382614627","v":"8382614629","key":"0","osmid":1184269678,"name":null,"ref":null,"highway":"residential","length":24.33271041012171,"oneway":false},"geometry":{"type":"LineString","coordinates":[[125.0243824,11.2823728],[125.0243448,11.2821571]]}},{"type":"Feature","properties":{"u":"8382614627","v":"8382614626","key":"0","osmid":902515122,"name":null,"ref":null,"highway":"residential","length":81.11851957527577,"oneway":false},"geometry":{"type":"LineString","coordinates":[[125.0243824,11.2823728],[125.0239907,11.2824623],[125.0236742,11.2825886]]}},{"type":"Feature","properties":{"u":"8382614628","v":"8382614629","key":"0","osmid":902515123,"name":null,"ref":null,"highway":"residential","length":55.829683003625306,"oneway":false},"geometry":{"type":"LineString","coordinates":[[125.0248486,11.2820677],[125.0243448,11.2821571]]}},{"type":"Feature","properties":{"u":"8382614628","v":"8382614622","key":"0","osmid":902515126,"name":null,"ref":null,"highway":"residential","length":24.832691268256404,"oneway":false},"geometry":{"type":"LineString","coordinates":[[125.0248486,11.2820677],[125.0249076,11.2822834]]}},{"type":"Feature","properties":{"u":"8382614628","v":"8382614616","key":"0","osmid":902515126,"name":null,"ref":null,"highway":"residential","length":28.47478580312608,"oneway":false},"geometry":{"type":"LineString","coordinates":[[125.0248486,11.2820677],[125.0248057,11.2818151]]}},{"type":"Feature","properties":{"u":"8382614629","v":"8382614628","key":"0","osmid":902515123,"name":null,"ref":null,"highway":"residential","length":55.829683003625306,"oneway":false},"geometry":{"type":"LineString","coordinates":[[125.0243448,11.2821571],[125.0248486,11.2820677]]}},{"type":"Feature","properties":{"u":"8382614629","v":"8382614627","key":"0","osmid":1184269678,"name":null,"ref":null,"highway":"residential","length":24.33271041012171,"oneway":false},"geometry":{"type":"LineString","coordinates":[[125.0243448,11.2821571],[125.0243824,11.2823728]]}},{"type":"Feature","properties":{"u":"8382614629","v":"8382614630","key":"0","osmid":1184269678,"name":null,"ref":null,"highway":"residential","length":25.015426561535826,"oneway":false},"geometry":{"type":"LineString","coordinates":[[125.0243448,11.2821571],[125.0243019,11.2819361]]}},{"type":"Feature","properties":{"u":"8382614630","v":"10998028132","key":"0","osmid":902515121,"name":null,"ref":null,"highway":"residential","length":41.193983354193364,"oneway":false},"geometry":{"type":"LineString","coordinates":[[125.0243019,11.2819361],[125.0239309,11.2820059]]}},{"type":"Feature","properties":{"u":"8382614630","v":"8382614616","key":"0","osmid":902515125,"name":null,"ref":null,"highway":"residential","length":56.56115779243556,"oneway":false},"geometry":{"type":"LineString","coordinates":[[125.0243019,11.2819361],[125.0248057,11.2818151]]}},{"type":"Feature","properties":{"u":"8382614630","v":"8382614629","key":"0","osmid":1184269678,"name":null,"ref":null,"highway":"residential","length":25.015426561535826,"oneway":false},"geometry":{"type":"LineString","coordinates":[[125.0243019,11.2819361],[125.0243448,11.2821571]]}},{"type":"Feature","properties":{"u":"8382614631","v":"10998028175","key":"0","osmid":902515129,"name":null,"ref":null,"highway":"residential","length":49.107867690978054,"oneway":false},"geometry":{"type":"LineString","coordinates":[[125.0208359,11.2816296],[125.0209057,11.2811933]]}},{"type":"Feature","properties":{"u":"8382614631","v":"8382614644","key":"0","osmid":902515129,"name":null,"ref":null,"highway":"residential","length":60.35411478278254,"oneway":false},"geometry":{"type":"LineString","coordinates":[[125.0208359,11.2816296],[125.0207634,11.2821677]]}},{"type":"Feature","properties":{"u":"8382614631","v":"8382614634","key":"0","osmid":902515127,"name":null,"ref":null,"highway":"residential","length":76.7575953900486,"oneway":false},"geometry":{"type":"LineString","coordinates":[[125.0208359,11.2816296],[125.0213563,11.2816099],[125.0215387,11.2815941]]}},{"type":"Feature","properties":{"u":"8382614631","v":"8382614646","key":"0","osmid":902515130,"name":null,"ref":null,"highway":"residential","length":75.79899623195854,"oneway":false},"geometry":{"type":"LineString","coordinates":[[125.0208359,11.2816296],[125.0205406,11.2815954],[125.0201463,11.2815441]]}},{"type":"Feature","properties":{"u":"8382614634","v":"10998028187","key":"0","osmid":902515127,"name":null,"ref":null,"highway":"residential","length":29.80789143887846,"oneway":false},"geometry":{"type":"LineString","coordinates":[[125.0215387,11.2815941],[125.0218115,11.2815771]]}},{"type":"Feature","properties":{"u":"8382614634","v":"8382614631","key":"0","osmid":902515127,"name":null,"ref":null,"highway":"residential","length":76.7575953900486,"oneway":false},"geometry":{"type":"LineString","coordinates":[[125.0215387,11.2815941],[125.0213563,11.2816099],[125.0208359,11.2816296]]}},{"type":"Feature","properties":{"u":"8382614634","v":"10998020701","key":"0","osmid":902515128,"name":null,"ref":null,"highway":"residential","length":93.97573604836612,"oneway":false},"geometry":{"type":"LineString","coordinates":[[125.0215387,11.2815941],[125.0216246,11.2821518],[125.021609,11.2824325]]}},{"type":"Feature","properties":{"u":"8382614637","v":"10998028138","key":"0","osmid":902515127,"name":null,"ref":null,"highway":"residential","length":38.949759598763514,"oneway":false},"geometry":{"type":"LineString","coordinates":[[125.0228586,11.2820072],[125.0231718,11.2821756]]}},{"type":"Feature","properties":{"u":"8382614637","v":"10998028147","key":"0","osmid":902515127,"name":null,"ref":null,"highway":"residential","length":51.92901466539146,"oneway":false},"geometry":{"type":"LineString","coordinates":[[125.0228586,11.2820072],[125.0225028,11.2816968]]}},{"type":"Feature","properties":{"u":"8382614637","v":"10998028134","key":"0","osmid":1184269680,"name":null,"ref":null,"highway":"residential","length":128.22231691306925,"oneway":false},"geometry":{"type":"LineString","coordinates":[[125.0228586,11.2820072],[125.0235638,11.2815221],[125.0236671,11.2814695],[125.0237596,11.2814551],[125.0238615,11.2814774]]}},{"type":"Feature","properties":{"u":"8382614640","v":"8382610957","key":"0","osmid":387032401,"name":"San Juanico-Basey Road","ref":"670","highway":"primary","length":338.75721955902316,"oneway":false},"geometry":{"type":"LineString","coordinates":[[125.0239943,11.2830846],[125.0210935,11.2841749]]}},{"type":"Feature","properties":{"u":"8382614640","v":"10998028130","key":"0","osmid":387032401,"name":"San Juanico-Basey Road","ref":"670","highway":"primary","length":275.6641883262925,"oneway":false},"geometry":{"type":"LineString","coordinates":[[125.0239943,11.2830846],[125.0242596,11.2830063],[125.0249022,11.2827913],[125.0264392,11.2824681]]}},{"type":"Feature","properties":{"u":"8382614640","v":"8382614626","key":"0","osmid":902515127,"name":null,"ref":null,"highway":"residential","length":65.77641987318309,"oneway":false},"geometry":{"type":"LineString","coordinates":[[125.0239943,11.2830846],[125.0238982,11.2829306],[125.0237707,11.2826833],[125.0236742,11.2825886]]}},{"type":"Feature","properties":{"u":"8382614641","v":"8382614642","key":"0","osmid":902515128,"name":null,"ref":null,"highway":"residential","length":36.31128274119402,"oneway":false},"geometry":{"type":"LineString","coordinates":[[125.0213563,11.2831147],[125.0215843,11.2828767]]}},{"type":"Feature","properties":{"u":"8382614641","v":"10998028152","key":"0","osmid":1184269685,"name":null,"ref":null,"highway":"residential","length":21.290596844001197,"oneway":false},"geometry":{"type":"LineString","coordinates":[[125.0213563,11.2831147],[125.0211779,11.2831925]]}},{"type":"Feature","properties":{"u":"8382614641","v":"8382610939","key":"0","osmid":1184269685,"name":null,"ref":null,"highway":"residential","length":26.542668858770078,"oneway":false},"geometry":{"type":"LineString","coordinates":[[125.0213563,11.2831147],[125.0214583,11.2832766],[125.021485,11.2833173]]}},{"type":"Feature","properties":{"u":"8382614642","v":"10998020701","key":"0","osmid":902515128,"name":null,"ref":null,"highway":"residential","length":49.46623956971215,"oneway":false},"geometry":{"type":"LineString","coordinates":[[125.0215843,11.2828767],[125.021609,11.2824325]]}},{"type":"Feature","properties":{"u":"8382614642","v":"8382614641","key":"0","osmid":902515128,"name":null,"ref":null,"highway":"residential","length":36.31128274119402,"oneway":false},"geometry":{"type":"LineString","coordinates":[[125.0215843,11.2828767],[125.0213563,11.2831147]]}},{"type":"Feature","properties":{"u":"8382614642","v":"10998028148","key":"0","osmid":902515194,"name":null,"ref":null,"highway":"residential","length":34.88275565027895,"oneway":false},"geometry":{"type":"LineString","coordinates":[[125.0215843,11.2828767],[125.0218861,11.2829807]]}},{"type":"Feature","properties":{"u":"8382614642","v":"8382610956","key":"0","osmid":902515194,"name":null,"ref":null,"highway":"residential","length":48.802925632188675,"oneway":false},"geometry":{"type":"LineString","coordinates":[[125.0215843,11.2828767],[125.0214033,11.2828505],[125.021139,11.2828385]]}},{"type":"Feature","properties":{"u":"8382614644","v":"8382614631","key":"0","osmid":902515129,"name":null,"ref":null,"highway":"residential","length":60.35411478278254,"oneway":false},"geometry":{"type":"LineString","coordinates":[[125.0207634,11.2821677],[125.0208359,11.2816296]]}},{"type":"Feature","properties":{"u":"8382614644","v":"8382614648","key":"0","osmid":1184269687,"name":null,"ref":null,"highway":"residential","length":74.82161748382666,"oneway":false},"geometry":{"type":"LineString","coordinates":[[125.0207634,11.2821677],[125.020082,11.2820887]]}},{"type":"Feature","properties":{"u":"8382614644","v":"10998020702","key":"0","osmid":902515129,"name":null,"ref":null,"highway":"residential","length":22.161999373788888,"oneway":false},"geometry":{"type":"LineString","coordinates":[[125.0207634,11.2821677],[125.0207554,11.2823097],[125.0207486,11.2823664]]}},{"type":"Feature","properties":{"u":"8382614646","v":"10998028170","key":"0","osmid":902515130,"name":null,"ref":null,"highway":"residential","length":46.2493453014253,"oneway":false},"geometry":{"type":"LineString","coordinates":[[125.0201463,11.2815441],[125.0197271,11.2814809]]}},{"type":"Feature","properties":{"u":"8382614646","v":"8382614648","key":"0","osmid":902515131,"name":null,"ref":null,"highway":"residential","length":60.961421617082316,"oneway":false},"geometry":{"type":"LineString","coordinates":[[125.0201463,11.2815441],[125.020082,11.2820887]]}},{"type":"Feature","properties":{"u":"8382614646","v":"10998028176","key":"0","osmid":902515131,"name":null,"ref":null,"highway":"residential","length":55.05016786815992,"oneway":false},"geometry":{"type":"LineString","coordinates":[[125.0201463,11.2815441],[125.0202258,11.2810552]]}},{"type":"Feature","properties":{"u":"8382614646","v":"8382614631","key":"0","osmid":902515130,"name":null,"ref":null,"highway":"residential","length":75.79899623195854,"oneway":false},"geometry":{"type":"LineString","coordinates":[[125.0201463,11.2815441],[125.0205406,11.2815954],[125.0208359,11.2816296]]}},{"type":"Feature","properties":{"u":"8382614647","v":"10998028170","key":"0","osmid":902515130,"name":null,"ref":null,"highway":"residential","length":13.571505601359862,"oneway":false},"geometry":{"type":"LineString","coordinates":[[125.0196045,11.2814599],[125.0197271,11.2814809]]}},{"type":"Feature","properties":{"u":"8382614648","v":"8382614649","key":"0","osmid":902515131,"name":null,"ref":null,"highway":"residential","length":50.93139958205448,"oneway":false},"geometry":{"type":"LineString","coordinates":[[125.020082,11.2820887],[125.0200096,11.2825412]]}},{"type":"Feature","properties":{"u":"8382614648","v":"8382614646","key":"0","osmid":902515131,"name":null,"ref":null,"highway":"residential","length":60.961421617082316,"oneway":false},"geometry":{"type":"LineString","coordinates":[[125.020082,11.2820887],[125.0201463,11.2815441]]}},{"type":"Feature","properties":{"u":"8382614648","v":"8382614644","key":"0","osmid":1184269687,"name":null,"ref":null,"highway":"residential","length":74.82161748382666,"oneway":false},"geometry":{"type":"LineString","coordinates":[[125.020082,11.2820887],[125.0207634,11.2821677]]}},{"type":"Feature","properties":{"u":"8382614649","v":"8382614648","key":"0","osmid":902515131,"name":null,"ref":null,"highway":"residential","length":50.93139958205448,"oneway":false},"geometry":{"type":"LineString","coordinates":[[125.0200096,11.2825412],[125.020082,11.2820887]]}},{"type":"Feature","properties":{"u":"8382614649","v":"8382610937","key":"0","osmid":902515194,"name":null,"ref":null,"highway":"residential","length":37.02859278417064,"oneway":false},"geometry":{"type":"LineString","coordinates":[[125.0200096,11.2825412],[125.0203167,11.2826833]]}},{"type":"Feature","properties":{"u":"8382614649","v":"10998028151","key":"0","osmid":902515194,"name":null,"ref":null,"highway":"residential","length":36.485567620776216,"oneway":false},"geometry":{"type":"LineString","coordinates":[[125.0200096,11.2825412],[125.0197002,11.2824163]]}},{"type":"Feature","properties":{"u":"8382619917","v":"1684194259","key":"0","osmid":156132400,"name":null,"ref":null,"highway":"residential","length":45.974629731532445,"oneway":false},"geometry":{"type":"LineString","coordinates":[[125.0106933,11.2770568],[125.0108501,11.276673]]}},{"type":"Feature","properties":{"u":"8382619917","v":"1684194114","key":"0","osmid":156132400,"name":null,"ref":null,"highway":"residential","length":61.59520065636739,"oneway":false},"geometry":{"type":"LineString","coordinates":[[125.0106933,11.2770568],[125.0104863,11.2775722]]}},{"type":"Feature","properties":{"u":"8382619917","v":"8382619918","key":"0","osmid":902515667,"name":null,"ref":null,"highway":"residential","length":62.11933186252552,"oneway":false},"geometry":{"type":"LineString","coordinates":[[125.0106933,11.2770568],[125.0112257,11.2772555]]}},{"type":"Feature","properties":{"u":"8382619918","v":"2528344611","key":"0","osmid":156132398,"name":null,"ref":null,"highway":"residential","length":46.232607164528225,"oneway":false},"geometry":{"type":"LineString","coordinates":[[125.0112257,11.2772555],[125.0113919,11.276873]]}},{"type":"Feature","properties":{"u":"8382619918","v":"1684194154","key":"0","osmid":156132398,"name":null,"ref":null,"highway":"residential","length":55.96792694671429,"oneway":false},"geometry":{"type":"LineString","coordinates":[[125.0112257,11.2772555],[125.0110972,11.2777428]]}},{"type":"Feature","properties":{"u":"8382619918","v":"8382619917","key":"0","osmid":902515667,"name":null,"ref":null,"highway":"residential","length":62.11933186252552,"oneway":false},"geometry":{"type":"LineString","coordinates":[[125.0112257,11.2772555],[125.0106933,11.2770568]]}},{"type":"Feature","properties":{"u":"8382619925","v":"1684194151","key":"0","osmid":245682713,"name":null,"ref":null,"highway":"tertiary","length":129.73444155100833,"oneway":false},"geometry":{"type":"LineString","coordinates":[[125.0130307,11.2809814],[125.0129933,11.2808797],[125.012932,11.2806609],[125.0128598,11.2803772],[125.0127314,11.2798528]]}},{"type":"Feature","properties":{"u":"8382619925","v":"8449239470","key":"0","osmid":245682713,"name":null,"ref":null,"highway":"tertiary","length":120.39117008709448,"oneway":false},"geometry":{"type":"LineString","coordinates":[[125.0130307,11.2809814],[125.0130742,11.2810545],[125.0131377,11.2811327],[125.0133639,11.2813705],[125.0136769,11.2816211],[125.0138199,11.2817285]]}},{"type":"Feature","properties":{"u":"8382619925","v":"8382619928","key":"0","osmid":902515669,"name":null,"ref":null,"highway":"residential","length":153.12178479669166,"oneway":false},"geometry":{"type":"LineString","coordinates":[[125.0130307,11.2809814],[125.0122908,11.2814731],[125.0120923,11.2817046],[125.0120155,11.2818878]]}},{"type":"Feature","properties":{"u":"8382619928","v":"8382619929","key":"0","osmid":902515669,"name":null,"ref":null,"highway":"residential","length":74.81044223243576,"oneway":false},"geometry":{"type":"LineString","coordinates":[[125.0120155,11.2818878],[125.0118133,11.2825307]]}},{"type":"Feature","properties":{"u":"8382619928","v":"8382619929","key":"1","osmid":902515670,"name":null,"ref":null,"highway":"residential","length":179.87613304288425,"oneway":false},"geometry":{"type":"LineString","coordinates":[[125.0120155,11.2818878],[125.0125591,11.2820992],[125.0124947,11.2823044],[125.0124464,11.2823939],[125.0123481,11.2825716],[125.0118133,11.2825307]]}},{"type":"Feature","properties":{"u":"8382619928","v":"8382619925","key":"0","osmid":902515669,"name":null,"ref":null,"highway":"residential","length":153.12178479669166,"oneway":false},"geometry":{"type":"LineString","coordinates":[[125.0120155,11.2818878],[125.0120923,11.2817046],[125.0122908,11.2814731],[125.0130307,11.2809814]]}},{"type":"Feature","properties":{"u":"8382619929","v":"8382619928","key":"0","osmid":902515669,"name":null,"ref":null,"highway":"residential","length":74.81044223243576,"oneway":false},"geometry":{"type":"LineString","coordinates":[[125.0118133,11.2825307],[125.0120155,11.2818878]]}},{"type":"Feature","properties":{"u":"8382619929","v":"8382619928","key":"1","osmid":902515670,"name":null,"ref":null,"highway":"residential","length":179.87613304288425,"oneway":false},"geometry":{"type":"LineString","coordinates":[[125.0118133,11.2825307],[125.0123481,11.2825716],[125.0124464,11.2823939],[125.0124947,11.2823044],[125.0125591,11.2820992],[125.0120155,11.2818878]]}},{"type":"Feature","properties":{"u":"8382619929","v":"8382619939","key":"0","osmid":902515669,"name":null,"ref":null,"highway":"residential","length":315.451759310161,"oneway":false},"geometry":{"type":"LineString","coordinates":[[125.0118133,11.2825307],[125.0117422,11.2826543],[125.0114377,11.2827043],[125.0112284,11.2828569],[125.0111694,11.2829464],[125.0110889,11.2830253],[125.0109333,11.2832621],[125.0106275,11.2837093],[125.0104773,11.2838935],[125.0102197,11.2841303],[125.0102412,11.2846459]]}},{"type":"Feature","properties":{"u":"8382619939","v":"8382619929","key":"0","osmid":902515669,"name":null,"ref":null,"highway":"residential","length":315.45175931016104,"oneway":false},"geometry":{"type":"LineString","coordinates":[[125.0102412,11.2846459],[125.0102197,11.2841303],[125.0104773,11.2838935],[125.0106275,11.2837093],[125.0109333,11.2832621],[125.0110889,11.2830253],[125.0111694,11.2829464],[125.0112284,11.2828569],[125.0114377,11.2827043],[125.0117422,11.2826543],[125.0118133,11.2825307]]}},{"type":"Feature","properties":{"u":"8382868405","v":"8382868409","key":"0","osmid":1411601872,"name":"Basey-Sohoton Road","ref":null,"highway":"secondary","length":75.4694813256131,"oneway":false},"geometry":{"type":"LineString","coordinates":[[125.0961251,11.3152638],[125.0967851,11.3154683]]}},{"type":"Feature","properties":{"u":"8382868405","v":"8382868409","key":"1","osmid":902547142,"name":null,"ref":null,"highway":"residential","length":180.10147895428386,"oneway":false},"geometry":{"type":"LineString","coordinates":[[125.0961251,11.3152638],[125.0962485,11.3148246],[125.0962807,11.3147878],[125.0968548,11.3149403],[125.0967851,11.3154683]]}},{"type":"Feature","properties":{"u":"8382868405","v":"8318300015","key":"0","osmid":[894884450,894884451,1122002634,1411601872,132216408],"name":"Basey-Sohoton Road","ref":null,"highway":"secondary","length":2189.2655819605366,"oneway":false},"geometry":{"type":"LineString","coordinates":[[125.0961251,11.3152638],[125.0958378,11.3151742],[125.0956278,11.3151029],[125.0920382,11.313998],[125.0847379,11.3115921],[125.0842013,11.3113795],[125.083938,11.3112073],[125.0837861,11.3110149],[125.0817765,11.3078519],[125.0816959,11.3077357],[125.080305,11.3055715],[125.0800903,11.3052463]]}},{"type":"Feature","properties":{"u":"8382868409","v":"1551879528","key":"0","osmid":1411601872,"name":"Basey-Sohoton Road","ref":null,"highway":"secondary","length":51.54524508052237,"oneway":false},"geometry":{"type":"LineString","coordinates":[[125.0967851,11.3154683],[125.0972359,11.3156079]]}},{"type":"Feature","properties":{"u":"8382868409","v":"8382868405","key":"0","osmid":1411601872,"name":"Basey-Sohoton Road","ref":null,"highway":"secondary","length":75.4694813256131,"oneway":false},"geometry":{"type":"LineString","coordinates":[[125.0967851,11.3154683],[125.0961251,11.3152638]]}},{"type":"Feature","properties":{"u":"8382868409","v":"8382868405","key":"1","osmid":902547142,"name":null,"ref":null,"highway":"residential","length":180.10147895428383,"oneway":false},"geometry":{"type":"LineString","coordinates":[[125.0967851,11.3154683],[125.0968548,11.3149403],[125.0962807,11.3147878],[125.0962485,11.3148246],[125.0961251,11.3152638]]}},{"type":"Feature","properties":{"u":"8382908722","v":"8314834439","key":"0","osmid":894559906,"name":null,"ref":null,"highway":"residential","length":45.064914072412,"oneway":false},"geometry":{"type":"LineString","coordinates":[[125.1055191,11.322204],[125.1054275,11.3218088]]}},{"type":"Feature","properties":{"u":"8382908722","v":"8314834435","key":"0","osmid":894559906,"name":null,"ref":null,"highway":"residential","length":38.49555290312284,"oneway":false},"geometry":{"type":"LineString","coordinates":[[125.1055191,11.322204],[125.1055973,11.3225416]]}},{"type":"Feature","properties":{"u":"8382908722","v":"8382908723","key":"0","osmid":902547145,"name":null,"ref":null,"highway":"residential","length":44.95401509292998,"oneway":false},"geometry":{"type":"LineString","coordinates":[[125.1055191,11.322204],[125.1051103,11.3222566]]}},{"type":"Feature","properties":{"u":"8382908723","v":"8314834446","key":"0","osmid":894559908,"name":null,"ref":null,"highway":"residential","length":51.3182677974546,"oneway":false},"geometry":{"type":"LineString","coordinates":[[125.1051103,11.3222566],[125.105009,11.3218059]]}},{"type":"Feature","properties":{"u":"8382908723","v":"8382908722","key":"0","osmid":902547145,"name":null,"ref":null,"highway":"residential","length":44.95401509292998,"oneway":false},"geometry":{"type":"LineString","coordinates":[[125.1051103,11.3222566],[125.1055191,11.322204]]}},{"type":"Feature","properties":{"u":"8382908723","v":"8314834436","key":"0","osmid":894559908,"name":null,"ref":null,"highway":"residential","length":40.456682743111514,"oneway":false},"geometry":{"type":"LineString","coordinates":[[125.1051103,11.3222566],[125.1051163,11.3222834],[125.1051902,11.3226119]]}},{"type":"Feature","properties":{"u":"8382917539","v":"5078007603","key":"0","osmid":[188698176,1209655321,909577177],"name":"Maydolong - Basey Road","ref":null,"highway":"secondary","length":5468.842768162156,"oneway":false},"geometry":{"type":"LineString","coordinates":[[125.193529,11.3606993],[125.1928584,11.3605638],[125.1924874,11.3604629],[125.1923881,11.3604297],[125.1922626,11.3603773],[125.1920865,11.360284],[125.1916734,11.3600233],[125.1915317,11.3599479],[125.1913583,11.3598737],[125.1910511,11.3597843],[125.1905715,11.3596766],[125.1904477,11.3596143],[125.190353,11.3595414],[125.1902582,11.3594571],[125.1901819,11.3593793],[125.190103,11.3592927],[125.1900274,11.3591873],[125.1899317,11.3590203],[125.1898703,11.3588883],[125.1898029,11.3587748],[125.1897491,11.3587002],[125.1896629,11.3586141],[125.1895198,11.3584989],[125.1893741,11.3583952],[125.1893119,11.3583354],[125.1892721,11.3582767],[125.1892496,11.3582052],[125.189244,11.3581311],[125.1892456,11.3580519],[125.1892773,11.3579633],[125.1893745,11.3577393],[125.1895022,11.3574356],[125.189518,11.3573696],[125.1895065,11.3572683],[125.1894829,11.3571923],[125.1894372,11.3571019],[125.1893718,11.3570156],[125.1892292,11.3568498],[125.1890914,11.3567184],[125.1889601,11.3566232],[125.1888209,11.3565825],[125.1886486,11.3565689],[125.188434,11.3565826],[125.1882513,11.3566171],[125.1880723,11.3566537],[125.1878444,11.3567074],[125.1876367,11.3567386],[125.1875332,11.3567425],[125.1874338,11.3567188],[125.1872814,11.3566716],[125.1871499,11.3565995],[125.1870213,11.3565288],[125.1869434,11.3565005],[125.1868417,11.356478],[125.1867463,11.3564762],[125.1865606,11.3564897],[125.1863005,11.3565035],[125.1862191,11.356473],[125.1861633,11.356414],[125.1860268,11.3562051],[125.1858733,11.355955],[125.1858151,11.355881],[125.1857391,11.3558191],[125.1856566,11.3557793],[125.1855624,11.3557566],[125.1853711,11.355724],[125.1850282,11.3556628],[125.1844959,11.3555546],[125.1841385,11.3554922],[125.1840499,11.3554986],[125.1839715,11.3555178],[125.1838713,11.3555578],[125.1837784,11.3556133],[125.1835762,11.3557442],[125.1833316,11.3558937],[125.1831523,11.355956],[125.1829355,11.356019],[125.1826963,11.3560524],[125.1822883,11.3560863],[125.1821802,11.3560787],[125.1820094,11.356057],[125.1817722,11.3560637],[125.1814759,11.356057],[125.18113,11.3560451],[125.1809583,11.3560607],[125.180758,11.3561067],[125.1804793,11.3561868],[125.1802254,11.3562749],[125.1800443,11.3563334],[125.1799425,11.3563898],[125.1798491,11.3564647],[125.1797647,11.3565713],[125.1796698,11.3566965],[125.1795983,11.3568105],[125.17951,11.3569618],[125.1794211,11.3571229],[125.1793441,11.3572859],[125.179269,11.3574022],[125.1792089,11.3575081],[125.1791158,11.3576045],[125.17901,11.3576872],[125.1788902,11.3577386],[125.1787303,11.3577877],[125.1785721,11.3578039],[125.1783768,11.3577841],[125.1781568,11.3577804],[125.1780401,11.3577981],[125.1777959,11.3578803],[125.1774698,11.3579784],[125.1771597,11.3580217],[125.176854,11.3580655],[125.1765788,11.3581333],[125.1764275,11.358147],[125.1762687,11.3581437],[125.1760345,11.3580706],[125.1756683,11.3579335],[125.1753511,11.3578119],[125.1751099,11.3577112],[125.1750049,11.3576554],[125.1748296,11.3575604],[125.1746706,11.3574651],[125.17455,11.3574363],[125.1743452,11.3573924],[125.1742096,11.3573699],[125.1740825,11.3573305],[125.1738225,11.3571886],[125.1736092,11.357024],[125.1734402,11.356914],[125.173192,11.3567814],[125.1729478,11.3566512],[125.1725578,11.3564376],[125.172016,11.3561325],[125.1715406,11.3558346],[125.1710742,11.3555583],[125.1708253,11.3554426],[125.1703004,11.3552084],[125.1701545,11.3550938],[125.1699936,11.3549518],[125.1698487,11.3548177],[125.1696674,11.3546141],[125.1694217,11.3543588],[125.1692827,11.35418],[125.1689997,11.3537785],[125.1688375,11.3535554],[125.1687208,11.3534712],[125.1685992,11.3533862],[125.1683168,11.3532522],[125.1679884,11.3530925],[125.1677259,11.352959],[125.1675813,11.3529261],[125.1674058,11.3529006],[125.1671474,11.3529063],[125.1668101,11.3529527],[125.1665996,11.3529697],[125.1663517,11.3529513],[125.1660831,11.3529072],[125.1657984,11.3528759],[125.165623,11.3528519],[125.1654572,11.352826],[125.1653399,11.3527796],[125.165069,11.3526245],[125.1646807,11.3523933],[125.1645005,11.3523049],[125.1642416,11.3519512],[125.1639084,11.3517295],[125.1635983,11.3515327],[125.1634503,11.351433],[125.163373,11.3513433],[125.16335,11.3512144],[125.1633727,11.3510641],[125.1635403,11.3504661],[125.1636355,11.350356],[125.1637709,11.3502914],[125.163869,11.3502278],[125.1639784,11.3501411],[125.164038,11.3500689],[125.164212,11.3495877],[125.1643261,11.3491811],[125.1643366,11.3490802],[125.1643336,11.3489562],[125.1642457,11.3486798],[125.1641091,11.3483283],[125.1639123,11.3481053],[125.1635333,11.3477029],[125.1632747,11.3473583],[125.1632276,11.3472884],[125.1632209,11.347192],[125.1632868,11.3469735],[125.1633257,11.3467545],[125.163335,11.3465391],[125.1632945,11.3461901],[125.1632543,11.3458805],[125.1631983,11.3456792],[125.1631061,11.3454459],[125.1630601,11.3453224],[125.1629555,11.3452401],[125.1628294,11.345175],[125.1626806,11.3451316],[125.1625075,11.3450862],[125.1623117,11.344985],[125.162183,11.3448719],[125.1620473,11.3447815],[125.161889,11.3446474],[125.1617432,11.3445471],[125.1616251,11.3444696],[125.1615181,11.3443515],[125.1614223,11.344227],[125.1613375,11.3440048],[125.1612535,11.3436417],[125.1611903,11.3433931],[125.1612254,11.343215],[125.1612977,11.3431062],[125.1615027,11.3428214],[125.1616693,11.3425723],[125.1618314,11.3423352],[125.1619146,11.3422215],[125.1619456,11.3421322],[125.1619449,11.3420566],[125.1619022,11.3419142],[125.1618047,11.3417499],[125.1617458,11.3416143],[125.1616359,11.3415108],[125.1615005,11.3415008],[125.1612194,11.3415639],[125.1610194,11.3416302],[125.1608141,11.3417216],[125.1605655,11.3418661],[125.1603258,11.3420576],[125.1601815,11.3421563],[125.1600163,11.3422344]]}},{"type":"Feature","properties":{"u":"8382917539","v":"8382917613","key":"0","osmid":188698176,"name":"Maydolong - Basey Road","ref":null,"highway":"secondary","length":2273.0835458936285,"oneway":false},"geometry":{"type":"LineString","coordinates":[[125.193529,11.3606993],[125.1936179,11.3607067],[125.1936948,11.3607044],[125.1937709,11.3606915],[125.1942314,11.36061],[125.1948792,11.3605408],[125.1955118,11.3604889],[125.1957608,11.3604654],[125.1959564,11.3604286],[125.196156,11.3603735],[125.196355,11.3603206],[125.1965118,11.3603074],[125.1968017,11.3603311],[125.197124,11.3604049],[125.1973568,11.3604652],[125.1976128,11.3605336],[125.1977778,11.3605717],[125.1980191,11.3605898],[125.1983095,11.3605837],[125.1986325,11.3605681],[125.1990774,11.3605337],[125.1992673,11.3605259],[125.1993773,11.3605475],[125.19951,11.3605916],[125.1996427,11.3606679],[125.1998721,11.3607813],[125.2000276,11.360848],[125.2001198,11.3608961],[125.2002323,11.3609783],[125.2004572,11.361212],[125.2005758,11.3613088],[125.2007312,11.3614095],[125.2010659,11.3616455],[125.2011428,11.3616862],[125.2012417,11.3617067],[125.2014279,11.361727],[125.2019355,11.3617555],[125.202244,11.3617828],[125.2025074,11.3618195],[125.2026154,11.3618277],[125.2027136,11.3618211],[125.2028201,11.3617758],[125.203137,11.3614675],[125.2032437,11.3613641],[125.2033764,11.3612615],[125.203506,11.3611936],[125.203636,11.3611534],[125.2037823,11.3611231],[125.2039158,11.3611406],[125.2040708,11.3611779],[125.2042022,11.3612202],[125.2044395,11.3612976],[125.2046111,11.361363],[125.204803,11.3614726],[125.2051085,11.3616937],[125.2052579,11.3618244],[125.2053295,11.3618696],[125.2054407,11.3618901],[125.2055772,11.3618775],[125.2058914,11.3618071],[125.2060913,11.3617575],[125.2062191,11.3617264],[125.2063237,11.3617238],[125.2064338,11.3617587],[125.2066477,11.361882],[125.2070232,11.3621301],[125.2075104,11.362488],[125.2076125,11.3625636],[125.2076976,11.3626146],[125.2078089,11.3626364],[125.2082564,11.3625914],[125.2087748,11.362546],[125.2089488,11.3625315],[125.2090745,11.3625513],[125.2091424,11.3625864],[125.2092103,11.3626255],[125.2093209,11.3627318],[125.2095194,11.3628997],[125.2096721,11.3630185],[125.2097694,11.3630707],[125.209871,11.3630872],[125.2101889,11.3630851],[125.2104352,11.3630875],[125.2105236,11.3631052],[125.2106066,11.3631523],[125.2106503,11.3632063],[125.2106867,11.3632803],[125.2107671,11.3635578],[125.2108221,11.3636596],[125.2109123,11.3637743],[125.2110724,11.3639146],[125.2112403,11.3640486],[125.2114074,11.3641446],[125.2115064,11.3642512],[125.211558,11.3643352],[125.2115932,11.3644378],[125.2117117,11.3647205],[125.2117769,11.3648373],[125.2118563,11.3649067],[125.2119541,11.3649647]]}},{"type":"Feature","properties":{"u":"8382917539","v":"8382917558","key":"0","osmid":902548427,"name":null,"ref":null,"highway":"track","length":761.6376184167495,"oneway":false},"geometry":{"type":"LineString","coordinates":[[125.193529,11.3606993],[125.1938542,11.3608888],[125.1943049,11.3611307],[125.1945946,11.3613043],[125.1946589,11.3614147],[125.1946804,11.3614936],[125.1946911,11.3616882],[125.1946375,11.3618881],[125.1943961,11.3624929],[125.1942673,11.3630293],[125.1941815,11.3632817],[125.1939615,11.3636919],[125.1938757,11.3638182],[125.1936289,11.3643178],[125.1932856,11.3652224],[125.1928779,11.366595]]}},{"type":"Feature","properties":{"u":"8382917558","v":"8382917539","key":"0","osmid":902548427,"name":null,"ref":null,"highway":"track","length":761.6376184167495,"oneway":false},"geometry":{"type":"LineString","coordinates":[[125.1928779,11.366595],[125.1932856,11.3652224],[125.1936289,11.3643178],[125.1938757,11.3638182],[125.1939615,11.3636919],[125.1941815,11.3632817],[125.1942673,11.3630293],[125.1943961,11.3624929],[125.1946375,11.3618881],[125.1946911,11.3616882],[125.1946804,11.3614936],[125.1946589,11.3614147],[125.1945946,11.3613043],[125.1943049,11.3611307],[125.1938542,11.3608888],[125.193529,11.3606993]]}},{"type":"Feature","properties":{"u":"8382917613","v":"8382917539","key":"0","osmid":188698176,"name":"Maydolong - Basey Road","ref":null,"highway":"secondary","length":2273.083545893628,"oneway":false},"geometry":{"type":"LineString","coordinates":[[125.2119541,11.3649647],[125.2118563,11.3649067],[125.2117769,11.3648373],[125.2117117,11.3647205],[125.2115932,11.3644378],[125.211558,11.3643352],[125.2115064,11.3642512],[125.2114074,11.3641446],[125.2112403,11.3640486],[125.2110724,11.3639146],[125.2109123,11.3637743],[125.2108221,11.3636596],[125.2107671,11.3635578],[125.2106867,11.3632803],[125.2106503,11.3632063],[125.2106066,11.3631523],[125.2105236,11.3631052],[125.2104352,11.3630875],[125.2101889,11.3630851],[125.209871,11.3630872],[125.2097694,11.3630707],[125.2096721,11.3630185],[125.2095194,11.3628997],[125.2093209,11.3627318],[125.2092103,11.3626255],[125.2091424,11.3625864],[125.2090745,11.3625513],[125.2089488,11.3625315],[125.2087748,11.362546],[125.2082564,11.3625914],[125.2078089,11.3626364],[125.2076976,11.3626146],[125.2076125,11.3625636],[125.2075104,11.362488],[125.2070232,11.3621301],[125.2066477,11.361882],[125.2064338,11.3617587],[125.2063237,11.3617238],[125.2062191,11.3617264],[125.2060913,11.3617575],[125.2058914,11.3618071],[125.2055772,11.3618775],[125.2054407,11.3618901],[125.2053295,11.3618696],[125.2052579,11.3618244],[125.2051085,11.3616937],[125.204803,11.3614726],[125.2046111,11.361363],[125.2044395,11.3612976],[125.2042022,11.3612202],[125.2040708,11.3611779],[125.2039158,11.3611406],[125.2037823,11.3611231],[125.203636,11.3611534],[125.203506,11.3611936],[125.2033764,11.3612615],[125.2032437,11.3613641],[125.203137,11.3614675],[125.2028201,11.3617758],[125.2027136,11.3618211],[125.2026154,11.3618277],[125.2025074,11.3618195],[125.202244,11.3617828],[125.2019355,11.3617555],[125.2014279,11.361727],[125.2012417,11.3617067],[125.2011428,11.3616862],[125.2010659,11.3616455],[125.2007312,11.3614095],[125.2005758,11.3613088],[125.2004572,11.361212],[125.2002323,11.3609783],[125.2001198,11.3608961],[125.2000276,11.360848],[125.1998721,11.3607813],[125.1996427,11.3606679],[125.19951,11.3605916],[125.1993773,11.3605475],[125.1992673,11.3605259],[125.1990774,11.3605337],[125.1986325,11.3605681],[125.1983095,11.3605837],[125.1980191,11.3605898],[125.1977778,11.3605717],[125.1976128,11.3605336],[125.1973568,11.3604652],[125.197124,11.3604049],[125.1968017,11.3603311],[125.1965118,11.3603074],[125.196355,11.3603206],[125.196156,11.3603735],[125.1959564,11.3604286],[125.1957608,11.3604654],[125.1955118,11.3604889],[125.1948792,11.3605408],[125.1942314,11.36061],[125.1937709,11.3606915],[125.1936948,11.3607044],[125.1936179,11.3607067],[125.193529,11.3606993]]}},{"type":"Feature","properties":{"u":"8382917613","v":"8382919661","key":"0","osmid":188698176,"name":"Maydolong - Basey Road","ref":null,"highway":"secondary","length":1235.0207666429308,"oneway":false},"geometry":{"type":"LineString","coordinates":[[125.2119541,11.3649647],[125.2121816,11.3650168],[125.2126484,11.3650667],[125.2128006,11.3650611],[125.2129183,11.3650336],[125.213378,11.3648266],[125.2137457,11.3646294],[125.2138662,11.3645213],[125.2139428,11.3644204],[125.2140166,11.3641461],[125.2140592,11.3639866],[125.2141205,11.3638944],[125.21422,11.3638158],[125.2143176,11.3637842],[125.214785,11.3637464],[125.2152399,11.3637367],[125.2154413,11.3637454],[125.2157168,11.3637909],[125.2158806,11.3638021],[125.2159937,11.3637874],[125.216064,11.3637348],[125.216102,11.3636405],[125.2160939,11.3634606],[125.2160723,11.3632813],[125.2160617,11.3631405],[125.216109,11.3629477],[125.2161886,11.3626567],[125.2162222,11.3625186],[125.2162178,11.3624205],[125.2161656,11.3623285],[125.2161084,11.3622749],[125.2159147,11.3621268],[125.2158326,11.3620482],[125.2158225,11.3619517],[125.2158455,11.3618958],[125.2159133,11.3618422],[125.2159911,11.361829],[125.2161612,11.3618875],[125.216397,11.3619729],[125.2168032,11.3621419],[125.2168687,11.3622012],[125.2169073,11.3622683],[125.216918,11.3623566],[125.2169342,11.362537],[125.21699,11.3629159],[125.2170236,11.363041],[125.2170793,11.3631476],[125.2171653,11.3632705],[125.2172802,11.3633602],[125.2174611,11.3634584],[125.2176681,11.3635485],[125.2177948,11.3636008],[125.2179143,11.3636712],[125.2180246,11.3637476],[125.2181102,11.3638555],[125.2181586,11.3639465],[125.2182432,11.3641462],[125.2183489,11.3643007],[125.2184469,11.3643656],[125.2185574,11.3644091],[125.2188635,11.3645133]]}},{"type":"Feature","properties":{"u":"8382917613","v":"8382919617","key":"0","osmid":910396246,"name":null,"ref":null,"highway":"track","length":128.9351032119138,"oneway":false},"geometry":{"type":"LineString","coordinates":[[125.2119541,11.3649647],[125.2118361,11.3653802],[125.2118736,11.3655275],[125.2119863,11.3657694],[125.2119756,11.3660797]]}},{"type":"Feature","properties":{"u":"8382919617","v":"8382917613","key":"0","osmid":910396246,"name":null,"ref":null,"highway":"track","length":128.9351032119138,"oneway":false},"geometry":{"type":"LineString","coordinates":[[125.2119756,11.3660797],[125.2119863,11.3657694],[125.2118736,11.3655275],[125.2118361,11.3653802],[125.2119541,11.3649647]]}},{"type":"Feature","properties":{"u":"8382919661","v":"8382917613","key":"0","osmid":188698176,"name":"Maydolong - Basey Road","ref":null,"highway":"secondary","length":1235.020766642931,"oneway":false},"geometry":{"type":"LineString","coordinates":[[125.2188635,11.3645133],[125.2185574,11.3644091],[125.2184469,11.3643656],[125.2183489,11.3643007],[125.2182432,11.3641462],[125.2181586,11.3639465],[125.2181102,11.3638555],[125.2180246,11.3637476],[125.2179143,11.3636712],[125.2177948,11.3636008],[125.2176681,11.3635485],[125.2174611,11.3634584],[125.2172802,11.3633602],[125.2171653,11.3632705],[125.2170793,11.3631476],[125.2170236,11.363041],[125.21699,11.3629159],[125.2169342,11.362537],[125.216918,11.3623566],[125.2169073,11.3622683],[125.2168687,11.3622012],[125.2168032,11.3621419],[125.216397,11.3619729],[125.2161612,11.3618875],[125.2159911,11.361829],[125.2159133,11.3618422],[125.2158455,11.3618958],[125.2158225,11.3619517],[125.2158326,11.3620482],[125.2159147,11.3621268],[125.2161084,11.3622749],[125.2161656,11.3623285],[125.2162178,11.3624205],[125.2162222,11.3625186],[125.2161886,11.3626567],[125.216109,11.3629477],[125.2160617,11.3631405],[125.2160723,11.3632813],[125.2160939,11.3634606],[125.216102,11.3636405],[125.216064,11.3637348],[125.2159937,11.3637874],[125.2158806,11.3638021],[125.2157168,11.3637909],[125.2154413,11.3637454],[125.2152399,11.3637367],[125.214785,11.3637464],[125.2143176,11.3637842],[125.21422,11.3638158],[125.2141205,11.3638944],[125.2140592,11.3639866],[125.2140166,11.3641461],[125.2139428,11.3644204],[125.2138662,11.3645213],[125.2137457,11.3646294],[125.213378,11.3648266],[125.2129183,11.3650336],[125.2128006,11.3650611],[125.2126484,11.3650667],[125.2121816,11.3650168],[125.2119541,11.3649647]]}},{"type":"Feature","properties":{"u":"8382919661","v":"3181029555","key":"0","osmid":[188698176,1209655322,1209655323],"name":"Maydolong - Basey Road","ref":null,"highway":"secondary","length":5431.591003746632,"oneway":false},"geometry":{"type":"LineString","coordinates":[[125.2188635,11.3645133],[125.2189558,11.36458],[125.2190408,11.3646554],[125.2193434,11.364874],[125.2194212,11.3649144],[125.2195166,11.3649536],[125.2196252,11.3649802],[125.2197532,11.3649781],[125.2198639,11.3649556],[125.2199832,11.3649205],[125.2201374,11.3648098],[125.2204953,11.3645938],[125.2205921,11.364547],[125.2206606,11.3645224],[125.2207692,11.364521],[125.2208971,11.3645663],[125.2211047,11.3646772],[125.2212042,11.3647138],[125.2213034,11.3647205],[125.2214505,11.364663],[125.2215229,11.3646274],[125.2216176,11.3646136],[125.2218045,11.3646525],[125.2219848,11.3647182],[125.2223987,11.3648754],[125.2226003,11.364945],[125.2231418,11.3650336],[125.2235325,11.3650851],[125.2236264,11.3650845],[125.2237033,11.3650681],[125.2238092,11.365019],[125.2246175,11.3645997],[125.2248261,11.3644685],[125.2249064,11.3644031],[125.2249631,11.3643419],[125.2250131,11.3642581],[125.2250399,11.3641678],[125.2250952,11.3638574],[125.2251389,11.3635779],[125.2251709,11.3634462],[125.2252102,11.3633066],[125.2252622,11.3631913],[125.2253171,11.3630875],[125.225399,11.3629334],[125.2254851,11.3628252],[125.2255623,11.3627576],[125.2256327,11.362722],[125.2256957,11.3627022],[125.2257951,11.3626946],[125.2258802,11.362697],[125.2259563,11.3627113],[125.2260354,11.3627411],[125.2261091,11.3628064],[125.2261584,11.362881],[125.2261985,11.3629603],[125.2262188,11.3630188],[125.2262346,11.3631143],[125.2262305,11.3631783],[125.2262186,11.3632366],[125.2261768,11.3633164],[125.2260401,11.3635295],[125.2259744,11.3636184],[125.2259349,11.3637228],[125.2259345,11.363797],[125.2259615,11.3638426],[125.2259957,11.3638739],[125.2260686,11.3638914],[125.2261289,11.3638862],[125.2261832,11.3638568],[125.2262545,11.3637748],[125.2264038,11.363556],[125.226488,11.3634548],[125.2265909,11.3634033],[125.2267093,11.3633708],[125.2268615,11.3633575],[125.2269592,11.3633422],[125.2270247,11.3633089],[125.227058,11.3632783],[125.2270835,11.3632384],[125.2270945,11.3631876],[125.2270853,11.3631442],[125.2270467,11.3630721],[125.2268636,11.3629336],[125.226584,11.362761],[125.2265235,11.3627163],[125.226476,11.3626638],[125.2264418,11.3626043],[125.2264114,11.3624923],[125.226406,11.362384],[125.2264262,11.3622938],[125.2264489,11.3622269],[125.2264978,11.3621755],[125.2265816,11.3621436],[125.2266927,11.3621462],[125.2267907,11.3621656],[125.2269039,11.3622123],[125.2270632,11.3623028],[125.2272084,11.3623926],[125.2273563,11.3624996],[125.2274892,11.362603],[125.2275425,11.3626565],[125.2275851,11.3627221],[125.2276166,11.3627823],[125.2276497,11.3628531],[125.2276781,11.3629964],[125.2277502,11.3634055],[125.2278296,11.3637007],[125.2278689,11.3638209],[125.2279679,11.363952],[125.2281096,11.3641079],[125.228205,11.3642544],[125.2282596,11.3643776],[125.228316,11.3645994],[125.2283893,11.3648703],[125.2285087,11.3651719],[125.2286304,11.3653316],[125.2287819,11.3654611],[125.2289292,11.3655435],[125.2290564,11.3655794],[125.2292219,11.3656059],[125.2293774,11.365603],[125.2295012,11.3655947],[125.2296928,11.3656019],[125.22996,11.3655832],[125.2302861,11.3654394],[125.2303883,11.3653422],[125.2304633,11.3652677],[125.2306389,11.3652036],[125.2307774,11.3651631],[125.230909,11.3651211],[125.2310413,11.3650833],[125.2312015,11.3650439],[125.2313642,11.3650325],[125.231517,11.3650341],[125.2316486,11.3650755],[125.2317494,11.3651286],[125.2319439,11.3652243],[125.23209,11.3653025],[125.23225,11.3653893],[125.232359,11.3654501],[125.2324733,11.3655162],[125.2325479,11.3655692],[125.232632,11.3656678],[125.2327996,11.3659039],[125.2328833,11.3660262],[125.2329896,11.3661741],[125.2331533,11.3664628],[125.2332835,11.3667533],[125.2333875,11.3669404],[125.233497,11.3670721],[125.2336956,11.3673264],[125.233879,11.367561],[125.234001,11.3677693],[125.2341735,11.368092],[125.2342417,11.3681931],[125.2343299,11.3682664],[125.2344137,11.3683112],[125.2345238,11.3683484],[125.2346799,11.3683931],[125.2348942,11.3684497],[125.2349948,11.3684895],[125.2350777,11.3685316],[125.2352439,11.368631],[125.2353744,11.3686907],[125.2354708,11.36872],[125.2355892,11.3687327],[125.2356919,11.3687138],[125.2357996,11.3686524],[125.2359236,11.3685528],[125.2360356,11.3684368],[125.2361451,11.3683559],[125.2363368,11.3682277],[125.2367219,11.3680181],[125.2369517,11.3678942],[125.2370976,11.3677966],[125.2372827,11.3676694],[125.2374348,11.3675769],[125.2375769,11.3675137],[125.2377334,11.3674611],[125.2380401,11.3674054],[125.238273,11.3673367],[125.2384197,11.3672762],[125.2385598,11.3672357],[125.2386256,11.3672355],[125.2387143,11.3672537],[125.2388253,11.3672862],[125.2389259,11.3673362],[125.2390334,11.3674312],[125.2391013,11.3674877],[125.2392163,11.3675475],[125.2393568,11.367598],[125.23951,11.367637],[125.2397997,11.367677],[125.240144,11.3677126],[125.2403976,11.3678322],[125.2404643,11.3678664],[125.2405398,11.3679273],[125.2406967,11.3681552],[125.2407984,11.3683485],[125.2408557,11.3685397],[125.240906,11.3687353],[125.2409597,11.3688405],[125.241053,11.3690087],[125.2411352,11.3691345],[125.2412346,11.3692636],[125.2412866,11.3694059],[125.2413258,11.3695474],[125.2413583,11.3696245],[125.2414277,11.3697124],[125.2415233,11.3697884],[125.2416074,11.3698344],[125.2417032,11.3698586],[125.2418208,11.3698431],[125.2419277,11.3697915],[125.2420462,11.369685],[125.2421488,11.3695903],[125.2422591,11.3694821],[125.2423487,11.3694035],[125.2424429,11.3693663],[125.2425488,11.3693508],[125.2426999,11.3693629],[125.2429697,11.369381],[125.2431086,11.3693837],[125.2431699,11.3693772],[125.2431992,11.3693661],[125.2432312,11.3693368],[125.2432533,11.3693135],[125.2434244,11.3691068],[125.2436618,11.3688633],[125.2438974,11.3686201],[125.2441499,11.3683521],[125.2443227,11.3682083],[125.2445092,11.3680433],[125.2446501,11.3679668],[125.2448161,11.3679162],[125.2449424,11.3678661],[125.2451281,11.3677709],[125.2452747,11.3676794],[125.2455033,11.3675025],[125.2455749,11.3674523],[125.2456259,11.3673961],[125.2456507,11.367322],[125.2456563,11.3672729],[125.2456832,11.3672119],[125.2458099,11.3670548],[125.2460009,11.366923],[125.2462667,11.3667417],[125.246516,11.3666642],[125.2468981,11.36661],[125.2472477,11.3665905],[125.2475876,11.3665913],[125.2478195,11.3666533],[125.2479292,11.3666731],[125.2481079,11.3666907],[125.2484904,11.3666648],[125.2489287,11.3665935],[125.2493183,11.3665046],[125.2496169,11.3664025],[125.2497965,11.3663584],[125.2499437,11.3663758],[125.2502137,11.3664453],[125.2505141,11.3664961],[125.2509503,11.3665552],[125.2511618,11.3665803],[125.25131,11.3665711],[125.2514484,11.366527],[125.2516379,11.3664285],[125.2517453,11.3663194],[125.2518579,11.3662104],[125.2519491,11.3661503],[125.252052,11.3661047],[125.2522047,11.3660907],[125.252384,11.3661185],[125.2525888,11.366135],[125.2530964,11.3661552],[125.2535176,11.3661501],[125.2536791,11.3661665],[125.2537948,11.3662078],[125.253896,11.3662898],[125.2539797,11.3663885],[125.2540704,11.366461],[125.2542031,11.3665204],[125.2544158,11.3665659],[125.2546668,11.3665809],[125.2549379,11.3665798],[125.2552387,11.3665986],[125.2555687,11.3666321],[125.2557749,11.3666667]]}},{"type":"Feature","properties":{"u":"8382919661","v":"3181030477","key":"0","osmid":[944192890,910396247],"name":null,"ref":null,"highway":["track","residential"],"length":1259.584190649617,"oneway":false},"geometry":{"type":"LineString","coordinates":[[125.2188635,11.3645133],[125.2189149,11.3643843],[125.218956,11.3642449],[125.2190262,11.3640228],[125.2190583,11.3638236],[125.2191224,11.363135],[125.2191518,11.3629682],[125.2191934,11.3628276],[125.2192633,11.3626843],[125.2197222,11.3620618],[125.2204827,11.3613182],[125.2204276,11.3600054],[125.2204622,11.3586754],[125.220193,11.3579286],[125.2206017,11.3568977],[125.2205052,11.3561193],[125.2193572,11.3550569],[125.2191319,11.3543417]]}},{"type":"Feature","properties":{"u":"8382944744","v":"8449201362","key":"0","osmid":902552859,"name":null,"ref":null,"highway":"residential","length":378.6858916877127,"oneway":false},"geometry":{"type":"LineString","coordinates":[[125.0406736,11.2805581],[125.0422829,11.2810079],[125.0428972,11.2811026],[125.0435382,11.2812683],[125.04397,11.2813104],[125.0440488,11.2813272]]}},{"type":"Feature","properties":{"u":"8382944745","v":"8382944749","key":"0","osmid":387032401,"name":"San Juanico-Basey Road","ref":"670","highway":"primary","length":218.40451704988857,"oneway":false},"geometry":{"type":"LineString","coordinates":[[125.0431036,11.2852852],[125.04501,11.2854387],[125.0450995,11.2854288]]}},{"type":"Feature","properties":{"u":"8382944745","v":"278505378","key":"0","osmid":387032401,"name":"San Juanico-Basey Road","ref":"670","highway":"primary","length":1284.3320500345394,"oneway":false},"geometry":{"type":"LineString","coordinates":[[125.0431036,11.2852852],[125.0414619,11.285153],[125.0408012,11.2850848],[125.0400941,11.2849665],[125.0373885,11.2843493],[125.0371277,11.2843277],[125.0363473,11.2843891],[125.0361309,11.2843682],[125.0358833,11.2843119],[125.0344555,11.283701],[125.0342711,11.2835726],[125.0341332,11.2834339],[125.0325787,11.2815471]]}},{"type":"Feature","properties":{"u":"8382944745","v":"8449201362","key":"0","osmid":902552860,"name":null,"ref":null,"highway":"residential","length":453.0689605064402,"oneway":false},"geometry":{"type":"LineString","coordinates":[[125.0431036,11.2852852],[125.0432163,11.2843354],[125.0432967,11.2839723],[125.0433558,11.2838145],[125.0434953,11.2832911],[125.043726,11.2824546],[125.0438601,11.2819548],[125.0440488,11.2813272]]}},{"type":"Feature","properties":{"u":"8382944749","v":"8382944750","key":"0","osmid":902552861,"name":null,"ref":null,"highway":"residential","length":83.95342533397587,"oneway":false},"geometry":{"type":"LineString","coordinates":[[125.0450995,11.2854288],[125.0451747,11.2846774]]}},{"type":"Feature","properties":{"u":"8382944749","v":"1684194662","key":"0","osmid":387032401,"name":"San Juanico-Basey Road","ref":"670","highway":"primary","length":452.0790209175284,"oneway":false},"geometry":{"type":"LineString","coordinates":[[125.0450995,11.2854288],[125.0453071,11.2854059],[125.0455646,11.2853585],[125.0470445,11.284887],[125.0490649,11.284261]]}},{"type":"Feature","properties":{"u":"8382944749","v":"8382944745","key":"0","osmid":387032401,"name":"San Juanico-Basey Road","ref":"670","highway":"primary","length":218.40451704988857,"oneway":false},"geometry":{"type":"LineString","coordinates":[[125.0450995,11.2854288],[125.04501,11.2854387],[125.0431036,11.2852852]]}},{"type":"Feature","properties":{"u":"8382944750","v":"8382944749","key":"0","osmid":902552861,"name":null,"ref":null,"highway":"residential","length":83.95342533397587,"oneway":false},"geometry":{"type":"LineString","coordinates":[[125.0451747,11.2846774],[125.0450995,11.2854288]]}},{"type":"Feature","properties":{"u":"8385834838","v":"8318319972","key":"0","osmid":902879573,"name":null,"ref":null,"highway":"residential","length":66.10279162020635,"oneway":false},"geometry":{"type":"LineString","coordinates":[[125.0627161,11.3224302],[125.0627858,11.3222882],[125.0628341,11.3222356],[125.0631594,11.3224153]]}},{"type":"Feature","properties":{"u":"8385834839","v":"8318319970","key":"0","osmid":[894892900,902879575],"name":null,"ref":null,"highway":["track","residential"],"length":105.00105092484428,"oneway":false},"geometry":{"type":"LineString","coordinates":[[125.062276,11.3230568],[125.062421,11.3231975],[125.062582,11.3234659],[125.0629105,11.3237551]]}},{"type":"Feature","properties":{"u":"8385834839","v":"2525577707","key":"0","osmid":894892900,"name":null,"ref":null,"highway":"residential","length":92.65260003060041,"oneway":false},"geometry":{"type":"LineString","coordinates":[[125.062276,11.3230568],[125.0620964,11.3228951],[125.0619335,11.3226176],[125.0620505,11.3223688]]}},{"type":"Feature","properties":{"u":"8385834839","v":"8385834841","key":"0","osmid":902879574,"name":null,"ref":null,"highway":"residential","length":51.67754365850905,"oneway":false},"geometry":{"type":"LineString","coordinates":[[125.062276,11.3230568],[125.0623672,11.3229825],[125.062598,11.3227175]]}},{"type":"Feature","properties":{"u":"8385834841","v":"2525577707","key":"0","osmid":245346596,"name":null,"ref":null,"highway":"unclassified","length":71.18165810892899,"oneway":false},"geometry":{"type":"LineString","coordinates":[[125.062598,11.3227175],[125.0620505,11.3223688]]}},{"type":"Feature","properties":{"u":"8385834841","v":"8318319974","key":"0","osmid":245346596,"name":null,"ref":null,"highway":"unclassified","length":34.26665399533728,"oneway":false},"geometry":{"type":"LineString","coordinates":[[125.062598,11.3227175],[125.0628503,11.3228781],[125.0628618,11.322885]]}},{"type":"Feature","properties":{"u":"8385834841","v":"8385834839","key":"0","osmid":902879574,"name":null,"ref":null,"highway":"residential","length":51.67754365850905,"oneway":false},"geometry":{"type":"LineString","coordinates":[[125.062598,11.3227175],[125.0623672,11.3229825],[125.062276,11.3230568]]}},{"type":"Feature","properties":{"u":"8385834861","v":"8318319970","key":"0","osmid":902879575,"name":null,"ref":null,"highway":"track","length":636.9805930657323,"oneway":false},"geometry":{"type":"LineString","coordinates":[[125.0634618,11.3291799],[125.0633492,11.3287642],[125.063376,11.3285275],[125.0635369,11.3281118],[125.0635798,11.3278224],[125.0635316,11.32717],[125.0634886,11.326928],[125.0634189,11.3267596],[125.0633653,11.3266859],[125.0631346,11.3264702],[125.0630058,11.3262703],[125.0629629,11.3261177],[125.0629307,11.3253811],[125.0629629,11.3252548],[125.063038,11.3250706],[125.0630809,11.3249917],[125.0631238,11.3249338],[125.0631346,11.3248023],[125.0630702,11.3240867],[125.0629105,11.3237551]]}},{"type":"Feature","properties":{"u":"8385853149","v":"8332835829","key":"0","osmid":[896400868,902880572],"name":null,"ref":null,"highway":["track","residential"],"length":1701.6172879658134,"oneway":false},"geometry":{"type":"LineString","coordinates":[[125.0519228,11.348798],[125.0515312,11.3482826],[125.0514293,11.3482248],[125.0513274,11.3482037],[125.0510162,11.3481985],[125.0509626,11.3481512],[125.0507534,11.3478935],[125.050689,11.3477883],[125.0506407,11.3476673],[125.0506353,11.3475148],[125.0505227,11.3472624],[125.0504208,11.3471046],[125.0502598,11.3469258],[125.0501311,11.3468312],[125.0498146,11.3467628],[125.0495732,11.3467418],[125.0493908,11.3466997],[125.0492889,11.3466366],[125.0490689,11.3464262],[125.0487846,11.3463579],[125.0486237,11.3463],[125.0483447,11.3461528],[125.0479263,11.345974],[125.0478566,11.3459109],[125.0478137,11.3458373],[125.0477117,11.3454954],[125.0475615,11.3451852],[125.0474703,11.3451063],[125.0472665,11.3449906],[125.047127,11.3447855],[125.0470466,11.3446225],[125.0469339,11.3445751],[125.0468159,11.3445699],[125.0466067,11.3445278],[125.0465316,11.3444962],[125.0463653,11.3443122],[125.046258,11.3442228],[125.0460702,11.3441281],[125.0459093,11.3440229],[125.0458235,11.3438967],[125.0457269,11.3436653],[125.0456679,11.3435917],[125.0454265,11.3434287],[125.0450242,11.3431079],[125.0446916,11.3427818],[125.0445682,11.3424611],[125.044536,11.3422454],[125.0444931,11.3420982],[125.0443751,11.341851],[125.0442785,11.341546],[125.0441283,11.3411779],[125.0440479,11.3410464],[125.0439406,11.3409307],[125.0438977,11.3408571],[125.0438172,11.340489],[125.0437635,11.3404154],[125.0437153,11.3403628],[125.0436455,11.3402891],[125.0435972,11.3402366],[125.043549,11.340184],[125.0432164,11.3398369],[125.0431574,11.3396581],[125.0430823,11.3395213],[125.0430179,11.3393425],[125.0429321,11.3392584],[125.0428409,11.3392374],[125.0427604,11.3391637],[125.0424815,11.3388573],[125.0423111,11.3388916],[125.0421106,11.3388673],[125.0419343,11.3387535],[125.0417995,11.3386067]]}},{"type":"Feature","properties":{"u":"8385927257","v":"8385927262","key":"0","osmid":[902888171,902888172,902888174],"name":null,"ref":null,"highway":"path","length":73.44168937510693,"oneway":false},"geometry":{"type":"LineString","coordinates":[[125.1428686,11.3533644],[125.1431193,11.3537128],[125.1432835,11.3537092],[125.143297,11.3536987],[125.1433258,11.3536763],[125.1433419,11.3536638]]}},{"type":"Feature","properties":{"u":"8385927262","v":"8385927257","key":"0","osmid":[902888171,902888172,902888174],"name":null,"ref":null,"highway":"path","length":73.44168937510693,"oneway":false},"geometry":{"type":"LineString","coordinates":[[125.1433419,11.3536638],[125.1433258,11.3536763],[125.143297,11.3536987],[125.1432835,11.3537092],[125.1431193,11.3537128],[125.1428686,11.3533644]]}},{"type":"Feature","properties":{"u":"8385927262","v":"2536025898","key":"0","osmid":[246580321,902888173],"name":null,"ref":null,"highway":"path","length":239.45525510461218,"oneway":false},"geometry":{"type":"LineString","coordinates":[[125.1433419,11.3536638],[125.1434431,11.3537046],[125.1437543,11.3539143],[125.1440392,11.3541089],[125.1443028,11.3546065],[125.1445714,11.3545785],[125.1449115,11.3544338],[125.144872,11.3542925]]}},{"type":"Feature","properties":{"u":"8385927262","v":"1993195488","key":"0","osmid":[902888161,245349093,902888173],"name":null,"ref":null,"highway":["residential","path"],"length":2160.99079938953,"oneway":false},"geometry":{"type":"LineString","coordinates":[[125.1433419,11.3536638],[125.143374,11.3533752],[125.1435145,11.35322],[125.1437101,11.3531687],[125.1442623,11.3530917],[125.1448958,11.3530957],[125.1451127,11.3530377],[125.1453502,11.3529594],[125.1456894,11.3528683],[125.1458407,11.3527615],[125.1459779,11.3525494],[125.1460284,11.3523011],[125.1461061,11.3519234],[125.1461028,11.3518416],[125.1461974,11.3515434],[125.1462188,11.3513236],[125.1462312,11.3506112],[125.1462301,11.3502511],[125.1461636,11.3500512],[125.1459969,11.3498557],[125.1457051,11.3497806],[125.1454302,11.3497187],[125.144948,11.3493034],[125.144912,11.3491576],[125.1448635,11.3488925],[125.1448387,11.3485037],[125.1448263,11.3483203],[125.1447418,11.348095],[125.1446664,11.3480033],[125.1446348,11.3478145],[125.1446585,11.3475427],[125.1447272,11.3473892],[125.1450417,11.3471156],[125.1452985,11.3469468],[125.1454166,11.3468757],[125.145497,11.3467837],[125.1455775,11.346668],[125.1455694,11.3465812],[125.1455051,11.3464839],[125.145379,11.3462314],[125.145371,11.3461368],[125.1454246,11.3460263],[125.1454782,11.3459685],[125.1455614,11.345908],[125.1455855,11.3457476],[125.1454729,11.3453268],[125.1453736,11.344835],[125.1454085,11.3447535],[125.1455265,11.3446089],[125.14624,11.3441013],[125.1464036,11.3440172],[125.1466611,11.3440014],[125.1469079,11.3440093],[125.1471506,11.3440982],[125.14732,11.3442426],[125.1475734,11.3442407],[125.1476302,11.3441998],[125.1480667,11.3438855],[125.1484421,11.3437228],[125.1486342,11.3437271],[125.1488098,11.3438277],[125.1489765,11.343864],[125.149208,11.343805],[125.1497142,11.3436037],[125.1499658,11.3434781],[125.1501869,11.3433571],[125.1504296,11.3433097],[125.150608,11.3433531],[125.1507542,11.3434623],[125.1509011,11.3436219],[125.1510168,11.3436991],[125.1511573,11.3437263],[125.1514197,11.3436794],[125.151682,11.3435871],[125.1518672,11.3434334]]}},{"type":"Feature","properties":{"u":"8386023232","v":"5078007554","key":"0","osmid":[902898745,521114283],"name":null,"ref":null,"highway":["track","residential"],"length":378.22793020639165,"oneway":false},"geometry":{"type":"LineString","coordinates":[[125.1514154,11.3166593],[125.1514333,11.3159468],[125.1514867,11.3155078],[125.1515769,11.3151934],[125.1518619,11.3149769],[125.1518702,11.3149233],[125.1518322,11.314857],[125.151723,11.3147836],[125.1517515,11.3145321],[125.1519605,11.3143144],[125.1521511,11.3139259],[125.1522745,11.3136261]]}},{"type":"Feature","properties":{"u":"8386034511","v":"8386034512","key":"0","osmid":894906594,"name":null,"ref":null,"highway":"residential","length":67.59861731031226,"oneway":false},"geometry":{"type":"LineString","coordinates":[[125.0481622,11.307603],[125.0476126,11.3078843]]}},{"type":"Feature","properties":{"u":"8386034511","v":"8318422098","key":"0","osmid":894906595,"name":null,"ref":null,"highway":"residential","length":126.11885269420222,"oneway":false},"geometry":{"type":"LineString","coordinates":[[125.0481622,11.307603],[125.0481833,11.3073554],[125.0482008,11.3069149],[125.0480103,11.3065111]]}},{"type":"Feature","properties":{"u":"8386034511","v":"8318422102","key":"0","osmid":894906595,"name":null,"ref":null,"highway":"residential","length":132.24982878730876,"oneway":false},"geometry":{"type":"LineString","coordinates":[[125.0481622,11.307603],[125.0480814,11.3085495],[125.04815,11.3087794]]}},{"type":"Feature","properties":{"u":"8386034512","v":"8386034511","key":"0","osmid":894906594,"name":null,"ref":null,"highway":"residential","length":67.59861731031226,"oneway":false},"geometry":{"type":"LineString","coordinates":[[125.0476126,11.3078843],[125.0481622,11.307603]]}},{"type":"Feature","properties":{"u":"8386034512","v":"8318422096","key":"0","osmid":894906594,"name":null,"ref":null,"highway":"residential","length":30.60474399949646,"oneway":false},"geometry":{"type":"LineString","coordinates":[[125.0476126,11.3078843],[125.0473599,11.3080041]]}},{"type":"Feature","properties":{"u":"8386034512","v":"8386034513","key":"0","osmid":902901660,"name":null,"ref":null,"highway":"residential","length":52.66633545705715,"oneway":false},"geometry":{"type":"LineString","coordinates":[[125.0476126,11.3078843],[125.0474053,11.3074565]]}},{"type":"Feature","properties":{"u":"8386034512","v":"8386051927","key":"0","osmid":902901660,"name":null,"ref":null,"highway":"residential","length":58.696633648632655,"oneway":false},"geometry":{"type":"LineString","coordinates":[[125.0476126,11.3078843],[125.0478436,11.3083611]]}},{"type":"Feature","properties":{"u":"8386034513","v":"8386034512","key":"0","osmid":902901660,"name":null,"ref":null,"highway":"residential","length":52.66633545705715,"oneway":false},"geometry":{"type":"LineString","coordinates":[[125.0474053,11.3074565],[125.0476126,11.3078843]]}},{"type":"Feature","properties":{"u":"8386051927","v":"8386034512","key":"0","osmid":902901660,"name":null,"ref":null,"highway":"residential","length":58.696633648632655,"oneway":false},"geometry":{"type":"LineString","coordinates":[[125.0478436,11.3083611],[125.0476126,11.3078843]]}},{"type":"Feature","properties":{"u":"8386051927","v":"8386051933","key":"0","osmid":902901663,"name":null,"ref":null,"highway":"residential","length":28.942884507795945,"oneway":false},"geometry":{"type":"LineString","coordinates":[[125.0478436,11.3083611],[125.0478665,11.3083536],[125.0478907,11.3083529],[125.0479141,11.308359],[125.0479373,11.3083735],[125.0479545,11.3083947],[125.0479638,11.3084201],[125.0479641,11.3084471],[125.0479555,11.3084728],[125.0479389,11.3084944],[125.0479161,11.3085095]]}},{"type":"Feature","properties":{"u":"8386051927","v":"8386051933","key":"1","osmid":902901663,"name":null,"ref":null,"highway":"residential","length":28.30751131632449,"oneway":false},"geometry":{"type":"LineString","coordinates":[[125.0478436,11.3083611],[125.0478237,11.3083747],[125.0478087,11.3083932],[125.0477996,11.3084153],[125.0477974,11.3084389],[125.0478031,11.3084649],[125.047817,11.3084877],[125.0478376,11.308505],[125.0478628,11.3085149],[125.0478899,11.3085165],[125.0479161,11.3085095]]}},{"type":"Feature","properties":{"u":"8386051933","v":"8318422116","key":"0","osmid":902901662,"name":null,"ref":null,"highway":"residential","length":43.05949692079823,"oneway":false},"geometry":{"type":"LineString","coordinates":[[125.0479161,11.3085095],[125.0481055,11.3088493]]}},{"type":"Feature","properties":{"u":"8386051933","v":"8386051927","key":"0","osmid":902901663,"name":null,"ref":null,"highway":"residential","length":28.307511316324486,"oneway":false},"geometry":{"type":"LineString","coordinates":[[125.0479161,11.3085095],[125.0478899,11.3085165],[125.0478628,11.3085149],[125.0478376,11.308505],[125.047817,11.3084877],[125.0478031,11.3084649],[125.0477974,11.3084389],[125.0477996,11.3084153],[125.0478087,11.3083932],[125.0478237,11.3083747],[125.0478436,11.3083611]]}},{"type":"Feature","properties":{"u":"8386051933","v":"8386051927","key":"1","osmid":902901663,"name":null,"ref":null,"highway":"residential","length":28.94288450779594,"oneway":false},"geometry":{"type":"LineString","coordinates":[[125.0479161,11.3085095],[125.0479389,11.3084944],[125.0479555,11.3084728],[125.0479641,11.3084471],[125.0479638,11.3084201],[125.0479545,11.3083947],[125.0479373,11.3083735],[125.0479141,11.308359],[125.0478907,11.3083529],[125.0478665,11.3083536],[125.0478436,11.3083611]]}},{"type":"Feature","properties":{"u":"8386120096","v":"4848524338","key":"0","osmid":245348115,"name":null,"ref":null,"highway":"tertiary","length":63.41582206516515,"oneway":false},"geometry":{"type":"LineString","coordinates":[[125.0363033,11.3339915],[125.0363351,11.3340198],[125.0366825,11.3344235]]}},{"type":"Feature","properties":{"u":"8386120096","v":"4848524333","key":"0","osmid":[245348115,902910669,902910670],"name":null,"ref":null,"highway":"tertiary","length":516.973064099366,"oneway":false},"geometry":{"type":"LineString","coordinates":[[125.0363033,11.3339915],[125.0362976,11.3339864],[125.0360401,11.3337568],[125.0347258,11.332664],[125.0340138,11.3319915],[125.0339184,11.3318978],[125.0328682,11.3307947]]}},{"type":"Feature","properties":{"u":"8386120096","v":"8386120101","key":"0","osmid":902910630,"name":null,"ref":null,"highway":"path","length":181.55798656061734,"oneway":false},"geometry":{"type":"LineString","coordinates":[[125.0363033,11.3339915],[125.0354087,11.3345393],[125.0353474,11.3346346],[125.0352988,11.3348545],[125.0352896,11.3351153]]}},{"type":"Feature","properties":{"u":"8386120101","v":"8386120096","key":"0","osmid":902910630,"name":null,"ref":null,"highway":"path","length":181.55798656061734,"oneway":false},"geometry":{"type":"LineString","coordinates":[[125.0352896,11.3351153],[125.0352988,11.3348545],[125.0353474,11.3346346],[125.0354087,11.3345393],[125.0363033,11.3339915]]}},{"type":"Feature","properties":{"u":"8386131018","v":"4848524338","key":"0","osmid":902910635,"name":null,"ref":null,"highway":"service","length":81.96412946289419,"oneway":false},"geometry":{"type":"LineString","coordinates":[[125.0372613,11.3339531],[125.0366825,11.3344235]]}},{"type":"Feature","properties":{"u":"8389175718","v":"4953817648","key":"0","osmid":[903240825,903240826,895482967],"name":null,"ref":null,"highway":["track","service"],"length":1061.3738486332538,"oneway":false},"geometry":{"type":"LineString","coordinates":[[125.1197881,11.3077077],[125.1196272,11.3073658],[125.119493,11.3072185],[125.1194233,11.3071764],[125.1193643,11.3071132],[125.1191282,11.3066293],[125.1189834,11.3064241],[125.1187151,11.3058559],[125.1185649,11.3052404],[125.1185327,11.3046881],[125.1183771,11.3037832],[125.1183879,11.3033781],[125.1185166,11.3027416],[125.1185596,11.3024523],[125.1185649,11.3022997],[125.1183289,11.3015264],[125.1182538,11.301195],[125.1181733,11.3005795],[125.1180902,11.3003353],[125.1180929,11.3002222],[125.1180661,11.3000223],[125.1179615,11.2998514],[125.1178756,11.2996462],[125.11783,11.2995015],[125.1176542,11.2986405]]}},{"type":"Feature","properties":{"u":"8418103831","v":"8040267061","key":"0","osmid":863253073,"name":null,"ref":null,"highway":"residential","length":18.035184021717992,"oneway":false},"geometry":{"type":"LineString","coordinates":[[125.1465266,11.3323666],[125.1465954,11.3325141]]}},{"type":"Feature","properties":{"u":"8434438863","v":"13956012171","key":"0","osmid":492882504,"name":null,"ref":null,"highway":"residential","length":70.47327531464681,"oneway":false},"geometry":{"type":"LineString","coordinates":[[125.149981,11.3742288],[125.1499951,11.3741768],[125.1499951,11.3740638],[125.1499951,11.3739533],[125.1499683,11.3738376],[125.1498906,11.3736123]]}},{"type":"Feature","properties":{"u":"8434438863","v":"4848524514","key":"0","osmid":492882504,"name":null,"ref":null,"highway":"residential","length":176.49859575956782,"oneway":false},"geometry":{"type":"LineString","coordinates":[[125.149981,11.3742288],[125.150091,11.374213],[125.1502358,11.3741164],[125.1504189,11.373998],[125.150677,11.3738777],[125.1508306,11.3738192],[125.1509728,11.3736825],[125.151023,11.3736056],[125.1511028,11.3734846],[125.1511833,11.3732801]]}},{"type":"Feature","properties":{"u":"8434438863","v":"13956012165","key":"0","osmid":908350594,"name":null,"ref":null,"highway":"residential","length":59.373062484354364,"oneway":false},"geometry":{"type":"LineString","coordinates":[[125.149981,11.3742288],[125.1498824,11.3744871],[125.1497836,11.3747264]]}},{"type":"Feature","properties":{"u":"8434438864","v":"8434438879","key":"0","osmid":908347483,"name":null,"ref":null,"highway":"residential","length":8.611460051197534,"oneway":false},"geometry":{"type":"LineString","coordinates":[[125.1320242,11.3764431],[125.1319666,11.3764961]]}},{"type":"Feature","properties":{"u":"8434438864","v":"4848524573","key":"0","osmid":908347481,"name":null,"ref":null,"highway":"residential","length":73.77034780093771,"oneway":false},"geometry":{"type":"LineString","coordinates":[[125.1320242,11.3764431],[125.1322697,11.3762174],[125.1324293,11.3759229]]}},{"type":"Feature","properties":{"u":"8434438864","v":"8434438874","key":"0","osmid":908347483,"name":null,"ref":null,"highway":"residential","length":149.4178216880641,"oneway":false},"geometry":{"type":"LineString","coordinates":[[125.1320242,11.3764431],[125.1322255,11.3765053],[125.1323864,11.3765487],[125.1323622,11.376667],[125.1322965,11.3768103],[125.1321584,11.3769891],[125.1320377,11.3770917],[125.1320109,11.3771101],[125.131744,11.3770036]]}},{"type":"Feature","properties":{"u":"8434438874","v":"8434438879","key":"0","osmid":908347482,"name":null,"ref":null,"highway":"residential","length":61.42750204935251,"oneway":false},"geometry":{"type":"LineString","coordinates":[[125.131744,11.3770036],[125.1319666,11.3764961]]}},{"type":"Feature","properties":{"u":"8434438874","v":"8434438879","key":"1","osmid":908347483,"name":null,"ref":null,"highway":"residential","length":170.4875307107731,"oneway":false},"geometry":{"type":"LineString","coordinates":[[125.131744,11.3770036],[125.1312384,11.3766427],[125.1312223,11.3766164],[125.1312304,11.3765888],[125.1314288,11.3763495],[125.1317292,11.3764645],[125.1318526,11.3764934],[125.1319666,11.3764961]]}},{"type":"Feature","properties":{"u":"8434438874","v":"8434438864","key":"0","osmid":908347483,"name":null,"ref":null,"highway":"residential","length":149.41782168806407,"oneway":false},"geometry":{"type":"LineString","coordinates":[[125.131744,11.3770036],[125.1320109,11.3771101],[125.1320377,11.3770917],[125.1321584,11.3769891],[125.1322965,11.3768103],[125.1323622,11.376667],[125.1323864,11.3765487],[125.1322255,11.3765053],[125.1320242,11.3764431]]}},{"type":"Feature","properties":{"u":"8434438879","v":"8434438874","key":"0","osmid":908347482,"name":null,"ref":null,"highway":"residential","length":61.42750204935251,"oneway":false},"geometry":{"type":"LineString","coordinates":[[125.1319666,11.3764961],[125.131744,11.3770036]]}},{"type":"Feature","properties":{"u":"8434438879","v":"8434438874","key":"1","osmid":908347483,"name":null,"ref":null,"highway":"residential","length":170.4875307107731,"oneway":false},"geometry":{"type":"LineString","coordinates":[[125.1319666,11.3764961],[125.1318526,11.3764934],[125.1317292,11.3764645],[125.1314288,11.3763495],[125.1312304,11.3765888],[125.1312223,11.3766164],[125.1312384,11.3766427],[125.131744,11.3770036]]}},{"type":"Feature","properties":{"u":"8434438879","v":"8434438864","key":"0","osmid":908347483,"name":null,"ref":null,"highway":"residential","length":8.611460051197534,"oneway":false},"geometry":{"type":"LineString","coordinates":[[125.1319666,11.3764961],[125.1320242,11.3764431]]}},{"type":"Feature","properties":{"u":"8434465834","v":"4848524489","key":"0","osmid":908362908,"name":null,"ref":null,"highway":"residential","length":340.85032694668155,"oneway":false},"geometry":{"type":"LineString","coordinates":[[125.1525338,11.3717557],[125.1522347,11.3714894],[125.1520242,11.3713027],[125.1519974,11.3713001],[125.1518713,11.3713461],[125.151819,11.3713225],[125.1516728,11.3711647],[125.1516245,11.3710806],[125.1515253,11.3707532],[125.1515079,11.37074],[125.1514851,11.37074],[125.1511793,11.3708163],[125.1507957,11.3709333],[125.1506697,11.370978],[125.1506563,11.3710043],[125.1506616,11.3710543],[125.1507126,11.3712344],[125.1507716,11.3714382],[125.1508186,11.3715998]]}},{"type":"Feature","properties":{"u":"8434465834","v":"4848524458","key":"0","osmid":[953885912,1105826270],"name":null,"ref":null,"highway":"unclassified","length":512.189148430835,"oneway":false},"geometry":{"type":"LineString","coordinates":[[125.1525338,11.3717557],[125.1528007,11.371527],[125.1531373,11.3712311],[125.1532795,11.3710937],[125.1533867,11.3709872],[125.1534323,11.3709215],[125.1534672,11.370836],[125.1534847,11.3707591],[125.15349,11.3706309],[125.1534779,11.3704863],[125.1534377,11.3703108],[125.1533331,11.3699282],[125.1531386,11.3692143],[125.1530528,11.3686095],[125.1530246,11.3682611],[125.1530488,11.3680441],[125.1530743,11.3679251],[125.1531588,11.3678101],[125.1532956,11.3676759]]}},{"type":"Feature","properties":{"u":"8434465834","v":"8434560800","key":"0","osmid":953885912,"name":null,"ref":null,"highway":"unclassified","length":350.95676985661237,"oneway":false},"geometry":{"type":"LineString","coordinates":[[125.1525338,11.3717557],[125.1524869,11.3718208],[125.1524506,11.3718865],[125.1524051,11.3720022],[125.1523688,11.3721739],[125.1523179,11.3725031],[125.1523098,11.3726701],[125.15233,11.3728141],[125.1524131,11.3730719],[125.1524279,11.3731829],[125.1524238,11.3732959],[125.1523849,11.3734268],[125.1523045,11.3735714],[125.1520899,11.3738712],[125.1520148,11.3740198],[125.1519075,11.3742899],[125.1518606,11.3743885],[125.1518163,11.3744372],[125.1517331,11.3744786],[125.1515692,11.3745429]]}},{"type":"Feature","properties":{"u":"8434494002","v":"4848524501","key":"0","osmid":908355037,"name":null,"ref":null,"highway":"residential","length":124.50853217802499,"oneway":false},"geometry":{"type":"LineString","coordinates":[[125.1504148,11.3737226],[125.150616,11.3736733],[125.1506334,11.3736654],[125.1506388,11.3736391],[125.1506147,11.3735497],[125.1505744,11.3734866],[125.1505181,11.3734603],[125.1504497,11.3734603],[125.1500863,11.3735155],[125.1498703,11.3735536]]}},{"type":"Feature","properties":{"u":"8434496188","v":"4848524527","key":"0","osmid":245349096,"name":null,"ref":null,"highway":"unclassified","length":1311.672582575565,"oneway":false},"geometry":{"type":"LineString","coordinates":[[125.1439051,11.3863527],[125.143818,11.3862001],[125.1437911,11.3860608],[125.1438636,11.3857904],[125.1439575,11.3854094],[125.143932,11.3848861],[125.1438924,11.3846126],[125.1438059,11.3844857],[125.1436272,11.3842948],[125.1434411,11.3839151],[125.1434129,11.3833814],[125.143362,11.3827976],[125.1434425,11.382394],[125.143421,11.38216],[125.143484,11.3819588],[125.1436396,11.3817498],[125.1437093,11.3816236],[125.1437657,11.3814527],[125.1440983,11.381007],[125.1441331,11.3808623],[125.1442525,11.3807059],[125.144463,11.3803535],[125.1444885,11.3802221],[125.1446293,11.3800945],[125.1448962,11.3797159],[125.1452114,11.3792334],[125.1455325,11.3791411],[125.1457424,11.379048],[125.1459329,11.3787193],[125.1461729,11.3784025],[125.1462306,11.3780606],[125.1462306,11.3777175],[125.1463406,11.377419],[125.1463768,11.3770456],[125.1463709,11.3766202],[125.1463473,11.3764448],[125.1465619,11.3760701],[125.1466906,11.3758952]]}},{"type":"Feature","properties":{"u":"8434496188","v":"2525595964","key":"0","osmid":245349096,"name":null,"ref":null,"highway":"unclassified","length":163.5524362571524,"oneway":false},"geometry":{"type":"LineString","coordinates":[[125.1439051,11.3863527],[125.1439078,11.3866261],[125.1438528,11.3871454],[125.1437316,11.3873137],[125.1434694,11.3877064]]}},{"type":"Feature","properties":{"u":"8434496188","v":"13956012152","key":"0","osmid":908359206,"name":null,"ref":null,"highway":"unclassified","length":948.6927975223543,"oneway":false},"geometry":{"type":"LineString","coordinates":[[125.1439051,11.3863527],[125.1441935,11.3861778],[125.1453468,11.3856072],[125.1459852,11.3853022],[125.1465002,11.3851418],[125.1471814,11.3850077],[125.1479351,11.3846843],[125.1500139,11.3836693],[125.1502606,11.3834931],[125.1504672,11.3832933],[125.1505825,11.3831013],[125.15073,11.3827674],[125.1508266,11.3824387],[125.1508963,11.3820706],[125.1509044,11.3820154]]}},{"type":"Feature","properties":{"u":"8434496188","v":"2525595966","key":"0","osmid":908359206,"name":null,"ref":null,"highway":"unclassified","length":336.62020631990686,"oneway":false},"geometry":{"type":"LineString","coordinates":[[125.1439051,11.3863527],[125.1437804,11.386538],[125.1436087,11.3868062],[125.1433553,11.3872585],[125.1432064,11.3874267],[125.1429516,11.3876292],[125.1421939,11.3880289],[125.1420692,11.3881275],[125.1417835,11.3884509]]}},{"type":"Feature","properties":{"u":"8434560800","v":"4848524516","key":"0","osmid":492882497,"name":null,"ref":null,"highway":"residential","length":180.722553101168,"oneway":false},"geometry":{"type":"LineString","coordinates":[[125.1515692,11.3745429],[125.1516312,11.3743609],[125.1517144,11.3742439],[125.1517224,11.374115],[125.151709,11.3739454],[125.1517553,11.3737706],[125.1517513,11.3736588],[125.1517265,11.3734872],[125.1516782,11.3733249],[125.1516272,11.3732158],[125.1515441,11.3729936]]}},{"type":"Feature","properties":{"u":"8434560800","v":"4848524521","key":"0","osmid":492882505,"name":null,"ref":null,"highway":"tertiary","length":226.87587567608867,"oneway":false},"geometry":{"type":"LineString","coordinates":[[125.1515692,11.3745429],[125.1507153,11.3747968],[125.1505396,11.3748652],[125.1503545,11.3749651],[125.1501748,11.3750414],[125.1498717,11.3751597],[125.1496171,11.3752369]]}},{"type":"Feature","properties":{"u":"8434560800","v":"8434465834","key":"0","osmid":953885912,"name":null,"ref":null,"highway":"unclassified","length":350.9567698566124,"oneway":false},"geometry":{"type":"LineString","coordinates":[[125.1515692,11.3745429],[125.1517331,11.3744786],[125.1518163,11.3744372],[125.1518606,11.3743885],[125.1519075,11.3742899],[125.1520148,11.3740198],[125.1520899,11.3738712],[125.1523045,11.3735714],[125.1523849,11.3734268],[125.1524238,11.3732959],[125.1524279,11.3731829],[125.1524131,11.3730719],[125.15233,11.3728141],[125.1523098,11.3726701],[125.1523179,11.3725031],[125.1523688,11.3721739],[125.1524051,11.3720022],[125.1524506,11.3718865],[125.1524869,11.3718208],[125.1525338,11.3717557]]}},{"type":"Feature","properties":{"u":"8434564813","v":"2525595964","key":"0","osmid":908359205,"name":null,"ref":null,"highway":"residential","length":149.6336580305202,"oneway":false},"geometry":{"type":"LineString","coordinates":[[125.1443665,11.3886731],[125.1440272,11.3881064],[125.143936,11.3879829],[125.1437221,11.3878534],[125.1436215,11.38781],[125.143539,11.3877607],[125.1434694,11.3877064]]}},{"type":"Feature","properties":{"u":"8440242424","v":"5078007564","key":"0","osmid":[953254493,953254494,521114287],"name":null,"ref":null,"highway":"residential","length":410.3945346163523,"oneway":false},"geometry":{"type":"LineString","coordinates":[[125.1550088,11.3028193],[125.1557444,11.3027369],[125.1557358,11.3028298],[125.1562969,11.302879],[125.1565491,11.302954],[125.1586475,11.3030635]]}},{"type":"Feature","properties":{"u":"8440259945","v":"5078007526","key":"0","osmid":[953254482,953254483,521114260],"name":null,"ref":null,"highway":"path","length":128.2560674906479,"oneway":false},"geometry":{"type":"LineString","coordinates":[[125.1584199,11.3095383],[125.1580292,11.310367],[125.1579454,11.3105515],[125.157928,11.310586]]}},{"type":"Feature","properties":{"u":"8440259948","v":"5078007515","key":"0","osmid":909003196,"name":null,"ref":null,"highway":"residential","length":100.42828697688999,"oneway":false},"geometry":{"type":"LineString","coordinates":[[125.1565811,11.3112567],[125.1567676,11.3107431],[125.156848,11.3106826],[125.1571094,11.3106483]]}},{"type":"Feature","properties":{"u":"8440259948","v":"8823200140","key":"0","osmid":953254490,"name":null,"ref":null,"highway":"tertiary","length":46.75368428599229,"oneway":false},"geometry":{"type":"LineString","coordinates":[[125.1565811,11.3112567],[125.1562835,11.3111368],[125.156203,11.3110676]]}},{"type":"Feature","properties":{"u":"8440259948","v":"8440259950","key":"0","osmid":953254490,"name":null,"ref":null,"highway":"tertiary","length":106.38359478131447,"oneway":false},"geometry":{"type":"LineString","coordinates":[[125.1565811,11.3112567],[125.1568843,11.3113788],[125.1575023,11.3115696]]}},{"type":"Feature","properties":{"u":"8440259949","v":"8440259950","key":"0","osmid":909003197,"name":null,"ref":null,"highway":"residential","length":57.10255503102928,"oneway":false},"geometry":{"type":"LineString","coordinates":[[125.1572343,11.3120108],[125.1575023,11.3115696]]}},{"type":"Feature","properties":{"u":"8440259950","v":"8440259949","key":"0","osmid":909003197,"name":null,"ref":null,"highway":"residential","length":57.10255503102928,"oneway":false},"geometry":{"type":"LineString","coordinates":[[125.1575023,11.3115696],[125.1572343,11.3120108]]}},{"type":"Feature","properties":{"u":"8440259950","v":"5078007516","key":"0","osmid":953254490,"name":null,"ref":null,"highway":"tertiary","length":13.308010283051686,"oneway":false},"geometry":{"type":"LineString","coordinates":[[125.1575023,11.3115696],[125.1576187,11.3116056]]}},{"type":"Feature","properties":{"u":"8440259950","v":"8440259948","key":"0","osmid":953254490,"name":null,"ref":null,"highway":"tertiary","length":106.38359478131447,"oneway":false},"geometry":{"type":"LineString","coordinates":[[125.1575023,11.3115696],[125.1568843,11.3113788],[125.1565811,11.3112567]]}},{"type":"Feature","properties":{"u":"8440259951","v":"5078007533","key":"0","osmid":909003198,"name":null,"ref":null,"highway":"residential","length":131.16974361945324,"oneway":false},"geometry":{"type":"LineString","coordinates":[[125.1596242,11.3127733],[125.1599018,11.3116255]]}},{"type":"Feature","properties":{"u":"8440259952","v":"8440259965","key":"0","osmid":909003199,"name":null,"ref":null,"highway":"path","length":266.1818957915787,"oneway":false},"geometry":{"type":"LineString","coordinates":[[125.1611812,11.302809],[125.1611799,11.3027328],[125.1612429,11.3026394],[125.1615165,11.3024895],[125.1616238,11.302404],[125.1616439,11.3023132],[125.1618228,11.3022519],[125.1623386,11.3021896],[125.1626617,11.3022836],[125.1630115,11.3024956],[125.1631419,11.3025534],[125.1631776,11.3026474]]}},{"type":"Feature","properties":{"u":"8440259962","v":"8440259965","key":"0","osmid":909003200,"name":null,"ref":null,"highway":"path","length":140.54366501147774,"oneway":false},"geometry":{"type":"LineString","coordinates":[[125.164449,11.3027789],[125.1639125,11.3027157],[125.163537,11.302742],[125.1631776,11.3026474]]}},{"type":"Feature","properties":{"u":"8440259965","v":"8440259952","key":"0","osmid":909003199,"name":null,"ref":null,"highway":"path","length":266.18189579157877,"oneway":false},"geometry":{"type":"LineString","coordinates":[[125.1631776,11.3026474],[125.1631419,11.3025534],[125.1630115,11.3024956],[125.1626617,11.3022836],[125.1623386,11.3021896],[125.1618228,11.3022519],[125.1616439,11.3023132],[125.1616238,11.302404],[125.1615165,11.3024895],[125.1612429,11.3026394],[125.1611799,11.3027328],[125.1611812,11.302809]]}},{"type":"Feature","properties":{"u":"8440259965","v":"8440259962","key":"0","osmid":909003200,"name":null,"ref":null,"highway":"path","length":140.54366501147774,"oneway":false},"geometry":{"type":"LineString","coordinates":[[125.1631776,11.3026474],[125.163537,11.302742],[125.1639125,11.3027157],[125.164449,11.3027789]]}},{"type":"Feature","properties":{"u":"8440259965","v":"1170165024","key":"0","osmid":[909003200,953254492],"name":null,"ref":null,"highway":["residential","path"],"length":542.4342637450748,"oneway":false},"geometry":{"type":"LineString","coordinates":[[125.1631776,11.3026474],[125.1631508,11.3032155],[125.1627377,11.3032681],[125.1626895,11.3033891],[125.1627699,11.3037626],[125.1626843,11.3041754],[125.1619847,11.3041379],[125.1613723,11.3039064],[125.1610513,11.3038072],[125.1606305,11.3039131],[125.1605104,11.304089],[125.1602774,11.3041559],[125.1598826,11.3043469]]}},{"type":"Feature","properties":{"u":"8440259977","v":"8440259978","key":"0","osmid":909003201,"name":null,"ref":null,"highway":"residential","length":63.210589267259174,"oneway":false},"geometry":{"type":"LineString","coordinates":[[125.1572961,11.29745],[125.1568582,11.2978225]]}},{"type":"Feature","properties":{"u":"8440259978","v":"8440259977","key":"0","osmid":909003201,"name":null,"ref":null,"highway":"residential","length":63.210589267259174,"oneway":false},"geometry":{"type":"LineString","coordinates":[[125.1568582,11.2978225],[125.1572961,11.29745]]}},{"type":"Feature","properties":{"u":"8440259978","v":"5078007564","key":"0","osmid":953254491,"name":null,"ref":null,"highway":"tertiary","length":649.1886824913082,"oneway":false},"geometry":{"type":"LineString","coordinates":[[125.1568582,11.2978225],[125.1568111,11.298101],[125.1566609,11.2990031],[125.1566717,11.2997922],[125.1567146,11.3000026],[125.156897,11.3003077],[125.1575152,11.3009587],[125.1577204,11.3012414],[125.1586216,11.3028708],[125.1586475,11.3030635]]}},{"type":"Feature","properties":{"u":"8440259978","v":"8440259982","key":"0","osmid":953254491,"name":null,"ref":null,"highway":"tertiary","length":628.7714692945713,"oneway":false},"geometry":{"type":"LineString","coordinates":[[125.1568582,11.2978225],[125.1568862,11.2976565],[125.1565577,11.2964689],[125.1562264,11.2955207],[125.1558777,11.2948789],[125.155749,11.2944476],[125.1558972,11.2923757]]}},{"type":"Feature","properties":{"u":"8440259982","v":"1170164897","key":"0","osmid":909003202,"name":null,"ref":null,"highway":"residential","length":155.29515581443977,"oneway":false},"geometry":{"type":"LineString","coordinates":[[125.1558972,11.2923757],[125.1561615,11.2921947],[125.156242,11.2917265],[125.1562232,11.2913109],[125.15603,11.2913195]]}},{"type":"Feature","properties":{"u":"8440259982","v":"1170164897","key":"1","osmid":953254491,"name":null,"ref":null,"highway":"tertiary","length":120.05822345293353,"oneway":false},"geometry":{"type":"LineString","coordinates":[[125.1558972,11.2923757],[125.1559126,11.2921606],[125.1560387,11.2918383],[125.15603,11.2913195]]}},{"type":"Feature","properties":{"u":"8440259982","v":"8440259978","key":"0","osmid":953254491,"name":null,"ref":null,"highway":"tertiary","length":628.7714692945713,"oneway":false},"geometry":{"type":"LineString","coordinates":[[125.1558972,11.2923757],[125.155749,11.2944476],[125.1558777,11.2948789],[125.1562264,11.2955207],[125.1565577,11.2964689],[125.1568862,11.2976565],[125.1568582,11.2978225]]}},{"type":"Feature","properties":{"u":"8444283992","v":"8323154333","key":"0","osmid":245374028,"name":"Basey-Marabut Road","ref":"670","highway":"primary","length":187.01197881473513,"oneway":false},"geometry":{"type":"LineString","coordinates":[[125.1535911,11.2699833],[125.1529861,11.271557]]}},{"type":"Feature","properties":{"u":"8444283992","v":"8444283993","key":"0","osmid":909473694,"name":null,"ref":null,"highway":"service","length":50.89933768628785,"oneway":false},"geometry":{"type":"LineString","coordinates":[[125.1535911,11.2699833],[125.1540292,11.2701412]]}},{"type":"Feature","properties":{"u":"8444283992","v":"12971428065","key":"0","osmid":245374028,"name":"Basey-Marabut Road","ref":"670","highway":"primary","length":784.3793352707847,"oneway":false},"geometry":{"type":"LineString","coordinates":[[125.1535911,11.2699833],[125.1542111,11.2683706],[125.1543335,11.2681782],[125.1545195,11.2680119],[125.1550977,11.2675913],[125.15874,11.265477]]}},{"type":"Feature","properties":{"u":"8444283993","v":"8444283992","key":"0","osmid":909473694,"name":null,"ref":null,"highway":"service","length":50.89933768628785,"oneway":false},"geometry":{"type":"LineString","coordinates":[[125.1540292,11.2701412],[125.1535911,11.2699833]]}},{"type":"Feature","properties":{"u":"8444292770","v":"8323301366","key":"0","osmid":245374028,"name":"Basey-Marabut Road","ref":"670","highway":"primary","length":7.094759599952357,"oneway":false},"geometry":{"type":"LineString","coordinates":[[125.1607447,11.2625658],[125.1607901,11.2625201]]}},{"type":"Feature","properties":{"u":"8444292770","v":"2524491255","key":"0","osmid":245374028,"name":"Basey-Marabut Road","ref":"670","highway":"primary","length":296.2358919085319,"oneway":false},"geometry":{"type":"LineString","coordinates":[[125.1607447,11.2625658],[125.160504,11.2628083],[125.160447,11.2629187],[125.1604075,11.2630114],[125.1603688,11.2631157],[125.1603494,11.2632304],[125.1603639,11.2639281],[125.1603574,11.2640306],[125.160325,11.2641435],[125.1602708,11.2642439],[125.1601977,11.2643593],[125.1601178,11.2644522],[125.1600373,11.2645293],[125.1596828,11.264853]]}},{"type":"Feature","properties":{"u":"8444292770","v":"8444292775","key":"0","osmid":909473474,"name":null,"ref":null,"highway":"residential","length":657.10489117151,"oneway":false},"geometry":{"type":"LineString","coordinates":[[125.1607447,11.2625658],[125.1609764,11.2628026],[125.1611803,11.2631709],[125.1612447,11.2634024],[125.1612811,11.2635918],[125.1613659,11.2638981],[125.1617238,11.2643869],[125.1632496,11.2663849],[125.1640795,11.2674166]]}},{"type":"Feature","properties":{"u":"8444292775","v":"8444292770","key":"0","osmid":909473474,"name":null,"ref":null,"highway":"residential","length":657.10489117151,"oneway":false},"geometry":{"type":"LineString","coordinates":[[125.1640795,11.2674166],[125.1632496,11.2663849],[125.1617238,11.2643869],[125.1613659,11.2638981],[125.1612811,11.2635918],[125.1612447,11.2634024],[125.1611803,11.2631709],[125.1609764,11.2628026],[125.1607447,11.2625658]]}},{"type":"Feature","properties":{"u":"8445169319","v":"2526305666","key":"0","osmid":245426125,"name":null,"ref":null,"highway":"residential","length":283.0545147412819,"oneway":false},"geometry":{"type":"LineString","coordinates":[[125.1528825,11.3380172],[125.1532124,11.3381382],[125.1532727,11.3382249],[125.1533344,11.3382618],[125.1546931,11.338757],[125.1550125,11.3382415]]}},{"type":"Feature","properties":{"u":"8445431911","v":"2526305660","key":"0","osmid":909585010,"name":null,"ref":null,"highway":"residential","length":80.58335395957755,"oneway":false},"geometry":{"type":"LineString","coordinates":[[125.1546286,11.3374767],[125.1552539,11.3378631]]}},{"type":"Feature","properties":{"u":"8448967114","v":"2525588201","key":"0","osmid":245348115,"name":null,"ref":null,"highway":"tertiary","length":63.27938620519525,"oneway":false},"geometry":{"type":"LineString","coordinates":[[125.0622285,11.3387687],[125.0623815,11.3387736],[125.0627167,11.3387194],[125.0628043,11.3387202]]}},{"type":"Feature","properties":{"u":"8448967114","v":"2525588401","key":"0","osmid":245348115,"name":null,"ref":null,"highway":"tertiary","length":1459.3520244896597,"oneway":false},"geometry":{"type":"LineString","coordinates":[[125.0622285,11.3387687],[125.0621346,11.3388022],[125.0619516,11.3388771],[125.0617973,11.3389468],[125.0613923,11.3391796],[125.0607154,11.3396141],[125.0603939,11.339841],[125.0602814,11.3400232],[125.0601152,11.3402628],[125.0598171,11.3405216],[125.0595215,11.3407043],[125.0592899,11.3407449],[125.0590238,11.3407178],[125.0587507,11.3407246],[125.0584258,11.3408398],[125.0581769,11.3409991],[125.0580145,11.3411143],[125.057814,11.3411516],[125.0575893,11.3410906],[125.0572368,11.3409246],[125.0567667,11.3407009],[125.0564694,11.340545],[125.056224,11.3403484],[125.0560858,11.3402332],[125.0559994,11.3401248],[125.0559199,11.339935],[125.0557367,11.3397926],[125.055588,11.3397316],[125.0552666,11.3397452],[125.0549279,11.3398502],[125.0547758,11.3399926],[125.0546168,11.3402739],[125.0544647,11.3405179],[125.0543022,11.3406467],[125.0541432,11.3406839],[125.0538321,11.3406195],[125.053604,11.3405518],[125.0532998,11.3405619],[125.0531374,11.3406467],[125.0528263,11.3409008],[125.0521903,11.341216],[125.0519,11.3413245],[125.0516788,11.3413143],[125.0514575,11.3412804],[125.0513227,11.3412973],[125.0510462,11.3413719],[125.0508354,11.3413482]]}},{"type":"Feature","properties":{"u":"8448967114","v":"6426799850","key":"0","osmid":[685743427,909962917],"name":null,"ref":null,"highway":["track","residential"],"length":478.98884760114703,"oneway":false},"geometry":{"type":"LineString","coordinates":[[125.0622285,11.3387687],[125.0619194,11.3386668],[125.0616659,11.338509],[125.0614513,11.3382381],[125.0613923,11.338129],[125.0613747,11.3380933],[125.0612207,11.3377818],[125.0611563,11.3372874],[125.0611026,11.3368666],[125.0607271,11.3366773],[125.0602014,11.3364984],[125.0599332,11.3362249],[125.0600512,11.3356569]]}},{"type":"Feature","properties":{"u":"8449003442","v":"4848524053","key":"0","osmid":246031910,"name":null,"ref":null,"highway":"tertiary","length":1504.2282558973136,"oneway":false},"geometry":{"type":"LineString","coordinates":[[125.0725064,11.3469123],[125.0725422,11.3470411],[125.0725061,11.3475108],[125.0725168,11.3477751],[125.0726709,11.3482689],[125.0728051,11.3484339],[125.0729983,11.3485207],[125.0733,11.3485246],[125.0735213,11.3485627],[125.07376,11.3487573],[125.0739424,11.3489322],[125.0741006,11.349019],[125.0746196,11.3492347],[125.0751588,11.3494608],[125.0754055,11.3494621],[125.075777,11.349424],[125.0761673,11.3493951],[125.076756,11.3494608],[125.0774346,11.3495305],[125.0778973,11.3496396],[125.0782634,11.3497001],[125.0785571,11.3499552],[125.0790882,11.3505758],[125.0794785,11.3508414],[125.0797802,11.350923],[125.0800752,11.3510334],[125.0803596,11.3511965],[125.0805849,11.3512438],[125.0807995,11.3511636],[125.0809591,11.351107],[125.0812608,11.351228],[125.0814539,11.3512122],[125.0816846,11.3511531],[125.0821406,11.3512701],[125.0824463,11.3514331],[125.0826716,11.3514489],[125.0831356,11.3514121],[125.0834575,11.351374],[125.0837673,11.3514148],[125.0839591,11.3515041]]}},{"type":"Feature","properties":{"u":"8449003442","v":"2531218894","key":"0","osmid":246031910,"name":null,"ref":null,"highway":"tertiary","length":990.4782946553399,"oneway":false},"geometry":{"type":"LineString","coordinates":[[125.0725064,11.3469123],[125.0724196,11.3468082],[125.0720501,11.3463195],[125.0715539,11.3454359],[125.0711182,11.3451538],[125.0710215,11.3449428],[125.0709893,11.3447443],[125.0704381,11.3437502],[125.0700591,11.3433586],[125.0683393,11.3432045],[125.0680938,11.3431848],[125.067703,11.3430226],[125.0672409,11.3426838],[125.066683,11.342555],[125.0663088,11.342388],[125.0659467,11.3420895],[125.0658438,11.3419226]]}},{"type":"Feature","properties":{"u":"8449003442","v":"8449048402","key":"0","osmid":909960925,"name":null,"ref":null,"highway":"residential","length":404.880800086667,"oneway":false},"geometry":{"type":"LineString","coordinates":[[125.0725064,11.3469123],[125.0725865,11.3466496],[125.072836,11.3462683],[125.0734583,11.3456397],[125.0738512,11.3453426],[125.0741382,11.3450073],[125.0743984,11.3442907],[125.074515,11.344125],[125.0745392,11.3439751]]}},{"type":"Feature","properties":{"u":"8449003443","v":"8449003444","key":"0","osmid":909960926,"name":null,"ref":null,"highway":"residential","length":42.80043856956593,"oneway":false},"geometry":{"type":"LineString","coordinates":[[125.065643,11.3389554],[125.0655199,11.3393209]]}},{"type":"Feature","properties":{"u":"8449003444","v":"2525588244","key":"0","osmid":246031910,"name":null,"ref":null,"highway":"tertiary","length":20.004617091294957,"oneway":false},"geometry":{"type":"LineString","coordinates":[[125.0655199,11.3393209],[125.0653553,11.3392414]]}},{"type":"Feature","properties":{"u":"8449003444","v":"8449003443","key":"0","osmid":909960926,"name":null,"ref":null,"highway":"residential","length":42.80043856956593,"oneway":false},"geometry":{"type":"LineString","coordinates":[[125.0655199,11.3393209],[125.065643,11.3389554]]}},{"type":"Feature","properties":{"u":"8449003444","v":"2531218894","key":"0","osmid":246031910,"name":null,"ref":null,"highway":"tertiary","length":316.98272537649086,"oneway":false},"geometry":{"type":"LineString","coordinates":[[125.0655199,11.3393209],[125.065712,11.3394136],[125.0659749,11.3397595],[125.06594,11.3400606],[125.0657724,11.3404038],[125.0657335,11.3407904],[125.0658438,11.3419226]]}},{"type":"Feature","properties":{"u":"8449003445","v":"8449003449","key":"0","osmid":[909960928,909960927],"name":null,"ref":null,"highway":"residential","length":151.69619147805875,"oneway":false},"geometry":{"type":"LineString","coordinates":[[125.0648209,11.3376641],[125.0646378,11.3380211],[125.0644514,11.337983],[125.0641094,11.3378568],[125.0641859,11.3374439]]}},{"type":"Feature","properties":{"u":"8449003445","v":"8449003449","key":"1","osmid":910385597,"name":null,"ref":null,"highway":"residential","length":74.62945487370949,"oneway":false},"geometry":{"type":"LineString","coordinates":[[125.0648209,11.3376641],[125.0646213,11.3375535],[125.0643033,11.3374417],[125.0641859,11.3374439]]}},{"type":"Feature","properties":{"u":"8449003445","v":"2525588205","key":"0","osmid":910385597,"name":null,"ref":null,"highway":"residential","length":224.23357460752928,"oneway":false},"geometry":{"type":"LineString","coordinates":[[125.0648209,11.3376641],[125.0649253,11.337758],[125.0651777,11.33795],[125.0655303,11.3381331],[125.0660592,11.3384381],[125.0664262,11.338599],[125.0665757,11.338699]]}},{"type":"Feature","properties":{"u":"8449003449","v":"8449003445","key":"0","osmid":[909960928,909960927],"name":null,"ref":null,"highway":"residential","length":151.69619147805875,"oneway":false},"geometry":{"type":"LineString","coordinates":[[125.0641859,11.3374439],[125.0641094,11.3378568],[125.0644514,11.337983],[125.0646378,11.3380211],[125.0648209,11.3376641]]}},{"type":"Feature","properties":{"u":"8449003449","v":"8449003445","key":"1","osmid":910385597,"name":null,"ref":null,"highway":"residential","length":74.6294548737095,"oneway":false},"geometry":{"type":"LineString","coordinates":[[125.0641859,11.3374439],[125.0643033,11.3374417],[125.0646213,11.3375535],[125.0648209,11.3376641]]}},{"type":"Feature","properties":{"u":"8449003449","v":"2525588201","key":"0","osmid":910385597,"name":null,"ref":null,"highway":"residential","length":224.72550279091308,"oneway":false},"geometry":{"type":"LineString","coordinates":[[125.0641859,11.3374439],[125.0640055,11.3374209],[125.0638378,11.3374268],[125.0637265,11.3375122],[125.0635186,11.3378416],[125.0633251,11.3381602],[125.0631557,11.3384652],[125.0630486,11.3385838],[125.0628043,11.3387202]]}},{"type":"Feature","properties":{"u":"8449048390","v":"8449048397","key":"0","osmid":909960925,"name":null,"ref":null,"highway":"residential","length":18.241204991909843,"oneway":false},"geometry":{"type":"LineString","coordinates":[[125.0751614,11.3417463],[125.0751896,11.3415846]]}},{"type":"Feature","properties":{"u":"8449048390","v":"8449048393","key":"0","osmid":909966120,"name":null,"ref":null,"highway":"residential","length":15.52201321679365,"oneway":false},"geometry":{"type":"LineString","coordinates":[[125.0751614,11.3417463],[125.0750568,11.3416516]]}},{"type":"Feature","properties":{"u":"8449048390","v":"8449048402","key":"0","osmid":909960925,"name":null,"ref":null,"highway":"residential","length":259.9775387374341,"oneway":false},"geometry":{"type":"LineString","coordinates":[[125.0751614,11.3417463],[125.0750649,11.3422999],[125.0747806,11.3428574],[125.0746787,11.3431677],[125.074558,11.3435201],[125.0745392,11.3439751]]}},{"type":"Feature","properties":{"u":"8449048391","v":"8449048393","key":"0","osmid":909966121,"name":null,"ref":null,"highway":"residential","length":51.067413923583686,"oneway":false},"geometry":{"type":"LineString","coordinates":[[125.0745915,11.3416056],[125.0748678,11.3416201],[125.0750568,11.3416516]]}},{"type":"Feature","properties":{"u":"8449048393","v":"8449048390","key":"0","osmid":909966120,"name":null,"ref":null,"highway":"residential","length":15.52201321679365,"oneway":false},"geometry":{"type":"LineString","coordinates":[[125.0750568,11.3416516],[125.0751614,11.3417463]]}},{"type":"Feature","properties":{"u":"8449048393","v":"8449048397","key":"0","osmid":909966121,"name":null,"ref":null,"highway":"residential","length":16.282690010955626,"oneway":false},"geometry":{"type":"LineString","coordinates":[[125.0750568,11.3416516],[125.0751896,11.3415846]]}},{"type":"Feature","properties":{"u":"8449048393","v":"8449048391","key":"0","osmid":909966121,"name":null,"ref":null,"highway":"residential","length":51.067413923583686,"oneway":false},"geometry":{"type":"LineString","coordinates":[[125.0750568,11.3416516],[125.0748678,11.3416201],[125.0745915,11.3416056]]}},{"type":"Feature","properties":{"u":"8449048394","v":"8449048397","key":"0","osmid":909960925,"name":null,"ref":null,"highway":"residential","length":124.10880305173028,"oneway":false},"geometry":{"type":"LineString","coordinates":[[125.0756201,11.3405879],[125.0753787,11.3408771],[125.0752862,11.341436],[125.0751896,11.3415846]]}},{"type":"Feature","properties":{"u":"8449048397","v":"8449048390","key":"0","osmid":909960925,"name":null,"ref":null,"highway":"residential","length":18.241204991909843,"oneway":false},"geometry":{"type":"LineString","coordinates":[[125.0751896,11.3415846],[125.0751614,11.3417463]]}},{"type":"Feature","properties":{"u":"8449048397","v":"8449048393","key":"0","osmid":909966121,"name":null,"ref":null,"highway":"residential","length":16.282690010955626,"oneway":false},"geometry":{"type":"LineString","coordinates":[[125.0751896,11.3415846],[125.0750568,11.3416516]]}},{"type":"Feature","properties":{"u":"8449048397","v":"8449048394","key":"0","osmid":909960925,"name":null,"ref":null,"highway":"residential","length":124.10880305173026,"oneway":false},"geometry":{"type":"LineString","coordinates":[[125.0751896,11.3415846],[125.0752862,11.341436],[125.0753787,11.3408771],[125.0756201,11.3405879]]}},{"type":"Feature","properties":{"u":"8449048402","v":"2526468582","key":"0","osmid":[782580208,782580209,782580210,782580207],"name":null,"ref":null,"highway":["residential","path"],"length":1874.2240441915908,"oneway":false},"geometry":{"type":"LineString","coordinates":[[125.0745392,11.3439751],[125.0749255,11.3442016],[125.0751119,11.3442458],[125.0754168,11.3442318],[125.0755336,11.3441868],[125.0757991,11.3441303],[125.0759534,11.3441592],[125.0763356,11.3442381],[125.076585,11.3442394],[125.0768291,11.3441644],[125.0769766,11.3439041],[125.0771188,11.3436608],[125.0771952,11.343365],[125.0773092,11.3432848],[125.0774755,11.3432243],[125.0775627,11.343248],[125.0777411,11.3433689],[125.0778993,11.3434886],[125.0780696,11.3435188],[125.0784049,11.3434426],[125.0785927,11.3434439],[125.0787442,11.3434702],[125.0793309,11.3436845],[125.0796012,11.3437647],[125.0797507,11.343695],[125.0799599,11.3435201],[125.080149,11.3433018],[125.0802885,11.3430599],[125.0804554,11.342939],[125.0807277,11.3428837],[125.0810529,11.3429107],[125.081183,11.3429745],[125.0812433,11.3430586],[125.0812816,11.3431934],[125.0812936,11.3432808],[125.0812239,11.3436345],[125.0811703,11.3440658],[125.0812132,11.3442473],[125.0813513,11.3443183],[125.0814666,11.3444287],[125.0817389,11.3447667],[125.0820084,11.3451914],[125.0822619,11.3456319],[125.0824557,11.3457094],[125.0827279,11.3457594],[125.0829137,11.3457765],[125.0833074,11.3457252],[125.0834937,11.3456936],[125.0836506,11.3456661],[125.0837968,11.345549],[125.0839993,11.3454951],[125.0843172,11.3456253],[125.0847423,11.3453952],[125.0849113,11.3453899],[125.085042,11.3454886],[125.085264,11.3458554],[125.0854437,11.3459658],[125.0857106,11.3460697],[125.0860444,11.3459915],[125.0862249,11.3460921],[125.0864019,11.346547],[125.086764,11.346597],[125.0868975,11.3464747],[125.0869792,11.3462722],[125.0872005,11.346138],[125.0873931,11.3460483]]}},{"type":"Feature","properties":{"u":"8449048402","v":"8449048390","key":"0","osmid":909960925,"name":null,"ref":null,"highway":"residential","length":259.9775387374341,"oneway":false},"geometry":{"type":"LineString","coordinates":[[125.0745392,11.3439751],[125.074558,11.3435201],[125.0746787,11.3431677],[125.0747806,11.3428574],[125.0750649,11.3422999],[125.0751614,11.3417463]]}},{"type":"Feature","properties":{"u":"8449048402","v":"8449003442","key":"0","osmid":909960925,"name":null,"ref":null,"highway":"residential","length":404.880800086667,"oneway":false},"geometry":{"type":"LineString","coordinates":[[125.0745392,11.3439751],[125.074515,11.344125],[125.0743984,11.3442907],[125.0741382,11.3450073],[125.0738512,11.3453426],[125.0734583,11.3456397],[125.072836,11.3462683],[125.0725865,11.3466496],[125.0725064,11.3469123]]}},{"type":"Feature","properties":{"u":"8449201362","v":"8382944744","key":"0","osmid":902552859,"name":null,"ref":null,"highway":"residential","length":378.6858916877127,"oneway":false},"geometry":{"type":"LineString","coordinates":[[125.0440488,11.2813272],[125.04397,11.2813104],[125.0435382,11.2812683],[125.0428972,11.2811026],[125.0422829,11.2810079],[125.0406736,11.2805581]]}},{"type":"Feature","properties":{"u":"8449201362","v":"2532572893","key":"0","osmid":[902552859,156132485],"name":null,"ref":null,"highway":"residential","length":258.9385746004742,"oneway":false},"geometry":{"type":"LineString","coordinates":[[125.0440488,11.2813272],[125.0445226,11.2814288],[125.0448525,11.2814498],[125.0449678,11.2814735],[125.0454774,11.2816997],[125.0460112,11.2817746],[125.0462016,11.2818088],[125.0463479,11.2818365]]}},{"type":"Feature","properties":{"u":"8449201362","v":"8382944745","key":"0","osmid":902552860,"name":null,"ref":null,"highway":"residential","length":453.06896050644025,"oneway":false},"geometry":{"type":"LineString","coordinates":[[125.0440488,11.2813272],[125.0438601,11.2819548],[125.043726,11.2824546],[125.0434953,11.2832911],[125.0433558,11.2838145],[125.0432967,11.2839723],[125.0432163,11.2843354],[125.0431036,11.2852852]]}},{"type":"Feature","properties":{"u":"8449239454","v":"8449239459","key":"0","osmid":909984206,"name":null,"ref":null,"highway":"residential","length":94.44341779181516,"oneway":false},"geometry":{"type":"LineString","coordinates":[[125.0144416,11.2789996],[125.0144295,11.2788812],[125.0143772,11.2787234],[125.0143155,11.2785024],[125.0143075,11.2783341],[125.0143288,11.2781686]]}},{"type":"Feature","properties":{"u":"8449239459","v":"8453308212","key":"0","osmid":245682712,"name":null,"ref":null,"highway":"residential","length":443.4652671796794,"oneway":false},"geometry":{"type":"LineString","coordinates":[[125.0143288,11.2781686],[125.0152101,11.2782354],[125.0153341,11.2781993],[125.0153448,11.2781434],[125.0153375,11.2776962],[125.0154139,11.2776456],[125.0155708,11.2776166],[125.0157063,11.2776081],[125.0161877,11.2777462],[125.0172713,11.2777962],[125.0178346,11.2778435]]}},{"type":"Feature","properties":{"u":"8449239459","v":"1684194129","key":"0","osmid":[245682712,156132421],"name":null,"ref":null,"highway":"residential","length":151.16050985550038,"oneway":false},"geometry":{"type":"LineString","coordinates":[[125.0143288,11.2781686],[125.0140996,11.2781513],[125.0137348,11.2781486],[125.0133846,11.2781486],[125.0129758,11.2779856]]}},{"type":"Feature","properties":{"u":"8449239459","v":"8449239454","key":"0","osmid":909984206,"name":null,"ref":null,"highway":"residential","length":94.44341779181515,"oneway":false},"geometry":{"type":"LineString","coordinates":[[125.0143288,11.2781686],[125.0143075,11.2783341],[125.0143155,11.2785024],[125.0143772,11.2787234],[125.0144295,11.2788812],[125.0144416,11.2789996]]}},{"type":"Feature","properties":{"u":"8449239460","v":"8449239462","key":"0","osmid":909984207,"name":null,"ref":null,"highway":"residential","length":69.41361424128766,"oneway":false},"geometry":{"type":"LineString","coordinates":[[125.0340848,11.2788825],[125.0338165,11.278755],[125.0334936,11.2786557]]}},{"type":"Feature","properties":{"u":"8449239460","v":"8382562379","key":"0","osmid":[902515083,1531240316],"name":null,"ref":null,"highway":"residential","length":95.35615394861465,"oneway":false},"geometry":{"type":"LineString","coordinates":[[125.0340848,11.2788825],[125.0340651,11.2785215],[125.0335886,11.2783551]]}},{"type":"Feature","properties":{"u":"8449239460","v":"8382562382","key":"0","osmid":[1531240316,1531240317],"name":null,"ref":null,"highway":"residential","length":108.21368978277606,"oneway":false},"geometry":{"type":"LineString","coordinates":[[125.0340848,11.2788825],[125.0340968,11.2790851],[125.0339721,11.2791258],[125.0337428,11.2791732],[125.0334209,11.2792126],[125.033327,11.2791969]]}},{"type":"Feature","properties":{"u":"8449239462","v":"8382562379","key":"0","osmid":902515082,"name":null,"ref":null,"highway":"residential","length":34.99380941831567,"oneway":false},"geometry":{"type":"LineString","coordinates":[[125.0334936,11.2786557],[125.0335886,11.2783551]]}},{"type":"Feature","properties":{"u":"8449239462","v":"8382562382","key":"0","osmid":902515082,"name":null,"ref":null,"highway":"residential","length":62.8678301838681,"oneway":false},"geometry":{"type":"LineString","coordinates":[[125.0334936,11.2786557],[125.0333579,11.2790851],[125.033327,11.2791969]]}},{"type":"Feature","properties":{"u":"8449239462","v":"8449239460","key":"0","osmid":909984207,"name":null,"ref":null,"highway":"residential","length":69.41361424128766,"oneway":false},"geometry":{"type":"LineString","coordinates":[[125.0334936,11.2786557],[125.0338165,11.278755],[125.0340848,11.2788825]]}},{"type":"Feature","properties":{"u":"8449239463","v":"8449239470","key":"0","osmid":909984208,"name":null,"ref":null,"highway":"residential","length":124.48386644094023,"oneway":false},"geometry":{"type":"LineString","coordinates":[[125.0131622,11.2825467],[125.0132561,11.2824967],[125.0133526,11.2823809],[125.0134304,11.2821942],[125.0134881,11.282139],[125.0135913,11.2821508],[125.0136544,11.2820877],[125.0138199,11.2817285]]}},{"type":"Feature","properties":{"u":"8449239470","v":"8382619925","key":"0","osmid":245682713,"name":null,"ref":null,"highway":"tertiary","length":120.39117008709448,"oneway":false},"geometry":{"type":"LineString","coordinates":[[125.0138199,11.2817285],[125.0136769,11.2816211],[125.0133639,11.2813705],[125.0131377,11.2811327],[125.0130742,11.2810545],[125.0130307,11.2809814]]}},{"type":"Feature","properties":{"u":"8449239470","v":"10784480996","key":"0","osmid":245682713,"name":null,"ref":null,"highway":"tertiary","length":156.5784558415663,"oneway":false},"geometry":{"type":"LineString","coordinates":[[125.0138199,11.2817285],[125.0139888,11.2818541],[125.0143406,11.2821148],[125.0146388,11.2823562],[125.0149829,11.282549]]}},{"type":"Feature","properties":{"u":"8449239470","v":"8449239463","key":"0","osmid":909984208,"name":null,"ref":null,"highway":"residential","length":124.48386644094025,"oneway":false},"geometry":{"type":"LineString","coordinates":[[125.0138199,11.2817285],[125.0136544,11.2820877],[125.0135913,11.2821508],[125.0134881,11.282139],[125.0134304,11.2821942],[125.0133526,11.2823809],[125.0132561,11.2824967],[125.0131622,11.2825467]]}},{"type":"Feature","properties":{"u":"8449239471","v":"1684194151","key":"0","osmid":909984209,"name":null,"ref":null,"highway":"residential","length":58.36545292745586,"oneway":false},"geometry":{"type":"LineString","coordinates":[[125.0132386,11.2798821],[125.0131756,11.2798216],[125.0131206,11.2798242],[125.0130361,11.2798453],[125.0127314,11.2798528]]}},{"type":"Feature","properties":{"u":"8449239476","v":"8449239477","key":"0","osmid":909984210,"name":null,"ref":null,"highway":"residential","length":35.893063344310676,"oneway":false},"geometry":{"type":"LineString","coordinates":[[125.0092918,11.2766625],[125.0090086,11.276498]]}},{"type":"Feature","properties":{"u":"8449239477","v":"1684194024","key":"0","osmid":895493001,"name":null,"ref":null,"highway":"residential","length":66.44646948477984,"oneway":false},"geometry":{"type":"LineString","coordinates":[[125.0090086,11.276498],[125.0087157,11.277022]]}},{"type":"Feature","properties":{"u":"8449239477","v":"8449239476","key":"0","osmid":909984210,"name":null,"ref":null,"highway":"residential","length":35.893063344310676,"oneway":false},"geometry":{"type":"LineString","coordinates":[[125.0090086,11.276498],[125.0092918,11.2766625]]}},{"type":"Feature","properties":{"u":"8449239477","v":"8323984281","key":"0","osmid":895493001,"name":null,"ref":null,"highway":"residential","length":65.61467686544032,"oneway":false},"geometry":{"type":"LineString","coordinates":[[125.0090086,11.276498],[125.0091094,11.2763192],[125.0093025,11.2759831]]}},{"type":"Feature","properties":{"u":"8453179983","v":"10998028195","key":"0","osmid":953614007,"name":null,"ref":null,"highway":"service","length":28.678899431089338,"oneway":false},"geometry":{"type":"LineString","coordinates":[[125.0165135,11.282791],[125.0163929,11.2830202]]}},{"type":"Feature","properties":{"u":"8453179983","v":"10784508514","key":"0","osmid":1159672047,"name":null,"ref":null,"highway":"service","length":42.41362963435764,"oneway":false},"geometry":{"type":"LineString","coordinates":[[125.0165135,11.282791],[125.016722,11.282469]]}},{"type":"Feature","properties":{"u":"8453179983","v":"10784481003","key":"0","osmid":910432826,"name":null,"ref":null,"highway":"service","length":84.58802747403942,"oneway":false},"geometry":{"type":"LineString","coordinates":[[125.0165135,11.282791],[125.0159057,11.2824534],[125.0158378,11.2824174]]}},{"type":"Feature","properties":{"u":"8453179983","v":"10784508522","key":"0","osmid":[1159672048,1159672049],"name":null,"ref":null,"highway":"service","length":178.5158299863286,"oneway":false},"geometry":{"type":"LineString","coordinates":[[125.0165135,11.282791],[125.0172558,11.2831739],[125.0174596,11.28269],[125.017438,11.2824315]]}},{"type":"Feature","properties":{"u":"8453308212","v":"8449239459","key":"0","osmid":245682712,"name":null,"ref":null,"highway":"residential","length":443.46526717967936,"oneway":false},"geometry":{"type":"LineString","coordinates":[[125.0178346,11.2778435],[125.0172713,11.2777962],[125.0161877,11.2777462],[125.0157063,11.2776081],[125.0155708,11.2776166],[125.0154139,11.2776456],[125.0153375,11.2776962],[125.0153448,11.2781434],[125.0153341,11.2781993],[125.0152101,11.2782354],[125.0143288,11.2781686]]}},{"type":"Feature","properties":{"u":"8453642547","v":"4848526405","key":"0","osmid":[910442164,492882717],"name":null,"ref":null,"highway":"residential","length":69.63022993194456,"oneway":false},"geometry":{"type":"LineString","coordinates":[[125.1487318,11.4046002],[125.1489007,11.4044569],[125.1491341,11.404265],[125.1492425,11.4042425]]}},{"type":"Feature","properties":{"u":"8456461430","v":"8456461435","key":"0","osmid":910713989,"name":null,"ref":null,"highway":"residential","length":15.47848510429385,"oneway":false},"geometry":{"type":"LineString","coordinates":[[125.1420772,11.421607],[125.142104,11.4217437]]}},{"type":"Feature","properties":{"u":"8456461433","v":"2536026052","key":"0","osmid":246580325,"name":null,"ref":null,"highway":"residential","length":68.29775963977637,"oneway":false},"geometry":{"type":"LineString","coordinates":[[125.1428181,11.4219962],[125.1426755,11.4225943]]}},{"type":"Feature","properties":{"u":"8456461433","v":"2536026048","key":"0","osmid":246580325,"name":null,"ref":null,"highway":"residential","length":47.453221295539095,"oneway":false},"geometry":{"type":"LineString","coordinates":[[125.1428181,11.4219962],[125.1428117,11.421942],[125.142789,11.4217388],[125.1427317,11.4215807]]}},{"type":"Feature","properties":{"u":"8456461433","v":"8456461435","key":"0","osmid":910713990,"name":null,"ref":null,"highway":"residential","length":84.37296481729759,"oneway":false},"geometry":{"type":"LineString","coordinates":[[125.1428181,11.4219962],[125.1427169,11.4219948],[125.142505,11.4218686],[125.1422341,11.4218134],[125.142104,11.4217437]]}},{"type":"Feature","properties":{"u":"8456461435","v":"8456461430","key":"0","osmid":910713989,"name":null,"ref":null,"highway":"residential","length":15.47848510429385,"oneway":false},"geometry":{"type":"LineString","coordinates":[[125.142104,11.4217437],[125.1420772,11.421607]]}},{"type":"Feature","properties":{"u":"8456461435","v":"8456461436","key":"0","osmid":910713990,"name":null,"ref":null,"highway":"residential","length":9.767777144550102,"oneway":false},"geometry":{"type":"LineString","coordinates":[[125.142104,11.4217437],[125.1420531,11.421816]]}},{"type":"Feature","properties":{"u":"8456461435","v":"8456461433","key":"0","osmid":910713990,"name":null,"ref":null,"highway":"residential","length":84.37296481729759,"oneway":false},"geometry":{"type":"LineString","coordinates":[[125.142104,11.4217437],[125.1422341,11.4218134],[125.142505,11.4218686],[125.1427169,11.4219948],[125.1428181,11.4219962]]}},{"type":"Feature","properties":{"u":"8456461436","v":"8456461435","key":"0","osmid":910713990,"name":null,"ref":null,"highway":"residential","length":9.767777144550102,"oneway":false},"geometry":{"type":"LineString","coordinates":[[125.1420531,11.421816],[125.142104,11.4217437]]}},{"type":"Feature","properties":{"u":"8491633044","v":"2525668794","key":"0","osmid":949893151,"name":null,"ref":null,"highway":"residential","length":46.56298244061963,"oneway":false},"geometry":{"type":"LineString","coordinates":[[124.9991262,11.3018345],[124.9991064,11.3022528]]}},{"type":"Feature","properties":{"u":"8793712850","v":"2532616788","key":"0","osmid":246192729,"name":null,"ref":null,"highway":"residential","length":54.402000859110835,"oneway":false},"geometry":{"type":"LineString","coordinates":[[125.0169669,11.2957504],[125.0169046,11.2956515],[125.0165873,11.2954458]]}},{"type":"Feature","properties":{"u":"8793712850","v":"2532616801","key":"0","osmid":246192729,"name":null,"ref":null,"highway":"residential","length":36.42077000670266,"oneway":false},"geometry":{"type":"LineString","coordinates":[[125.0169669,11.2957504],[125.0170152,11.2958113],[125.0171815,11.2960013]]}},{"type":"Feature","properties":{"u":"8793712850","v":"8793712854","key":"0","osmid":949888758,"name":null,"ref":null,"highway":"residential","length":103.94164236737484,"oneway":false},"geometry":{"type":"LineString","coordinates":[[125.0169669,11.2957504],[125.016928,11.2956404],[125.0167932,11.2954812],[125.0166115,11.2953004],[125.0163513,11.2950499]]}},{"type":"Feature","properties":{"u":"8793712854","v":"8793712850","key":"0","osmid":949888758,"name":null,"ref":null,"highway":"residential","length":103.94164236737484,"oneway":false},"geometry":{"type":"LineString","coordinates":[[125.0163513,11.2950499],[125.0166115,11.2953004],[125.0167932,11.2954812],[125.016928,11.2956404],[125.0169669,11.2957504]]}},{"type":"Feature","properties":{"u":"8793755126","v":"6765371163","key":"0","osmid":721048639,"name":null,"ref":null,"highway":"tertiary","length":119.94834518055397,"oneway":false},"geometry":{"type":"LineString","coordinates":[[124.9765842,11.2889577],[124.9766292,11.2891097],[124.9767039,11.2892912],[124.9767284,11.2893829],[124.9767724,11.2894667],[124.9768699,11.2895056],[124.9771301,11.2895121],[124.9772344,11.289492],[124.9773049,11.2894687]]}},{"type":"Feature","properties":{"u":"8793755126","v":"8333600243","key":"0","osmid":[156132408,721048639],"name":null,"ref":null,"highway":"tertiary","length":236.53642543038796,"oneway":false},"geometry":{"type":"LineString","coordinates":[[124.9765842,11.2889577],[124.9765775,11.2889351],[124.9765973,11.2888138],[124.9766295,11.2887362],[124.9769135,11.2881625],[124.9770585,11.2878469],[124.9771274,11.2878139],[124.9775311,11.2876758],[124.9778121,11.2875501],[124.9779301,11.2875453]]}},{"type":"Feature","properties":{"u":"8814374586","v":"8814374587","key":"0","osmid":[685749728,685749729],"name":null,"ref":null,"highway":"path","length":237.27415997664474,"oneway":false},"geometry":{"type":"LineString","coordinates":[[125.0999035,11.3811279],[125.0998961,11.3811095],[125.0998693,11.381074],[125.0998237,11.3810372],[125.0997928,11.3809636],[125.0999202,11.3808321],[125.0998277,11.3807374],[125.0997767,11.3806954],[125.0997486,11.3806428],[125.0997325,11.3806112],[125.099711,11.3805534],[125.0996171,11.3804955],[125.0995394,11.3804587],[125.0994884,11.3804088],[125.0994643,11.3803798],[125.0994348,11.3803272],[125.0994535,11.3802484],[125.0994938,11.3802194],[125.0995581,11.3801931],[125.0995715,11.3801406],[125.0995715,11.3801011],[125.0995957,11.3800617],[125.0996413,11.3800091],[125.099703,11.3799959],[125.0997432,11.3799591],[125.0997754,11.3799039],[125.0998076,11.3798986],[125.0998264,11.3797935],[125.0998049,11.3797829],[125.0998076,11.379754],[125.0997942,11.3797067],[125.0997298,11.3796436],[125.0996222,11.3795842]]}},{"type":"Feature","properties":{"u":"8814374587","v":"8814374586","key":"0","osmid":[685749728,685749729],"name":null,"ref":null,"highway":"path","length":237.27415997664477,"oneway":false},"geometry":{"type":"LineString","coordinates":[[125.0996222,11.3795842],[125.0997298,11.3796436],[125.0997942,11.3797067],[125.0998076,11.379754],[125.0998049,11.3797829],[125.0998264,11.3797935],[125.0998076,11.3798986],[125.0997754,11.3799039],[125.0997432,11.3799591],[125.099703,11.3799959],[125.0996413,11.3800091],[125.0995957,11.3800617],[125.0995715,11.3801011],[125.0995715,11.3801406],[125.0995581,11.3801931],[125.0994938,11.3802194],[125.0994535,11.3802484],[125.0994348,11.3803272],[125.0994643,11.3803798],[125.0994884,11.3804088],[125.0995394,11.3804587],[125.0996171,11.3804955],[125.099711,11.3805534],[125.0997325,11.3806112],[125.0997486,11.3806428],[125.0997767,11.3806954],[125.0998277,11.3807374],[125.0999202,11.3808321],[125.0997928,11.3809636],[125.0998237,11.3810372],[125.0998693,11.381074],[125.0998961,11.3811095],[125.0999035,11.3811279]]}},{"type":"Feature","properties":{"u":"8823200140","v":"8823200141","key":"0","osmid":953254467,"name":null,"ref":null,"highway":"residential","length":65.58750496536264,"oneway":false},"geometry":{"type":"LineString","coordinates":[[125.156203,11.3110676],[125.1559603,11.3116073]]}},{"type":"Feature","properties":{"u":"8823200140","v":"1170165105","key":"0","osmid":953254490,"name":null,"ref":null,"highway":"tertiary","length":13.202320764570468,"oneway":false},"geometry":{"type":"LineString","coordinates":[[125.156203,11.3110676],[125.1561118,11.3109895]]}},{"type":"Feature","properties":{"u":"8823200140","v":"8440259948","key":"0","osmid":953254490,"name":null,"ref":null,"highway":"tertiary","length":46.75368428599229,"oneway":false},"geometry":{"type":"LineString","coordinates":[[125.156203,11.3110676],[125.1562835,11.3111368],[125.1565811,11.3112567]]}},{"type":"Feature","properties":{"u":"8823200141","v":"8823200140","key":"0","osmid":953254467,"name":null,"ref":null,"highway":"residential","length":65.58750496536264,"oneway":false},"geometry":{"type":"LineString","coordinates":[[125.1559603,11.3116073],[125.156203,11.3110676]]}},{"type":"Feature","properties":{"u":"8823200209","v":"5078007514","key":"0","osmid":521114274,"name":null,"ref":null,"highway":"residential","length":9.442473028798586,"oneway":false},"geometry":{"type":"LineString","coordinates":[[125.1577217,11.3108274],[125.1578083,11.3108273]]}},{"type":"Feature","properties":{"u":"8823200209","v":"5078007515","key":"0","osmid":521114274,"name":null,"ref":null,"highway":"residential","length":69.66941330478483,"oneway":false},"geometry":{"type":"LineString","coordinates":[[125.1577217,11.3108274],[125.1571094,11.3106483]]}},{"type":"Feature","properties":{"u":"8823200209","v":"5078007515","key":"1","osmid":953254488,"name":null,"ref":null,"highway":"footway","length":112.91886707719478,"oneway":false},"geometry":{"type":"LineString","coordinates":[[125.1577217,11.3108274],[125.157645,11.311026],[125.1570711,11.310862],[125.1571094,11.3106483]]}},{"type":"Feature","properties":{"u":"8826393697","v":"1684194025","key":"0","osmid":156132407,"name":null,"ref":null,"highway":"residential","length":9.28998096746887,"oneway":false},"geometry":{"type":"LineString","coordinates":[[125.0124417,11.2787407],[125.0123978,11.2788123]]}},{"type":"Feature","properties":{"u":"8826393697","v":"8826393698","key":"0","osmid":953614001,"name":null,"ref":null,"highway":"service","length":62.36086753459318,"oneway":false},"geometry":{"type":"LineString","coordinates":[[125.0124417,11.2787407],[125.012978,11.2789354]]}},{"type":"Feature","properties":{"u":"8826393697","v":"1684194129","key":"0","osmid":156132407,"name":null,"ref":null,"highway":"residential","length":102.18627232729423,"oneway":false},"geometry":{"type":"LineString","coordinates":[[125.0124417,11.2787407],[125.0128323,11.2781881],[125.0129758,11.2779856]]}},{"type":"Feature","properties":{"u":"8826393698","v":"8826393697","key":"0","osmid":953614001,"name":null,"ref":null,"highway":"service","length":62.36086753459318,"oneway":false},"geometry":{"type":"LineString","coordinates":[[125.012978,11.2789354],[125.0124417,11.2787407]]}},{"type":"Feature","properties":{"u":"8826393720","v":"10784481002","key":"0","osmid":910432826,"name":null,"ref":null,"highway":"service","length":63.56724309133586,"oneway":false},"geometry":{"type":"LineString","coordinates":[[125.0147199,11.2818121],[125.0152287,11.2820911]]}},{"type":"Feature","properties":{"u":"8826483202","v":"8826483214","key":"0","osmid":953624583,"name":null,"ref":null,"highway":"footway","length":50.143346135871305,"oneway":false},"geometry":{"type":"LineString","coordinates":[[125.0663122,11.2856021],[125.0663054,11.286053]]}},{"type":"Feature","properties":{"u":"8826483202","v":"12284509545","key":"0","osmid":245997281,"name":null,"ref":null,"highway":"service","length":43.488353334692384,"oneway":false},"geometry":{"type":"LineString","coordinates":[[125.0663122,11.2856021],[125.0664988,11.2856036],[125.066711,11.285605]]}},{"type":"Feature","properties":{"u":"8826483202","v":"8826483207","key":"0","osmid":953624583,"name":null,"ref":null,"highway":"footway","length":168.71293475379187,"oneway":false},"geometry":{"type":"LineString","coordinates":[[125.0663122,11.2856021],[125.0663169,11.2852982],[125.0663054,11.2850803],[125.0665022,11.2848014],[125.0665736,11.2847805],[125.0666272,11.2847924],[125.0667124,11.2847077],[125.0671305,11.2847118]]}},{"type":"Feature","properties":{"u":"8826483207","v":"2530912165","key":"0","osmid":245997281,"name":null,"ref":null,"highway":"service","length":85.12110855796017,"oneway":false},"geometry":{"type":"LineString","coordinates":[[125.0671305,11.2847118],[125.0671336,11.2846404],[125.0671953,11.2841091],[125.0672536,11.2839604]]}},{"type":"Feature","properties":{"u":"8826483207","v":"12284509545","key":"0","osmid":245997281,"name":null,"ref":null,"highway":"service","length":127.62734582331439,"oneway":false},"geometry":{"type":"LineString","coordinates":[[125.0671305,11.2847118],[125.0671325,11.2851857],[125.0670531,11.2854736],[125.0669633,11.2855584],[125.0668493,11.2855939],[125.066711,11.285605]]}},{"type":"Feature","properties":{"u":"8826483207","v":"8826483202","key":"0","osmid":953624583,"name":null,"ref":null,"highway":"footway","length":168.71293475379187,"oneway":false},"geometry":{"type":"LineString","coordinates":[[125.0671305,11.2847118],[125.0667124,11.2847077],[125.0666272,11.2847924],[125.0665736,11.2847805],[125.0665022,11.2848014],[125.0663054,11.2850803],[125.0663169,11.2852982],[125.0663122,11.2856021]]}},{"type":"Feature","properties":{"u":"8826483214","v":"8826483202","key":"0","osmid":953624583,"name":null,"ref":null,"highway":"footway","length":50.143346135871305,"oneway":false},"geometry":{"type":"LineString","coordinates":[[125.0663054,11.286053],[125.0663122,11.2856021]]}},{"type":"Feature","properties":{"u":"8826495350","v":"8826495351","key":"0","osmid":953624617,"name":null,"ref":null,"highway":"footway","length":69.10760167415027,"oneway":false},"geometry":{"type":"LineString","coordinates":[[125.0566791,11.286154],[125.0560844,11.2863688]]}},{"type":"Feature","properties":{"u":"8826495351","v":"8826495350","key":"0","osmid":953624617,"name":null,"ref":null,"highway":"footway","length":69.10760167415027,"oneway":false},"geometry":{"type":"LineString","coordinates":[[125.0560844,11.2863688],[125.0566791,11.286154]]}},{"type":"Feature","properties":{"u":"8826495351","v":"8318358824","key":"0","osmid":387032401,"name":"San Juanico-Basey Road","ref":"670","highway":"primary","length":48.2756838289547,"oneway":false},"geometry":{"type":"LineString","coordinates":[[125.0560844,11.2863688],[125.0561381,11.286578],[125.0562098,11.2867848]]}},{"type":"Feature","properties":{"u":"8826495351","v":"2534977956","key":"0","osmid":387032401,"name":"San Juanico-Basey Road","ref":"670","highway":"primary","length":318.62496424301827,"oneway":false},"geometry":{"type":"LineString","coordinates":[[125.0560844,11.2863688],[125.0560681,11.2863051],[125.0558248,11.2848384],[125.0557112,11.2846087],[125.0555698,11.284445],[125.054909,11.2840358],[125.0548425,11.2839938]]}},{"type":"Feature","properties":{"u":"8828848064","v":"8323919588","key":"0","osmid":[953888432,895482965,953888430,953888431],"name":null,"ref":null,"highway":["residential","path"],"length":448.73419645892227,"oneway":false},"geometry":{"type":"LineString","coordinates":[[125.0928898,11.2981987],[125.0931376,11.298097],[125.0933411,11.2980107],[125.0933294,11.2979452],[125.0932771,11.2978629],[125.0931483,11.2975052],[125.0930384,11.2970765],[125.093025,11.2966214],[125.0930437,11.2964505],[125.0931752,11.2961059],[125.0933468,11.2957153],[125.0934139,11.2954299],[125.093438,11.2950827],[125.0934601,11.2945746]]}},{"type":"Feature","properties":{"u":"9277158268","v":"4848524480","key":"0","osmid":1005510689,"name":null,"ref":null,"highway":"footway","length":50.63465775286657,"oneway":false},"geometry":{"type":"LineString","coordinates":[[125.1500447,11.3727727],[125.1500608,11.3729199],[125.1501292,11.373029],[125.1501748,11.3732026]]}},{"type":"Feature","properties":{"u":"9279255469","v":"278505356","key":"0","osmid":333789819,"name":"Basey-Sohoton Road","ref":"670","highway":"primary","length":248.11259520684195,"oneway":false},"geometry":{"type":"LineString","coordinates":[[125.06946,11.2875846],[125.070129,11.2897173]]}},{"type":"Feature","properties":{"u":"9279255469","v":"9279255474","key":"0","osmid":[1005721827,61414428,1005721829],"name":null,"ref":null,"highway":"unclassified","length":245.15664659328098,"oneway":false},"geometry":{"type":"LineString","coordinates":[[125.06946,11.2875846],[125.0690765,11.2864929],[125.0689304,11.2860578],[125.0689199,11.2860186],[125.0687798,11.2856117],[125.0687711,11.28549]]}},{"type":"Feature","properties":{"u":"9279255469","v":"9279255474","key":"1","osmid":[1327755784,1005721828,1327755783],"name":"Basey-Sohoton Road","ref":"670","highway":"primary","length":246.22078067168243,"oneway":false},"geometry":{"type":"LineString","coordinates":[[125.06946,11.2875846],[125.0694422,11.2874154],[125.0694296,11.2872971],[125.069388,11.2871274],[125.0692087,11.2865952],[125.0689475,11.2858219],[125.0689213,11.2857504],[125.0688717,11.2856478],[125.0687711,11.28549]]}},{"type":"Feature","properties":{"u":"9279255474","v":"1107290299","key":"0","osmid":325737545,"name":"Basey-Sohoton Road","ref":"670","highway":"primary","length":20.891991859803042,"oneway":false},"geometry":{"type":"LineString","coordinates":[[125.0687711,11.28549],[125.0687145,11.2853105]]}},{"type":"Feature","properties":{"u":"9279255474","v":"9279255469","key":"0","osmid":[1005721827,61414428,1005721829],"name":null,"ref":null,"highway":"unclassified","length":245.15664659328098,"oneway":false},"geometry":{"type":"LineString","coordinates":[[125.0687711,11.28549],[125.0687798,11.2856117],[125.0689199,11.2860186],[125.0689304,11.2860578],[125.0690765,11.2864929],[125.06946,11.2875846]]}},{"type":"Feature","properties":{"u":"9279255474","v":"9279255469","key":"1","osmid":[1327755784,1005721828,1327755783],"name":"Basey-Sohoton Road","ref":"670","highway":"primary","length":246.22078067168246,"oneway":false},"geometry":{"type":"LineString","coordinates":[[125.0687711,11.28549],[125.0688717,11.2856478],[125.0689213,11.2857504],[125.0689475,11.2858219],[125.0692087,11.2865952],[125.069388,11.2871274],[125.0694296,11.2872971],[125.0694422,11.2874154],[125.06946,11.2875846]]}},{"type":"Feature","properties":{"u":"9931121685","v":"1684194236","key":"0","osmid":[1083709161,895493010],"name":null,"ref":null,"highway":["footway","residential"],"length":1310.7422098949426,"oneway":false},"geometry":{"type":"LineString","coordinates":[[124.9984456,11.2902744],[124.998392,11.2903191],[124.9983303,11.2903902],[124.9982525,11.2903849],[124.9981291,11.2903717],[124.9979601,11.2903717],[124.9978931,11.2904007],[124.9977563,11.2904086],[124.9976839,11.2904086],[124.9975417,11.2904612],[124.9973754,11.2904875],[124.9972386,11.2904822],[124.9971743,11.2904848],[124.996949,11.2905217],[124.9967558,11.2906321],[124.9967022,11.2905374],[124.9966593,11.2904664],[124.9968819,11.2903428],[124.9969624,11.2902981],[124.9971716,11.2900798],[124.997641,11.2896431],[124.9978368,11.2893749],[124.9980701,11.2889882],[124.9981452,11.2889119],[124.9983973,11.288662],[124.9984188,11.288378],[124.9985154,11.2878782],[124.9985395,11.2877125],[124.9985422,11.2875757],[124.9985502,11.2872417],[124.9985341,11.287097],[124.9985985,11.2870496],[124.9986414,11.2867787],[124.998628,11.286713],[124.998561,11.286542],[124.99851,11.2862974],[124.9983517,11.2861659],[124.998215,11.286058],[124.9981425,11.2858528],[124.9979762,11.2855504],[124.9978394,11.2851505],[124.9977643,11.285048],[124.9976249,11.2848875],[124.9974532,11.284614],[124.9973567,11.2845008],[124.9972815,11.2843351],[124.9971528,11.284201],[124.9970187,11.2841037],[124.9967853,11.2840984],[124.9966217,11.2840616],[124.9965217,11.2839458],[124.9964144,11.2838406],[124.9963581,11.283738],[124.9962937,11.283646],[124.9961623,11.2835066],[124.9961328,11.2833961],[124.9961181,11.2832555],[124.9960121,11.282978],[124.9959598,11.2827387],[124.9959234,11.2824466]]}},{"type":"Feature","properties":{"u":"10038419442","v":"12284512666","key":"0","osmid":337410399,"name":"Serafin Marabut Street","ref":null,"highway":"tertiary","length":15.863106673612554,"oneway":false},"geometry":{"type":"LineString","coordinates":[[125.0689674,11.2804109],[125.06911,11.2804391]]}},{"type":"Feature","properties":{"u":"10038419442","v":"1107290250","key":"0","osmid":337410399,"name":"Serafin Marabut Street","ref":null,"highway":"tertiary","length":3.3301447440510525,"oneway":false},"geometry":{"type":"LineString","coordinates":[[125.0689674,11.2804109],[125.0689374,11.2804053]]}},{"type":"Feature","properties":{"u":"10038419442","v":"12284512675","key":"0","osmid":1096169236,"name":null,"ref":null,"highway":"service","length":18.142094765593715,"oneway":false},"geometry":{"type":"LineString","coordinates":[[125.0689674,11.2804109],[125.068988,11.280249]]}},{"type":"Feature","properties":{"u":"10038419444","v":"12284512670","key":"0","osmid":1096169236,"name":null,"ref":null,"highway":"service","length":16.06877003760916,"oneway":false},"geometry":{"type":"LineString","coordinates":[[125.0693766,11.2800478],[125.0692318,11.280021]]}},{"type":"Feature","properties":{"u":"10119067449","v":"2525595897","key":"0","osmid":245349085,"name":null,"ref":null,"highway":"track","length":172.46922163982634,"oneway":false},"geometry":{"type":"LineString","coordinates":[[125.1546836,11.3667825],[125.1547037,11.3668219],[125.1547211,11.3668785],[125.154735,11.3669456],[125.1547005,11.3672379],[125.1546264,11.3675314],[125.1545122,11.3677009],[125.1542776,11.367828],[125.1541154,11.3681021]]}},{"type":"Feature","properties":{"u":"10119067449","v":"5078006479","key":"0","osmid":[188698816,245349091,245476178,245439736,1105826268,1105826270],"name":null,"ref":null,"highway":["track","tertiary","unclassified"],"length":3319.5743091434324,"oneway":false},"geometry":{"type":"LineString","coordinates":[[125.1546836,11.3667825],[125.1547265,11.3667299],[125.154744,11.3666677],[125.1547399,11.3665984],[125.1546867,11.3665147],[125.154634,11.3664735],[125.1545682,11.366462],[125.1543873,11.3664497],[125.1542083,11.3664178],[125.1540696,11.3663958],[125.15395,11.3663631],[125.1538803,11.3663289],[125.1538078,11.366275],[125.1537137,11.3662107],[125.1534925,11.3661567],[125.1533557,11.3661367],[125.1531426,11.3661226],[125.1529217,11.3661309],[125.1527645,11.3661262],[125.1526064,11.3660538],[125.1524316,11.36594],[125.1521974,11.3658631],[125.1515921,11.3659714],[125.150842,11.3658201],[125.1503944,11.3658261],[125.1499067,11.3660349],[125.1497248,11.36607],[125.1494163,11.3656369],[125.1490754,11.3652604],[125.1489433,11.3650768],[125.1489505,11.3649709],[125.1490514,11.3647567],[125.1491066,11.3645825],[125.1490994,11.3642436],[125.1491138,11.3638741],[125.1491954,11.363474],[125.149313,11.3632387],[125.1494835,11.3629892],[125.1496083,11.3627868],[125.1496707,11.3625796],[125.1496755,11.3622148],[125.1496707,11.3619677],[125.1498148,11.3615558],[125.149798,11.3614664],[125.1497356,11.3613581],[125.1494787,11.3612146],[125.1491546,11.3609792],[125.1487945,11.3607462],[125.1486745,11.3606144],[125.1486097,11.3604685],[125.148588,11.3602637],[125.1486721,11.359913],[125.1487393,11.3596965],[125.1487081,11.359407],[125.1486073,11.3590681],[125.1486121,11.3588774],[125.1485952,11.3586703],[125.1485544,11.3585691],[125.1485439,11.3582258],[125.1485262,11.3579644],[125.148537,11.3577961],[125.1485772,11.3576383],[125.1486781,11.3573764],[125.1487918,11.3570729],[125.1489034,11.3568899],[125.1490321,11.3567505],[125.1491984,11.3565769],[125.1493768,11.356331],[125.1494734,11.3561877],[125.1495498,11.3560404],[125.1496383,11.3558932],[125.1496758,11.3557828],[125.1497483,11.3557197],[125.1498985,11.3556986],[125.1501399,11.355696],[125.150451,11.3556802],[125.1506387,11.3556487],[125.1508104,11.3556145],[125.1509338,11.3555645],[125.1510304,11.3554567],[125.1511441,11.3553031],[125.15132,11.3551306],[125.1514338,11.3549902],[125.1515705,11.354764],[125.1517368,11.3545274],[125.1520281,11.3541865],[125.1522223,11.3539357],[125.1523779,11.3536648],[125.1525469,11.3532598],[125.1526665,11.3528112],[125.1527534,11.35225],[125.1527856,11.3519634],[125.1527926,11.3517488],[125.152748,11.3515768],[125.1526729,11.351398],[125.1523259,11.3508889],[125.1520185,11.350396],[125.1517449,11.3499253],[125.1514917,11.349503],[125.1513469,11.3492374],[125.151194,11.3489008],[125.1511296,11.3485799],[125.1510985,11.3482344],[125.1511591,11.3477095],[125.1512718,11.3471756],[125.1513694,11.3467696],[125.1515357,11.346241],[125.1517331,11.3454531],[125.1518301,11.3450756]]}},{"type":"Feature","properties":{"u":"10119067449","v":"4848524458","key":"0","osmid":1105826270,"name":null,"ref":null,"highway":"unclassified","length":183.15163974795564,"oneway":false},"geometry":{"type":"LineString","coordinates":[[125.1546836,11.3667825],[125.1545387,11.3669087],[125.1542839,11.3670823],[125.1539218,11.3672532],[125.153608,11.3673821],[125.153439,11.3675214],[125.1532956,11.3676759]]}},{"type":"Feature","properties":{"u":"10258216671","v":"1107290104","key":"0","osmid":[277023984,387034277],"name":"Calle Veteranos","ref":null,"highway":"residential","length":88.76434144392083,"oneway":false},"geometry":{"type":"LineString","coordinates":[[125.0715301,11.2821563],[125.0715284,11.282081],[125.0707912,11.2820789]]}},{"type":"Feature","properties":{"u":"10258216671","v":"1107290146","key":"0","osmid":[277023984,95489216],"name":["J. Cabañas Street","Calle Veteranos"],"ref":null,"highway":"residential","length":120.04499165246793,"oneway":false},"geometry":{"type":"LineString","coordinates":[[125.0715301,11.2821563],[125.0715383,11.2825104],[125.0714937,11.2825651],[125.0713328,11.2825678],[125.0708257,11.2825835]]}},{"type":"Feature","properties":{"u":"10312602005","v":"10312638076","key":"0","osmid":1127968747,"name":null,"ref":null,"highway":"footway","length":1448.31524302727,"oneway":false},"geometry":{"type":"LineString","coordinates":[[125.2840016,11.3699013],[125.2838331,11.3700114],[125.2836023,11.370097],[125.2832154,11.370097],[125.2829659,11.3700787],[125.2825728,11.3699564],[125.2821486,11.3696994],[125.2819614,11.369571],[125.2818678,11.369363],[125.2816369,11.3693691],[125.2813749,11.3694181],[125.2809756,11.3694548],[125.2807884,11.3691734],[125.2806075,11.3688003],[125.2802643,11.3686413],[125.2801146,11.368629],[125.2798276,11.3686229],[125.2795593,11.3684516],[125.2790856,11.3684639],[125.27843,11.3685373],[125.2776252,11.3685617],[125.2775378,11.3683844],[125.2774255,11.368103],[125.2771947,11.3674607],[125.2770512,11.3671732],[125.2769202,11.3668427],[125.276708,11.3667998],[125.2763961,11.3666469],[125.2760529,11.3665735],[125.275585,11.3664451],[125.2753354,11.366653],[125.2749611,11.3668549],[125.2747302,11.3667509],[125.2744557,11.3666958],[125.2740876,11.3668855],[125.2735822,11.3673014],[125.2734075,11.3675705],[125.2733246,11.367633]]}},{"type":"Feature","properties":{"u":"10312625858","v":"3181029555","key":"0","osmid":1127966940,"name":null,"ref":null,"highway":"track","length":421.32485714853976,"oneway":false},"geometry":{"type":"LineString","coordinates":[[125.2582412,11.3689796],[125.2578184,11.3686916],[125.25746,11.3684737],[125.2571734,11.3684246],[125.2567577,11.3684035],[125.2565427,11.3683894],[125.2563922,11.3682208],[125.2563062,11.3678343],[125.2562058,11.3674479],[125.2562202,11.3671598],[125.2560195,11.3669631],[125.2557749,11.3666667]]}},{"type":"Feature","properties":{"u":"10312625861","v":"10312638076","key":"0","osmid":[1127966942,1127966943],"name":null,"ref":null,"highway":["track","footway"],"length":1996.4320031629295,"oneway":false},"geometry":{"type":"LineString","coordinates":[[125.2575245,11.3658881],[125.2576642,11.365825],[125.2579855,11.3658556],[125.2583879,11.365825],[125.2586219,11.3657669],[125.2588933,11.3657822],[125.2590804,11.3657791],[125.2592302,11.3657883],[125.2593706,11.3657638],[125.2595921,11.365666],[125.2597824,11.3655834],[125.2598635,11.3654825],[125.2599414,11.3653571],[125.2600101,11.3652256],[125.2601473,11.365146],[125.2602316,11.3651002],[125.2603938,11.3651308],[125.2605154,11.3651093],[125.2605654,11.3650757],[125.2607338,11.3647346],[125.2609272,11.3644899],[125.2611331,11.3642666],[125.261339,11.3640575],[125.2615979,11.3639597],[125.2617477,11.3639138],[125.2619349,11.3639291],[125.2621283,11.3639811],[125.2623622,11.3640086],[125.26254,11.3639474],[125.2627085,11.3639199],[125.2630267,11.3639169],[125.2630953,11.363923],[125.2632201,11.3639811],[125.2633886,11.3640117],[125.2635258,11.364079],[125.2639158,11.3641435],[125.2641279,11.3642597],[125.2644405,11.3642811],[125.2646932,11.3642352],[125.2649178,11.3642108],[125.2651549,11.3643056],[125.2653265,11.3643148],[125.2655324,11.3643056],[125.2657944,11.3642552],[125.266044,11.3641726],[125.2662967,11.3640747],[125.2665026,11.3639922],[125.2667833,11.3639402],[125.2669923,11.3638851],[125.2671889,11.3638729],[125.2673137,11.3639279],[125.267454,11.3640166],[125.2676225,11.3641359],[125.2677348,11.3642124],[125.2678034,11.3643347],[125.2680377,11.364509],[125.2682343,11.3645947],[125.2684308,11.364662],[125.2686461,11.3647476],[125.2688956,11.3649036],[125.2690391,11.3650381],[125.2691889,11.3651635],[125.2693136,11.3653807],[125.2693792,11.3655091],[125.2696346,11.3657569],[125.2698374,11.3659128],[125.2699996,11.366078],[125.2701868,11.3662646],[125.2707171,11.3664736],[125.2709355,11.366498],[125.2711698,11.3664399],[125.2712696,11.3664216],[125.271382,11.3665531],[125.271488,11.3666846],[125.2715754,11.3667947],[125.2716627,11.3669354],[125.2717532,11.3670179],[125.2720749,11.3671005],[125.272365,11.3671831],[125.2725709,11.3673482],[125.272944,11.3675657],[125.2731748,11.3676116],[125.2733246,11.367633]]}},{"type":"Feature","properties":{"u":"10312625861","v":"3181029555","key":"0","osmid":1209655322,"name":"Maydolong - Basey Road","ref":null,"highway":"secondary","length":211.82384265542638,"oneway":false},"geometry":{"type":"LineString","coordinates":[[125.2575245,11.3658881],[125.2573167,11.3660497],[125.2568938,11.3662605],[125.2560292,11.3666364],[125.255943,11.3666575],[125.2558589,11.3666679],[125.2557749,11.3666667]]}},{"type":"Feature","properties":{"u":"10312625861","v":"10312625894","key":"0","osmid":[1209655324,1127966941],"name":null,"ref":null,"highway":["track","footway"],"length":1292.7026101460465,"oneway":false},"geometry":{"type":"LineString","coordinates":[[125.2575245,11.3658881],[125.257546,11.3656],[125.2574744,11.3652627],[125.257503,11.3647568],[125.2573669,11.3645531],[125.2571877,11.3641455],[125.2569225,11.3634218],[125.2569297,11.3631618],[125.256987,11.3629651],[125.2570157,11.3628527],[125.2570659,11.3626419],[125.2572164,11.362143],[125.2572737,11.3617785],[125.2573525,11.3615537],[125.2575102,11.3612023],[125.2576822,11.3608791],[125.2580334,11.3604083],[125.2583774,11.3601624],[125.2585996,11.360057],[125.2595743,11.3596745],[125.2597606,11.3595199],[125.2598108,11.3592178],[125.2599469,11.3586769],[125.2599541,11.358438],[125.2599469,11.358171],[125.2601404,11.3579532],[125.2603124,11.3577705],[125.2603483,11.3575737],[125.2602408,11.357307],[125.2601046,11.3571665],[125.2599971,11.3568292],[125.2600401,11.3565271],[125.2601261,11.3561476],[125.2601404,11.3559369]]}},{"type":"Feature","properties":{"u":"10312625894","v":"10312625861","key":"0","osmid":[1209655324,1127966941],"name":null,"ref":null,"highway":["footway","track"],"length":1292.7026101460463,"oneway":false},"geometry":{"type":"LineString","coordinates":[[125.2601404,11.3559369],[125.2601261,11.3561476],[125.2600401,11.3565271],[125.2599971,11.3568292],[125.2601046,11.3571665],[125.2602408,11.357307],[125.2603483,11.3575737],[125.2603124,11.3577705],[125.2601404,11.3579532],[125.2599469,11.358171],[125.2599541,11.358438],[125.2599469,11.3586769],[125.2598108,11.3592178],[125.2597606,11.3595199],[125.2595743,11.3596745],[125.2585996,11.360057],[125.2583774,11.3601624],[125.2580334,11.3604083],[125.2576822,11.3608791],[125.2575102,11.3612023],[125.2573525,11.3615537],[125.2572737,11.3617785],[125.2572164,11.362143],[125.2570659,11.3626419],[125.2570157,11.3628527],[125.256987,11.3629651],[125.2569297,11.3631618],[125.2569225,11.3634218],[125.2571877,11.3641455],[125.2573669,11.3645531],[125.257503,11.3647568],[125.2574744,11.3652627],[125.257546,11.3656],[125.2575245,11.3658881]]}},{"type":"Feature","properties":{"u":"10312638076","v":"10312653034","key":"0","osmid":1127966943,"name":null,"ref":null,"highway":"footway","length":2783.187411163318,"oneway":false},"geometry":{"type":"LineString","coordinates":[[125.2733246,11.367633],[125.2733339,11.3678122],[125.273309,11.3681272],[125.2733714,11.3682893],[125.2733339,11.368589],[125.2733121,11.3687939],[125.2733215,11.3690263],[125.273362,11.3693658],[125.2733901,11.3695371],[125.2734369,11.3697022],[125.2738923,11.3699406],[125.2742168,11.3700355],[125.2744507,11.3701303],[125.2748843,11.3703971],[125.2752493,11.3708282],[125.2754614,11.3710178],[125.2757012,11.3712799],[125.2757916,11.371494],[125.275801,11.3716316],[125.275748,11.3717937],[125.2757417,11.3720169],[125.275776,11.3721056],[125.2758915,11.3722341],[125.2760849,11.3723778],[125.2762341,11.372595],[125.2762373,11.3727387],[125.2762716,11.3729436],[125.2762996,11.3730751],[125.2763277,11.3733106],[125.2763464,11.3735094],[125.2763215,11.3737173],[125.2762903,11.373858],[125.2762996,11.3740048],[125.2763839,11.3742036],[125.2764556,11.3743657],[125.2764494,11.3745121],[125.2763901,11.374714],[125.2763714,11.3748302],[125.2764619,11.3749586],[125.276596,11.3750075],[125.2767551,11.3751543],[125.2768518,11.375429],[125.2769953,11.3757226],[125.2771606,11.3758786],[125.2774005,11.376037],[125.2774598,11.3762419],[125.2774068,11.3765905],[125.2773132,11.3767648],[125.2772633,11.3769606],[125.2773444,11.3771655],[125.2774723,11.3773367],[125.2775191,11.3775325],[125.2775503,11.3776884],[125.2775534,11.3778169],[125.27731,11.3781992],[125.2772352,11.3785998],[125.277282,11.3788964],[125.2773132,11.379083],[125.2772664,11.3794011],[125.277005,11.379438],[125.2765069,11.3796236],[125.2763997,11.3798479],[125.2764044,11.3800843],[125.2764139,11.3803439],[125.276499,11.3806173],[125.2766219,11.3807981],[125.2768536,11.3810531],[125.2769954,11.3813266],[125.2771042,11.3815213],[125.2771515,11.3818782],[125.2772082,11.3821099],[125.2772413,11.3823324],[125.2772602,11.3827357],[125.2772839,11.3829304],[125.2773595,11.383088],[125.277525,11.3831344],[125.2777614,11.383139],[125.2779884,11.3831622],[125.2782485,11.3831993],[125.2784234,11.3831993],[125.2786173,11.3834079],[125.2787213,11.3835701],[125.278663,11.3840302],[125.2785767,11.3847439],[125.2784939,11.3850974],[125.2784473,11.3859748],[125.2785346,11.3865925],[125.2786657,11.3871369],[125.2790774,11.3874672],[125.2791211,11.3878036],[125.278753,11.3882195],[125.2786863,11.3883014]]}},{"type":"Feature","properties":{"u":"10312638076","v":"10312625861","key":"0","osmid":[1127966942,1127966943],"name":null,"ref":null,"highway":["footway","track"],"length":1996.4320031629297,"oneway":false},"geometry":{"type":"LineString","coordinates":[[125.2733246,11.367633],[125.2731748,11.3676116],[125.272944,11.3675657],[125.2725709,11.3673482],[125.272365,11.3671831],[125.2720749,11.3671005],[125.2717532,11.3670179],[125.2716627,11.3669354],[125.2715754,11.3667947],[125.271488,11.3666846],[125.271382,11.3665531],[125.2712696,11.3664216],[125.2711698,11.3664399],[125.2709355,11.366498],[125.2707171,11.3664736],[125.2701868,11.3662646],[125.2699996,11.366078],[125.2698374,11.3659128],[125.2696346,11.3657569],[125.2693792,11.3655091],[125.2693136,11.3653807],[125.2691889,11.3651635],[125.2690391,11.3650381],[125.2688956,11.3649036],[125.2686461,11.3647476],[125.2684308,11.364662],[125.2682343,11.3645947],[125.2680377,11.364509],[125.2678034,11.3643347],[125.2677348,11.3642124],[125.2676225,11.3641359],[125.267454,11.3640166],[125.2673137,11.3639279],[125.2671889,11.3638729],[125.2669923,11.3638851],[125.2667833,11.3639402],[125.2665026,11.3639922],[125.2662967,11.3640747],[125.266044,11.3641726],[125.2657944,11.3642552],[125.2655324,11.3643056],[125.2653265,11.3643148],[125.2651549,11.3643056],[125.2649178,11.3642108],[125.2646932,11.3642352],[125.2644405,11.3642811],[125.2641279,11.3642597],[125.2639158,11.3641435],[125.2635258,11.364079],[125.2633886,11.3640117],[125.2632201,11.3639811],[125.2630953,11.363923],[125.2630267,11.3639169],[125.2627085,11.3639199],[125.26254,11.3639474],[125.2623622,11.3640086],[125.2621283,11.3639811],[125.2619349,11.3639291],[125.2617477,11.3639138],[125.2615979,11.3639597],[125.261339,11.3640575],[125.2611331,11.3642666],[125.2609272,11.3644899],[125.2607338,11.3647346],[125.2605654,11.3650757],[125.2605154,11.3651093],[125.2603938,11.3651308],[125.2602316,11.3651002],[125.2601473,11.365146],[125.2600101,11.3652256],[125.2599414,11.3653571],[125.2598635,11.3654825],[125.2597824,11.3655834],[125.2595921,11.365666],[125.2593706,11.3657638],[125.2592302,11.3657883],[125.2590804,11.3657791],[125.2588933,11.3657822],[125.2586219,11.3657669],[125.2583879,11.365825],[125.2579855,11.3658556],[125.2576642,11.365825],[125.2575245,11.3658881]]}},{"type":"Feature","properties":{"u":"10312638076","v":"10312602005","key":"0","osmid":1127968747,"name":null,"ref":null,"highway":"footway","length":1448.31524302727,"oneway":false},"geometry":{"type":"LineString","coordinates":[[125.2733246,11.367633],[125.2734075,11.3675705],[125.2735822,11.3673014],[125.2740876,11.3668855],[125.2744557,11.3666958],[125.2747302,11.3667509],[125.2749611,11.3668549],[125.2753354,11.366653],[125.275585,11.3664451],[125.2760529,11.3665735],[125.2763961,11.3666469],[125.276708,11.3667998],[125.2769202,11.3668427],[125.2770512,11.3671732],[125.2771947,11.3674607],[125.2774255,11.368103],[125.2775378,11.3683844],[125.2776252,11.3685617],[125.27843,11.3685373],[125.2790856,11.3684639],[125.2795593,11.3684516],[125.2798276,11.3686229],[125.2801146,11.368629],[125.2802643,11.3686413],[125.2806075,11.3688003],[125.2807884,11.3691734],[125.2809756,11.3694548],[125.2813749,11.3694181],[125.2816369,11.3693691],[125.2818678,11.369363],[125.2819614,11.369571],[125.2821486,11.3696994],[125.2825728,11.3699564],[125.2829659,11.3700787],[125.2832154,11.370097],[125.2836023,11.370097],[125.2838331,11.3700114],[125.2840016,11.3699013]]}},{"type":"Feature","properties":{"u":"10312653033","v":"10312653034","key":"0","osmid":1127968750,"name":null,"ref":null,"highway":"footway","length":1164.1390939898117,"oneway":false},"geometry":{"type":"LineString","coordinates":[[125.2756416,11.3954375],[125.275707,11.3955016],[125.2759032,11.3957122],[125.2758892,11.3959868],[125.2758892,11.3961104],[125.2759592,11.3961791],[125.2761974,11.3961471],[125.2766037,11.3959548],[125.2769679,11.3955107],[125.2774723,11.3953047],[125.2778739,11.3950896],[125.2782919,11.3945592],[125.2785908,11.3937791],[125.2785471,11.3931492],[125.2785845,11.3927944],[125.2786095,11.391981],[125.278728,11.3911614],[125.2786719,11.3908801],[125.2785284,11.3901828],[125.2784036,11.3893999],[125.278154,11.3889901],[125.2781915,11.3885926],[125.2786863,11.3883014]]}},{"type":"Feature","properties":{"u":"10312653034","v":"10312638076","key":"0","osmid":1127966943,"name":null,"ref":null,"highway":"footway","length":2783.1874111633188,"oneway":false},"geometry":{"type":"LineString","coordinates":[[125.2786863,11.3883014],[125.278753,11.3882195],[125.2791211,11.3878036],[125.2790774,11.3874672],[125.2786657,11.3871369],[125.2785346,11.3865925],[125.2784473,11.3859748],[125.2784939,11.3850974],[125.2785767,11.3847439],[125.278663,11.3840302],[125.2787213,11.3835701],[125.2786173,11.3834079],[125.2784234,11.3831993],[125.2782485,11.3831993],[125.2779884,11.3831622],[125.2777614,11.383139],[125.277525,11.3831344],[125.2773595,11.383088],[125.2772839,11.3829304],[125.2772602,11.3827357],[125.2772413,11.3823324],[125.2772082,11.3821099],[125.2771515,11.3818782],[125.2771042,11.3815213],[125.2769954,11.3813266],[125.2768536,11.3810531],[125.2766219,11.3807981],[125.276499,11.3806173],[125.2764139,11.3803439],[125.2764044,11.3800843],[125.2763997,11.3798479],[125.2765069,11.3796236],[125.277005,11.379438],[125.2772664,11.3794011],[125.2773132,11.379083],[125.277282,11.3788964],[125.2772352,11.3785998],[125.27731,11.3781992],[125.2775534,11.3778169],[125.2775503,11.3776884],[125.2775191,11.3775325],[125.2774723,11.3773367],[125.2773444,11.3771655],[125.2772633,11.3769606],[125.2773132,11.3767648],[125.2774068,11.3765905],[125.2774598,11.3762419],[125.2774005,11.376037],[125.2771606,11.3758786],[125.2769953,11.3757226],[125.2768518,11.375429],[125.2767551,11.3751543],[125.276596,11.3750075],[125.2764619,11.3749586],[125.2763714,11.3748302],[125.2763901,11.374714],[125.2764494,11.3745121],[125.2764556,11.3743657],[125.2763839,11.3742036],[125.2762996,11.3740048],[125.2762903,11.373858],[125.2763215,11.3737173],[125.2763464,11.3735094],[125.2763277,11.3733106],[125.2762996,11.3730751],[125.2762716,11.3729436],[125.2762373,11.3727387],[125.2762341,11.372595],[125.2760849,11.3723778],[125.2758915,11.3722341],[125.275776,11.3721056],[125.2757417,11.3720169],[125.275748,11.3717937],[125.275801,11.3716316],[125.2757916,11.371494],[125.2757012,11.3712799],[125.2754614,11.3710178],[125.2752493,11.3708282],[125.2748843,11.3703971],[125.2744507,11.3701303],[125.2742168,11.3700355],[125.2738923,11.3699406],[125.2734369,11.3697022],[125.2733901,11.3695371],[125.273362,11.3693658],[125.2733215,11.3690263],[125.2733121,11.3687939],[125.2733339,11.368589],[125.2733714,11.3682893],[125.273309,11.3681272],[125.2733339,11.3678122],[125.2733246,11.367633]]}},{"type":"Feature","properties":{"u":"10312653034","v":"10312653033","key":"0","osmid":1127968750,"name":null,"ref":null,"highway":"footway","length":1164.1390939898113,"oneway":false},"geometry":{"type":"LineString","coordinates":[[125.2786863,11.3883014],[125.2781915,11.3885926],[125.278154,11.3889901],[125.2784036,11.3893999],[125.2785284,11.3901828],[125.2786719,11.3908801],[125.278728,11.3911614],[125.2786095,11.391981],[125.2785845,11.3927944],[125.2785471,11.3931492],[125.2785908,11.3937791],[125.2782919,11.3945592],[125.2778739,11.3950896],[125.2774723,11.3953047],[125.2769679,11.3955107],[125.2766037,11.3959548],[125.2761974,11.3961471],[125.2759592,11.3961791],[125.2758892,11.3961104],[125.2758892,11.3959868],[125.2759032,11.3957122],[125.275707,11.3955016],[125.2756416,11.3954375]]}},{"type":"Feature","properties":{"u":"10783953361","v":"10783953370","key":"0","osmid":1159608691,"name":null,"ref":null,"highway":"residential","length":9.909194292360763,"oneway":false},"geometry":{"type":"LineString","coordinates":[[125.071277,11.2965835],[125.0712325,11.2965058]]}},{"type":"Feature","properties":{"u":"10783953362","v":"6911608298","key":"0","osmid":738148857,"name":null,"ref":null,"highway":"residential","length":27.618325689250195,"oneway":false},"geometry":{"type":"LineString","coordinates":[[125.0718179,11.2957218],[125.0719424,11.2959381]]}},{"type":"Feature","properties":{"u":"10783953362","v":"6911608299","key":"0","osmid":738148857,"name":null,"ref":null,"highway":"residential","length":75.55565852896267,"oneway":false},"geometry":{"type":"LineString","coordinates":[[125.0718179,11.2957218],[125.071487,11.2951248]]}},{"type":"Feature","properties":{"u":"10783953362","v":"10783953363","key":"0","osmid":1159608692,"name":null,"ref":null,"highway":"residential","length":98.33933365175484,"oneway":false},"geometry":{"type":"LineString","coordinates":[[125.0718179,11.2957218],[125.0710399,11.2961691]]}},{"type":"Feature","properties":{"u":"10783953363","v":"10783953370","key":"0","osmid":1159608691,"name":null,"ref":null,"highway":"residential","length":42.92739627312766,"oneway":false},"geometry":{"type":"LineString","coordinates":[[125.0710399,11.2961691],[125.0712325,11.2965058]]}},{"type":"Feature","properties":{"u":"10783953363","v":"10783953367","key":"0","osmid":1159608691,"name":null,"ref":null,"highway":"residential","length":29.464282508152483,"oneway":false},"geometry":{"type":"LineString","coordinates":[[125.0710399,11.2961691],[125.0709077,11.295938]]}},{"type":"Feature","properties":{"u":"10783953363","v":"10783953362","key":"0","osmid":1159608692,"name":null,"ref":null,"highway":"residential","length":98.33933365175484,"oneway":false},"geometry":{"type":"LineString","coordinates":[[125.0710399,11.2961691],[125.0718179,11.2957218]]}},{"type":"Feature","properties":{"u":"10783953364","v":"10783953367","key":"0","osmid":1159608691,"name":null,"ref":null,"highway":"residential","length":46.199613933448866,"oneway":false},"geometry":{"type":"LineString","coordinates":[[125.0707003,11.2955757],[125.0709077,11.295938]]}},{"type":"Feature","properties":{"u":"10783953364","v":"10783953367","key":"1","osmid":1159608693,"name":null,"ref":null,"highway":"residential","length":148.38387676816518,"oneway":false},"geometry":{"type":"LineString","coordinates":[[125.0707003,11.2955757],[125.0704224,11.2957432],[125.0704154,11.2962057],[125.0709077,11.295938]]}},{"type":"Feature","properties":{"u":"10783953364","v":"6911608299","key":"0","osmid":[1159608691,738148851],"name":null,"ref":null,"highway":"residential","length":140.97373047197416,"oneway":false},"geometry":{"type":"LineString","coordinates":[[125.0707003,11.2955757],[125.0705695,11.295347],[125.0705731,11.2952458],[125.071487,11.2951248]]}},{"type":"Feature","properties":{"u":"10783953367","v":"10783953363","key":"0","osmid":1159608691,"name":null,"ref":null,"highway":"residential","length":29.464282508152483,"oneway":false},"geometry":{"type":"LineString","coordinates":[[125.0709077,11.295938],[125.0710399,11.2961691]]}},{"type":"Feature","properties":{"u":"10783953367","v":"10783953364","key":"0","osmid":1159608691,"name":null,"ref":null,"highway":"residential","length":46.199613933448866,"oneway":false},"geometry":{"type":"LineString","coordinates":[[125.0709077,11.295938],[125.0707003,11.2955757]]}},{"type":"Feature","properties":{"u":"10783953367","v":"10783953364","key":"1","osmid":1159608693,"name":null,"ref":null,"highway":"residential","length":148.38387676816518,"oneway":false},"geometry":{"type":"LineString","coordinates":[[125.0709077,11.295938],[125.0704154,11.2962057],[125.0704224,11.2957432],[125.0707003,11.2955757]]}},{"type":"Feature","properties":{"u":"10783953368","v":"6911608294","key":"0","osmid":738148856,"name":null,"ref":null,"highway":"residential","length":62.503758630773824,"oneway":false},"geometry":{"type":"LineString","coordinates":[[125.0721004,11.2961303],[125.0725329,11.2957614]]}},{"type":"Feature","properties":{"u":"10783953368","v":"10783953369","key":"0","osmid":1159608696,"name":null,"ref":null,"highway":"residential","length":12.543897784216739,"oneway":false},"geometry":{"type":"LineString","coordinates":[[125.0721004,11.2961303],[125.0720834,11.2961075],[125.0720607,11.2960902],[125.0720341,11.2960796],[125.0720055,11.2960765]]}},{"type":"Feature","properties":{"u":"10783953368","v":"6911608287","key":"0","osmid":1159608696,"name":null,"ref":null,"highway":"residential","length":19.42607697805022,"oneway":false},"geometry":{"type":"LineString","coordinates":[[125.0721004,11.2961303],[125.0721118,11.2961634],[125.0721112,11.2961983],[125.0720987,11.2962311],[125.0720758,11.2962578],[125.072045,11.2962754]]}},{"type":"Feature","properties":{"u":"10783953369","v":"6911608298","key":"0","osmid":1159608694,"name":null,"ref":null,"highway":"residential","length":16.85748389687585,"oneway":false},"geometry":{"type":"LineString","coordinates":[[125.0720055,11.2960765],[125.0719424,11.2959381]]}},{"type":"Feature","properties":{"u":"10783953369","v":"10783953371","key":"0","osmid":1159608696,"name":null,"ref":null,"highway":"residential","length":23.28267879746072,"oneway":false},"geometry":{"type":"LineString","coordinates":[[125.0720055,11.2960765],[125.0719706,11.2960833],[125.0719401,11.2961012],[125.0719174,11.2961281],[125.0719052,11.2961609],[125.0719049,11.2961958],[125.0719165,11.2962288]]}},{"type":"Feature","properties":{"u":"10783953369","v":"10783953368","key":"0","osmid":1159608696,"name":null,"ref":null,"highway":"residential","length":12.54389778421674,"oneway":false},"geometry":{"type":"LineString","coordinates":[[125.0720055,11.2960765],[125.0720341,11.2960796],[125.0720607,11.2960902],[125.0720834,11.2961075],[125.0721004,11.2961303]]}},{"type":"Feature","properties":{"u":"10783953370","v":"10783953361","key":"0","osmid":1159608691,"name":null,"ref":null,"highway":"residential","length":9.909194292360763,"oneway":false},"geometry":{"type":"LineString","coordinates":[[125.0712325,11.2965058],[125.071277,11.2965835]]}},{"type":"Feature","properties":{"u":"10783953370","v":"10783953363","key":"0","osmid":1159608691,"name":null,"ref":null,"highway":"residential","length":42.92739627312766,"oneway":false},"geometry":{"type":"LineString","coordinates":[[125.0712325,11.2965058],[125.0710399,11.2961691]]}},{"type":"Feature","properties":{"u":"10783953370","v":"10783953371","key":"0","osmid":1159608695,"name":null,"ref":null,"highway":"residential","length":80.6937074248467,"oneway":false},"geometry":{"type":"LineString","coordinates":[[125.0712325,11.2965058],[125.0719165,11.2962288]]}},{"type":"Feature","properties":{"u":"10783953371","v":"10783953370","key":"0","osmid":1159608695,"name":null,"ref":null,"highway":"residential","length":80.6937074248467,"oneway":false},"geometry":{"type":"LineString","coordinates":[[125.0719165,11.2962288],[125.0712325,11.2965058]]}},{"type":"Feature","properties":{"u":"10783953371","v":"6911608287","key":"0","osmid":1159608696,"name":null,"ref":null,"highway":"residential","length":16.22672911338267,"oneway":false},"geometry":{"type":"LineString","coordinates":[[125.0719165,11.2962288],[125.0719345,11.2962521],[125.0719583,11.2962695],[125.0719862,11.2962796],[125.0720159,11.2962817],[125.072045,11.2962754]]}},{"type":"Feature","properties":{"u":"10783953371","v":"10783953369","key":"0","osmid":1159608696,"name":null,"ref":null,"highway":"residential","length":23.282678797460722,"oneway":false},"geometry":{"type":"LineString","coordinates":[[125.0719165,11.2962288],[125.0719049,11.2961958],[125.0719052,11.2961609],[125.0719174,11.2961281],[125.0719401,11.2961012],[125.0719706,11.2960833],[125.0720055,11.2960765]]}},{"type":"Feature","properties":{"u":"10784071965","v":"13955982887","key":"0","osmid":902515104,"name":null,"ref":null,"highway":"residential","length":5.830901172899392,"oneway":false},"geometry":{"type":"LineString","coordinates":[[125.0299378,11.2804281],[125.0299563,11.2804773]]}},{"type":"Feature","properties":{"u":"10784071965","v":"8382562401","key":"0","osmid":1159620368,"name":null,"ref":null,"highway":"residential","length":28.896319459212584,"oneway":false},"geometry":{"type":"LineString","coordinates":[[125.0299378,11.2804281],[125.030182,11.2803272]]}},{"type":"Feature","properties":{"u":"10784071965","v":"8382614569","key":"0","osmid":902515104,"name":null,"ref":null,"highway":"residential","length":45.399186263465324,"oneway":false},"geometry":{"type":"LineString","coordinates":[[125.0299378,11.2804281],[125.0299164,11.280272],[125.029895,11.2800221]]}},{"type":"Feature","properties":{"u":"10784087193","v":"8382614578","key":"0","osmid":1159623197,"name":null,"ref":null,"highway":"path","length":62.13169427914395,"oneway":false},"geometry":{"type":"LineString","coordinates":[[125.0286472,11.2802581],[125.0286063,11.2802661],[125.0285013,11.2802764],[125.0284184,11.2802947],[125.0283437,11.2803245],[125.0282911,11.2803497],[125.0282421,11.280376],[125.0281954,11.2804149],[125.0281755,11.2804562],[125.028185,11.2804889]]}},{"type":"Feature","properties":{"u":"10784480996","v":"10784481002","key":"0","osmid":1159672041,"name":null,"ref":null,"highway":"service","length":57.54036489405726,"oneway":false},"geometry":{"type":"LineString","coordinates":[[125.0149829,11.282549],[125.0152287,11.2820911]]}},{"type":"Feature","properties":{"u":"10784480996","v":"8449239470","key":"0","osmid":245682713,"name":null,"ref":null,"highway":"tertiary","length":156.5784558415663,"oneway":false},"geometry":{"type":"LineString","coordinates":[[125.0149829,11.282549],[125.0146388,11.2823562],[125.0143406,11.2821148],[125.0139888,11.2818541],[125.0138199,11.2817285]]}},{"type":"Feature","properties":{"u":"10784480996","v":"1684194260","key":"0","osmid":245682713,"name":null,"ref":null,"highway":"tertiary","length":145.125247440139,"oneway":false},"geometry":{"type":"LineString","coordinates":[[125.0149829,11.282549],[125.0152034,11.2826571],[125.0161713,11.2831365]]}},{"type":"Feature","properties":{"u":"10784480997","v":"10784481002","key":"0","osmid":1159672041,"name":null,"ref":null,"highway":"service","length":74.91229853182874,"oneway":false},"geometry":{"type":"LineString","coordinates":[[125.0155486,11.2814949],[125.0152287,11.2820911]]}},{"type":"Feature","properties":{"u":"10784480997","v":"10784508517","key":"0","osmid":[1159672041,1159672043,1159672045],"name":null,"ref":null,"highway":"service","length":192.77873922616646,"oneway":false},"geometry":{"type":"LineString","coordinates":[[125.0155486,11.2814949],[125.015444,11.281437],[125.015393,11.2814002],[125.0153635,11.2812581],[125.015342,11.2809425],[125.016191,11.2808697],[125.0162151,11.280896],[125.0162338,11.2811166]]}},{"type":"Feature","properties":{"u":"10784480997","v":"10784508516","key":"0","osmid":1159672044,"name":null,"ref":null,"highway":"service","length":82.19720131874614,"oneway":false},"geometry":{"type":"LineString","coordinates":[[125.0155486,11.2814949],[125.0155928,11.28143],[125.0156706,11.2813853],[125.0162524,11.2813353]]}},{"type":"Feature","properties":{"u":"10784481002","v":"8826393720","key":"0","osmid":910432826,"name":null,"ref":null,"highway":"service","length":63.56724309133586,"oneway":false},"geometry":{"type":"LineString","coordinates":[[125.0152287,11.2820911],[125.0147199,11.2818121]]}},{"type":"Feature","properties":{"u":"10784481002","v":"10784480997","key":"0","osmid":1159672041,"name":null,"ref":null,"highway":"service","length":74.91229853182874,"oneway":false},"geometry":{"type":"LineString","coordinates":[[125.0152287,11.2820911],[125.0155486,11.2814949]]}},{"type":"Feature","properties":{"u":"10784481002","v":"10784480996","key":"0","osmid":1159672041,"name":null,"ref":null,"highway":"service","length":57.54036489405726,"oneway":false},"geometry":{"type":"LineString","coordinates":[[125.0152287,11.2820911],[125.0149829,11.282549]]}},{"type":"Feature","properties":{"u":"10784481002","v":"10784481003","key":"0","osmid":910432826,"name":null,"ref":null,"highway":"service","length":75.68555437933698,"oneway":false},"geometry":{"type":"LineString","coordinates":[[125.0152287,11.2820911],[125.0154014,11.2821858],[125.0158378,11.2824174]]}},{"type":"Feature","properties":{"u":"10784481003","v":"10784481002","key":"0","osmid":910432826,"name":null,"ref":null,"highway":"service","length":75.68555437933698,"oneway":false},"geometry":{"type":"LineString","coordinates":[[125.0158378,11.2824174],[125.0154014,11.2821858],[125.0152287,11.2820911]]}},{"type":"Feature","properties":{"u":"10784481003","v":"8453179983","key":"0","osmid":910432826,"name":null,"ref":null,"highway":"service","length":84.58802747403942,"oneway":false},"geometry":{"type":"LineString","coordinates":[[125.0158378,11.2824174],[125.0159057,11.2824534],[125.0165135,11.282791]]}},{"type":"Feature","properties":{"u":"10784481003","v":"10784508507","key":"0","osmid":1159672042,"name":null,"ref":null,"highway":"service","length":114.08210148212149,"oneway":false},"geometry":{"type":"LineString","coordinates":[[125.0158378,11.2824174],[125.0160488,11.2820113],[125.0161078,11.2819745],[125.0162151,11.2819482],[125.0166147,11.2819166]]}},{"type":"Feature","properties":{"u":"10784508507","v":"10784508514","key":"0","osmid":1159672044,"name":null,"ref":null,"highway":"service","length":62.528662017320876,"oneway":false},"geometry":{"type":"LineString","coordinates":[[125.0166147,11.2819166],[125.016722,11.282469]]}},{"type":"Feature","properties":{"u":"10784508507","v":"10784508520","key":"0","osmid":1159672044,"name":null,"ref":null,"highway":"service","length":51.20773036441024,"oneway":false},"geometry":{"type":"LineString","coordinates":[[125.0166147,11.2819166],[125.0165422,11.2814616]]}},{"type":"Feature","properties":{"u":"10784508507","v":"10784481003","key":"0","osmid":1159672042,"name":null,"ref":null,"highway":"service","length":114.08210148212147,"oneway":false},"geometry":{"type":"LineString","coordinates":[[125.0166147,11.2819166],[125.0162151,11.2819482],[125.0161078,11.2819745],[125.0160488,11.2820113],[125.0158378,11.2824174]]}},{"type":"Feature","properties":{"u":"10784508514","v":"10784508507","key":"0","osmid":1159672044,"name":null,"ref":null,"highway":"service","length":62.528662017320876,"oneway":false},"geometry":{"type":"LineString","coordinates":[[125.016722,11.282469],[125.0166147,11.2819166]]}},{"type":"Feature","properties":{"u":"10784508514","v":"10784508522","key":"0","osmid":1159672047,"name":null,"ref":null,"highway":"service","length":78.18834569307815,"oneway":false},"geometry":{"type":"LineString","coordinates":[[125.016722,11.282469],[125.017438,11.2824315]]}},{"type":"Feature","properties":{"u":"10784508514","v":"8453179983","key":"0","osmid":1159672047,"name":null,"ref":null,"highway":"service","length":42.41362963435764,"oneway":false},"geometry":{"type":"LineString","coordinates":[[125.016722,11.282469],[125.0165135,11.282791]]}},{"type":"Feature","properties":{"u":"10784508516","v":"10784508517","key":"0","osmid":1159672045,"name":null,"ref":null,"highway":"service","length":24.402801843480795,"oneway":false},"geometry":{"type":"LineString","coordinates":[[125.0162524,11.2813353],[125.0162338,11.2811166]]}},{"type":"Feature","properties":{"u":"10784508516","v":"10784508520","key":"0","osmid":1159672044,"name":null,"ref":null,"highway":"service","length":41.20218910342815,"oneway":false},"geometry":{"type":"LineString","coordinates":[[125.0162524,11.2813353],[125.0164055,11.2813222],[125.0164994,11.2813458],[125.0165343,11.2814116],[125.0165422,11.2814616]]}},{"type":"Feature","properties":{"u":"10784508516","v":"10784480997","key":"0","osmid":1159672044,"name":null,"ref":null,"highway":"service","length":82.19720131874614,"oneway":false},"geometry":{"type":"LineString","coordinates":[[125.0162524,11.2813353],[125.0156706,11.2813853],[125.0155928,11.28143],[125.0155486,11.2814949]]}},{"type":"Feature","properties":{"u":"10784508517","v":"10784508516","key":"0","osmid":1159672045,"name":null,"ref":null,"highway":"service","length":24.402801843480795,"oneway":false},"geometry":{"type":"LineString","coordinates":[[125.0162338,11.2811166],[125.0162524,11.2813353]]}},{"type":"Feature","properties":{"u":"10784508517","v":"10784480997","key":"0","osmid":[1159672041,1159672043,1159672045],"name":null,"ref":null,"highway":"service","length":192.77873922616646,"oneway":false},"geometry":{"type":"LineString","coordinates":[[125.0162338,11.2811166],[125.0162151,11.280896],[125.016191,11.2808697],[125.015342,11.2809425],[125.0153635,11.2812581],[125.015393,11.2814002],[125.015444,11.281437],[125.0155486,11.2814949]]}},{"type":"Feature","properties":{"u":"10784508517","v":"10784508520","key":"0","osmid":1159672046,"name":null,"ref":null,"highway":"service","length":133.40008892186557,"oneway":false},"geometry":{"type":"LineString","coordinates":[[125.0162338,11.2811166],[125.0166228,11.2809802],[125.016883,11.2813353],[125.0165422,11.2814616]]}},{"type":"Feature","properties":{"u":"10784508520","v":"10784508507","key":"0","osmid":1159672044,"name":null,"ref":null,"highway":"service","length":51.20773036441024,"oneway":false},"geometry":{"type":"LineString","coordinates":[[125.0165422,11.2814616],[125.0166147,11.2819166]]}},{"type":"Feature","properties":{"u":"10784508520","v":"10784508516","key":"0","osmid":1159672044,"name":null,"ref":null,"highway":"service","length":41.202189103428154,"oneway":false},"geometry":{"type":"LineString","coordinates":[[125.0165422,11.2814616],[125.0165343,11.2814116],[125.0164994,11.2813458],[125.0164055,11.2813222],[125.0162524,11.2813353]]}},{"type":"Feature","properties":{"u":"10784508520","v":"10784508517","key":"0","osmid":1159672046,"name":null,"ref":null,"highway":"service","length":133.40008892186557,"oneway":false},"geometry":{"type":"LineString","coordinates":[[125.0165422,11.2814616],[125.016883,11.2813353],[125.0166228,11.2809802],[125.0162338,11.2811166]]}},{"type":"Feature","properties":{"u":"10784508521","v":"10784508522","key":"0","osmid":1159672047,"name":null,"ref":null,"highway":"service","length":20.518738943735315,"oneway":false},"geometry":{"type":"LineString","coordinates":[[125.0176259,11.2824217],[125.017438,11.2824315]]}},{"type":"Feature","properties":{"u":"10784508522","v":"10784508521","key":"0","osmid":1159672047,"name":null,"ref":null,"highway":"service","length":20.518738943735315,"oneway":false},"geometry":{"type":"LineString","coordinates":[[125.017438,11.2824315],[125.0176259,11.2824217]]}},{"type":"Feature","properties":{"u":"10784508522","v":"10784508514","key":"0","osmid":1159672047,"name":null,"ref":null,"highway":"service","length":78.18834569307815,"oneway":false},"geometry":{"type":"LineString","coordinates":[[125.017438,11.2824315],[125.016722,11.282469]]}},{"type":"Feature","properties":{"u":"10784508522","v":"8453179983","key":"0","osmid":[1159672048,1159672049],"name":null,"ref":null,"highway":"service","length":178.51582998632858,"oneway":false},"geometry":{"type":"LineString","coordinates":[[125.017438,11.2824315],[125.0174596,11.28269],[125.0172558,11.2831739],[125.0165135,11.282791]]}},{"type":"Feature","properties":{"u":"10998020699","v":"8382610942","key":"0","osmid":1184269668,"name":null,"ref":null,"highway":"residential","length":8.662279498384015,"oneway":false},"geometry":{"type":"LineString","coordinates":[[125.0204082,11.2839999],[125.0204803,11.2839672]]}},{"type":"Feature","properties":{"u":"10998020700","v":"8382610940","key":"0","osmid":1184269668,"name":null,"ref":null,"highway":"residential","length":10.056073937272688,"oneway":false},"geometry":{"type":"LineString","coordinates":[[125.0216822,11.2834804],[125.0215963,11.2835133]]}},{"type":"Feature","properties":{"u":"10998020701","v":"8382614642","key":"0","osmid":902515128,"name":null,"ref":null,"highway":"residential","length":49.46623956971215,"oneway":false},"geometry":{"type":"LineString","coordinates":[[125.021609,11.2824325],[125.0215843,11.2828767]]}},{"type":"Feature","properties":{"u":"10998020701","v":"10998020702","key":"0","osmid":1184269671,"name":null,"ref":null,"highway":"residential","length":94.110819068832,"oneway":false},"geometry":{"type":"LineString","coordinates":[[125.021609,11.2824325],[125.0207486,11.2823664]]}},{"type":"Feature","properties":{"u":"10998020701","v":"8382614634","key":"0","osmid":902515128,"name":null,"ref":null,"highway":"residential","length":93.97573604836612,"oneway":false},"geometry":{"type":"LineString","coordinates":[[125.021609,11.2824325],[125.0216246,11.2821518],[125.0215387,11.2815941]]}},{"type":"Feature","properties":{"u":"10998020702","v":"8382610936","key":"0","osmid":902515129,"name":null,"ref":null,"highway":"residential","length":51.09155744596196,"oneway":false},"geometry":{"type":"LineString","coordinates":[[125.0207486,11.2823664],[125.0206936,11.2828227]]}},{"type":"Feature","properties":{"u":"10998020702","v":"10998020701","key":"0","osmid":1184269671,"name":null,"ref":null,"highway":"residential","length":94.110819068832,"oneway":false},"geometry":{"type":"LineString","coordinates":[[125.0207486,11.2823664],[125.021609,11.2824325]]}},{"type":"Feature","properties":{"u":"10998020702","v":"8382614644","key":"0","osmid":902515129,"name":null,"ref":null,"highway":"residential","length":22.161999373788888,"oneway":false},"geometry":{"type":"LineString","coordinates":[[125.0207486,11.2823664],[125.0207554,11.2823097],[125.0207634,11.2821677]]}},{"type":"Feature","properties":{"u":"10998028106","v":"10998028111","key":"0","osmid":1184269672,"name":null,"ref":null,"highway":"residential","length":67.34950245736763,"oneway":false},"geometry":{"type":"LineString","coordinates":[[125.0264399,11.2813426],[125.0258651,11.281121]]}},{"type":"Feature","properties":{"u":"10998028106","v":"10998028114","key":"0","osmid":1184269673,"name":null,"ref":null,"highway":"residential","length":49.71347170961318,"oneway":false},"geometry":{"type":"LineString","coordinates":[[125.0264399,11.2813426],[125.0266162,11.2809303]]}},{"type":"Feature","properties":{"u":"10998028106","v":"10998028108","key":"0","osmid":1184269673,"name":null,"ref":null,"highway":"residential","length":30.844153796542813,"oneway":false},"geometry":{"type":"LineString","coordinates":[[125.0264399,11.2813426],[125.0263305,11.2815984]]}},{"type":"Feature","properties":{"u":"10998028107","v":"10998028111","key":"0","osmid":1184269672,"name":null,"ref":null,"highway":"residential","length":85.33138026696275,"oneway":false},"geometry":{"type":"LineString","coordinates":[[125.0251399,11.2808327],[125.0258651,11.281121]]}},{"type":"Feature","properties":{"u":"10998028107","v":"10998028113","key":"0","osmid":1184269675,"name":null,"ref":null,"highway":"residential","length":9.900182451202198,"oneway":false},"geometry":{"type":"LineString","coordinates":[[125.0251399,11.2808327],[125.0251275,11.2807445]]}},{"type":"Feature","properties":{"u":"10998028107","v":"8382614617","key":"0","osmid":1184269675,"name":null,"ref":null,"highway":"residential","length":103.4833150066128,"oneway":false},"geometry":{"type":"LineString","coordinates":[[125.0251399,11.2808327],[125.0251735,11.2810717],[125.0251944,11.2812199],[125.0252697,11.2817546]]}},{"type":"Feature","properties":{"u":"10998028108","v":"10998028106","key":"0","osmid":1184269673,"name":null,"ref":null,"highway":"residential","length":30.844153796542813,"oneway":false},"geometry":{"type":"LineString","coordinates":[[125.0263305,11.2815984],[125.0264399,11.2813426]]}},{"type":"Feature","properties":{"u":"10998028108","v":"8382614620","key":"0","osmid":902515119,"name":null,"ref":null,"highway":"residential","length":43.881079101292954,"oneway":false},"geometry":{"type":"LineString","coordinates":[[125.0263305,11.2815984],[125.0263721,11.281656],[125.0264713,11.2819651]]}},{"type":"Feature","properties":{"u":"10998028108","v":"10998028112","key":"0","osmid":902515119,"name":null,"ref":null,"highway":"residential","length":45.53269608747784,"oneway":false},"geometry":{"type":"LineString","coordinates":[[125.0263305,11.2815984],[125.0262755,11.2815757],[125.0259216,11.2816279]]}},{"type":"Feature","properties":{"u":"10998028109","v":"10998028114","key":"0","osmid":1184269676,"name":null,"ref":null,"highway":"residential","length":68.28418484836175,"oneway":false},"geometry":{"type":"LineString","coordinates":[[125.026037,11.2806969],[125.0266162,11.2809303]]}},{"type":"Feature","properties":{"u":"10998028109","v":"10998028111","key":"0","osmid":1184269674,"name":null,"ref":null,"highway":"residential","length":50.95441889223094,"oneway":false},"geometry":{"type":"LineString","coordinates":[[125.026037,11.2806969],[125.0258678,11.2810842],[125.0258651,11.281121]]}},{"type":"Feature","properties":{"u":"10998028109","v":"10998028113","key":"0","osmid":1184269676,"name":null,"ref":null,"highway":"residential","length":108.85494637748099,"oneway":false},"geometry":{"type":"LineString","coordinates":[[125.026037,11.2806969],[125.0256532,11.2805423],[125.0255594,11.2805239],[125.0254816,11.2805528],[125.0251275,11.2807445]]}},{"type":"Feature","properties":{"u":"10998028111","v":"10998028106","key":"0","osmid":1184269672,"name":null,"ref":null,"highway":"residential","length":67.34950245736763,"oneway":false},"geometry":{"type":"LineString","coordinates":[[125.0258651,11.281121],[125.0264399,11.2813426]]}},{"type":"Feature","properties":{"u":"10998028111","v":"10998028107","key":"0","osmid":1184269672,"name":null,"ref":null,"highway":"residential","length":85.33138026696275,"oneway":false},"geometry":{"type":"LineString","coordinates":[[125.0258651,11.281121],[125.0251399,11.2808327]]}},{"type":"Feature","properties":{"u":"10998028111","v":"10998028112","key":"0","osmid":1184269674,"name":null,"ref":null,"highway":"residential","length":56.7005192423398,"oneway":false},"geometry":{"type":"LineString","coordinates":[[125.0258651,11.281121],[125.0259216,11.2816279]]}},{"type":"Feature","properties":{"u":"10998028111","v":"10998028109","key":"0","osmid":1184269674,"name":null,"ref":null,"highway":"residential","length":50.95441889223094,"oneway":false},"geometry":{"type":"LineString","coordinates":[[125.0258651,11.281121],[125.0258678,11.2810842],[125.026037,11.2806969]]}},{"type":"Feature","properties":{"u":"10998028112","v":"8382614617","key":"0","osmid":902515119,"name":null,"ref":null,"highway":"residential","length":72.47001121148641,"oneway":false},"geometry":{"type":"LineString","coordinates":[[125.0259216,11.2816279],[125.0252697,11.2817546]]}},{"type":"Feature","properties":{"u":"10998028112","v":"10998028111","key":"0","osmid":1184269674,"name":null,"ref":null,"highway":"residential","length":56.7005192423398,"oneway":false},"geometry":{"type":"LineString","coordinates":[[125.0259216,11.2816279],[125.0258651,11.281121]]}},{"type":"Feature","properties":{"u":"10998028112","v":"10998028108","key":"0","osmid":902515119,"name":null,"ref":null,"highway":"residential","length":45.53269608747784,"oneway":false},"geometry":{"type":"LineString","coordinates":[[125.0259216,11.2816279],[125.0262755,11.2815757],[125.0263305,11.2815984]]}},{"type":"Feature","properties":{"u":"10998028113","v":"10998028107","key":"0","osmid":1184269675,"name":null,"ref":null,"highway":"residential","length":9.900182451202198,"oneway":false},"geometry":{"type":"LineString","coordinates":[[125.0251275,11.2807445],[125.0251399,11.2808327]]}},{"type":"Feature","properties":{"u":"10998028113","v":"10998028133","key":"0","osmid":[1184269676,902515126],"name":null,"ref":null,"highway":"residential","length":122.63336647248596,"oneway":false},"geometry":{"type":"LineString","coordinates":[[125.0251275,11.2807445],[125.0247332,11.2809579],[125.0247051,11.2810224],[125.0247078,11.2810934],[125.0247363,11.2812792],[125.0247869,11.2816076]]}},{"type":"Feature","properties":{"u":"10998028113","v":"10998028109","key":"0","osmid":1184269676,"name":null,"ref":null,"highway":"residential","length":108.85494637748099,"oneway":false},"geometry":{"type":"LineString","coordinates":[[125.0251275,11.2807445],[125.0254816,11.2805528],[125.0255594,11.2805239],[125.0256532,11.2805423],[125.026037,11.2806969]]}},{"type":"Feature","properties":{"u":"10998028114","v":"10998028106","key":"0","osmid":1184269673,"name":null,"ref":null,"highway":"residential","length":49.71347170961318,"oneway":false},"geometry":{"type":"LineString","coordinates":[[125.0266162,11.2809303],[125.0264399,11.2813426]]}},{"type":"Feature","properties":{"u":"10998028114","v":"10998028109","key":"0","osmid":1184269676,"name":null,"ref":null,"highway":"residential","length":68.28418484836175,"oneway":false},"geometry":{"type":"LineString","coordinates":[[125.0266162,11.2809303],[125.026037,11.2806969]]}},{"type":"Feature","properties":{"u":"10998028114","v":"8382614620","key":"0","osmid":[902515122,1184269676],"name":null,"ref":null,"highway":"residential","length":208.57447079784083,"oneway":false},"geometry":{"type":"LineString","coordinates":[[125.0266162,11.2809303],[125.0272398,11.2811868],[125.0269984,11.2817891],[125.0269622,11.2818404],[125.0269233,11.2818733],[125.0264713,11.2819651]]}},{"type":"Feature","properties":{"u":"10998028125","v":"8382614594","key":"0","osmid":387032401,"name":"San Juanico-Basey Road","ref":"670","highway":"primary","length":306.03913591520677,"oneway":false},"geometry":{"type":"LineString","coordinates":[[125.0266788,11.2824174],[125.0276434,11.2822126],[125.0282067,11.2820706],[125.0293976,11.2817391]]}},{"type":"Feature","properties":{"u":"10998028125","v":"10998028130","key":"0","osmid":387032401,"name":"San Juanico-Basey Road","ref":"670","highway":"primary","length":26.7287818006787,"oneway":false},"geometry":{"type":"LineString","coordinates":[[125.0266788,11.2824174],[125.0265035,11.2824546],[125.0264392,11.2824681]]}},{"type":"Feature","properties":{"u":"10998028125","v":"10998028131","key":"0","osmid":1184269677,"name":null,"ref":null,"highway":"residential","length":29.25846019181768,"oneway":false},"geometry":{"type":"LineString","coordinates":[[125.0266788,11.2824174],[125.0266349,11.2822836],[125.0265987,11.2822521],[125.0265223,11.2822468]]}},{"type":"Feature","properties":{"u":"10998028130","v":"10998028125","key":"0","osmid":387032401,"name":"San Juanico-Basey Road","ref":"670","highway":"primary","length":26.7287818006787,"oneway":false},"geometry":{"type":"LineString","coordinates":[[125.0264392,11.2824681],[125.0265035,11.2824546],[125.0266788,11.2824174]]}},{"type":"Feature","properties":{"u":"10998028130","v":"8382614640","key":"0","osmid":387032401,"name":"San Juanico-Basey Road","ref":"670","highway":"primary","length":275.6641883262925,"oneway":false},"geometry":{"type":"LineString","coordinates":[[125.0264392,11.2824681],[125.0249022,11.2827913],[125.0242596,11.2830063],[125.0239943,11.2830846]]}},{"type":"Feature","properties":{"u":"10998028130","v":"10998028131","key":"0","osmid":1184269677,"name":null,"ref":null,"highway":"residential","length":30.56669870310838,"oneway":false},"geometry":{"type":"LineString","coordinates":[[125.0264392,11.2824681],[125.0264311,11.2823139],[125.0264458,11.282277],[125.0265223,11.2822468]]}},{"type":"Feature","properties":{"u":"10998028131","v":"8382614620","key":"0","osmid":902515119,"name":null,"ref":null,"highway":"residential","length":31.813521080128865,"oneway":false},"geometry":{"type":"LineString","coordinates":[[125.0265223,11.2822468],[125.0264713,11.2819651]]}},{"type":"Feature","properties":{"u":"10998028131","v":"10998028125","key":"0","osmid":1184269677,"name":null,"ref":null,"highway":"residential","length":29.25846019181768,"oneway":false},"geometry":{"type":"LineString","coordinates":[[125.0265223,11.2822468],[125.0265987,11.2822521],[125.0266349,11.2822836],[125.0266788,11.2824174]]}},{"type":"Feature","properties":{"u":"10998028131","v":"10998028130","key":"0","osmid":1184269677,"name":null,"ref":null,"highway":"residential","length":30.56669870310838,"oneway":false},"geometry":{"type":"LineString","coordinates":[[125.0265223,11.2822468],[125.0264458,11.282277],[125.0264311,11.2823139],[125.0264392,11.2824681]]}},{"type":"Feature","properties":{"u":"10998028132","v":"8382614630","key":"0","osmid":902515121,"name":null,"ref":null,"highway":"residential","length":41.193983354193364,"oneway":false},"geometry":{"type":"LineString","coordinates":[[125.0239309,11.2820059],[125.0243019,11.2819361]]}},{"type":"Feature","properties":{"u":"10998028132","v":"10998028134","key":"0","osmid":1184269679,"name":null,"ref":null,"highway":"residential","length":59.25188143120341,"oneway":false},"geometry":{"type":"LineString","coordinates":[[125.0239309,11.2820059],[125.0238615,11.2814774]]}},{"type":"Feature","properties":{"u":"10998028132","v":"8382614623","key":"0","osmid":902515121,"name":null,"ref":null,"highway":"residential","length":71.92440319246404,"oneway":false},"geometry":{"type":"LineString","coordinates":[[125.0239309,11.2820059],[125.0237519,11.282069],[125.02332,11.2822492]]}},{"type":"Feature","properties":{"u":"10998028133","v":"8382614616","key":"0","osmid":902515126,"name":null,"ref":null,"highway":"residential","length":23.163877109997877,"oneway":false},"geometry":{"type":"LineString","coordinates":[[125.0247869,11.2816076],[125.0248057,11.2818151]]}},{"type":"Feature","properties":{"u":"10998028133","v":"10998028134","key":"0","osmid":1184269680,"name":null,"ref":null,"highway":"residential","length":101.94491699552576,"oneway":false},"geometry":{"type":"LineString","coordinates":[[125.0247869,11.2816076],[125.0238615,11.2814774]]}},{"type":"Feature","properties":{"u":"10998028133","v":"10998028113","key":"0","osmid":[1184269676,902515126],"name":null,"ref":null,"highway":"residential","length":122.63336647248593,"oneway":false},"geometry":{"type":"LineString","coordinates":[[125.0247869,11.2816076],[125.0247363,11.2812792],[125.0247078,11.2810934],[125.0247051,11.2810224],[125.0247332,11.2809579],[125.0251275,11.2807445]]}},{"type":"Feature","properties":{"u":"10998028134","v":"10998028132","key":"0","osmid":1184269679,"name":null,"ref":null,"highway":"residential","length":59.25188143120341,"oneway":false},"geometry":{"type":"LineString","coordinates":[[125.0238615,11.2814774],[125.0239309,11.2820059]]}},{"type":"Feature","properties":{"u":"10998028134","v":"10998028133","key":"0","osmid":1184269680,"name":null,"ref":null,"highway":"residential","length":101.94491699552576,"oneway":false},"geometry":{"type":"LineString","coordinates":[[125.0238615,11.2814774],[125.0247869,11.2816076]]}},{"type":"Feature","properties":{"u":"10998028134","v":"8382614637","key":"0","osmid":1184269680,"name":null,"ref":null,"highway":"residential","length":128.22231691306925,"oneway":false},"geometry":{"type":"LineString","coordinates":[[125.0238615,11.2814774],[125.0237596,11.2814551],[125.0236671,11.2814695],[125.0235638,11.2815221],[125.0228586,11.2820072]]}},{"type":"Feature","properties":{"u":"10998028138","v":"8382614623","key":"0","osmid":902515127,"name":null,"ref":null,"highway":"residential","length":18.11474810905334,"oneway":false},"geometry":{"type":"LineString","coordinates":[[125.0231718,11.2821756],[125.02332,11.2822492]]}},{"type":"Feature","properties":{"u":"10998028138","v":"8382614637","key":"0","osmid":902515127,"name":null,"ref":null,"highway":"residential","length":38.949759598763514,"oneway":false},"geometry":{"type":"LineString","coordinates":[[125.0231718,11.2821756],[125.0228586,11.2820072]]}},{"type":"Feature","properties":{"u":"10998028138","v":"10998028147","key":"0","osmid":1184269681,"name":null,"ref":null,"highway":"residential","length":162.9838350254339,"oneway":false},"geometry":{"type":"LineString","coordinates":[[125.0231718,11.2821756],[125.0229549,11.2822757],[125.0229067,11.2822843],[125.0228523,11.282283],[125.0224151,11.2822159],[125.0223474,11.2821988],[125.0222576,11.2820679],[125.0222395,11.2820272],[125.0222401,11.2820022],[125.0225028,11.2816968]]}},{"type":"Feature","properties":{"u":"10998028147","v":"8382614637","key":"0","osmid":902515127,"name":null,"ref":null,"highway":"residential","length":51.92901466539146,"oneway":false},"geometry":{"type":"LineString","coordinates":[[125.0225028,11.2816968],[125.0228586,11.2820072]]}},{"type":"Feature","properties":{"u":"10998028147","v":"10998028187","key":"0","osmid":902515127,"name":null,"ref":null,"highway":"residential","length":79.58580714425167,"oneway":false},"geometry":{"type":"LineString","coordinates":[[125.0225028,11.2816968],[125.0223596,11.2815941],[125.0221745,11.2815573],[125.0218115,11.2815771]]}},{"type":"Feature","properties":{"u":"10998028147","v":"10998028138","key":"0","osmid":1184269681,"name":null,"ref":null,"highway":"residential","length":162.98383502543393,"oneway":false},"geometry":{"type":"LineString","coordinates":[[125.0225028,11.2816968],[125.0222401,11.2820022],[125.0222395,11.2820272],[125.0222576,11.2820679],[125.0223474,11.2821988],[125.0224151,11.2822159],[125.0228523,11.282283],[125.0229067,11.2822843],[125.0229549,11.2822757],[125.0231718,11.2821756]]}},{"type":"Feature","properties":{"u":"10998028148","v":"8382614642","key":"0","osmid":902515194,"name":null,"ref":null,"highway":"residential","length":34.88275565027895,"oneway":false},"geometry":{"type":"LineString","coordinates":[[125.0218861,11.2829807],[125.0215843,11.2828767]]}},{"type":"Feature","properties":{"u":"10998028150","v":"10998028151","key":"0","osmid":1184269682,"name":null,"ref":null,"highway":"residential","length":43.459395317556535,"oneway":false},"geometry":{"type":"LineString","coordinates":[[125.0195872,11.2827911],[125.0197002,11.2824163]]}},{"type":"Feature","properties":{"u":"10998028150","v":"8382610953","key":"0","osmid":1184269682,"name":null,"ref":null,"highway":"residential","length":25.3259163741329,"oneway":false},"geometry":{"type":"LineString","coordinates":[[125.0195872,11.2827911],[125.0195213,11.2830095]]}},{"type":"Feature","properties":{"u":"10998028150","v":"8382610946","key":"0","osmid":1184269670,"name":null,"ref":null,"highway":"residential","length":74.3940425576933,"oneway":false},"geometry":{"type":"LineString","coordinates":[[125.0195872,11.2827911],[125.0198647,11.2828832],[125.0201866,11.2829832],[125.0202335,11.2830043]]}},{"type":"Feature","properties":{"u":"10998028151","v":"8382614649","key":"0","osmid":902515194,"name":null,"ref":null,"highway":"residential","length":36.485567620776216,"oneway":false},"geometry":{"type":"LineString","coordinates":[[125.0197002,11.2824163],[125.0200096,11.2825412]]}},{"type":"Feature","properties":{"u":"10998028151","v":"8382610938","key":"0","osmid":902515194,"name":null,"ref":null,"highway":"residential","length":6.544572134221833,"oneway":false},"geometry":{"type":"LineString","coordinates":[[125.0197002,11.2824163],[125.0196447,11.2823939]]}},{"type":"Feature","properties":{"u":"10998028151","v":"10998028150","key":"0","osmid":1184269682,"name":null,"ref":null,"highway":"residential","length":43.459395317556535,"oneway":false},"geometry":{"type":"LineString","coordinates":[[125.0197002,11.2824163],[125.0195872,11.2827911]]}},{"type":"Feature","properties":{"u":"10998028152","v":"8382610956","key":"0","osmid":1184269683,"name":null,"ref":null,"highway":"residential","length":39.59095962681725,"oneway":false},"geometry":{"type":"LineString","coordinates":[[125.0211779,11.2831925],[125.021139,11.2828385]]}},{"type":"Feature","properties":{"u":"10998028152","v":"8382610950","key":"0","osmid":1184269685,"name":null,"ref":null,"highway":"residential","length":41.841432028244995,"oneway":false},"geometry":{"type":"LineString","coordinates":[[125.0211779,11.2831925],[125.0208273,11.2833454]]}},{"type":"Feature","properties":{"u":"10998028152","v":"8382614641","key":"0","osmid":1184269685,"name":null,"ref":null,"highway":"residential","length":21.290596844001197,"oneway":false},"geometry":{"type":"LineString","coordinates":[[125.0211779,11.2831925],[125.0213563,11.2831147]]}},{"type":"Feature","properties":{"u":"10998028167","v":"8382610943","key":"0","osmid":902515191,"name":null,"ref":null,"highway":"residential","length":39.910074786544804,"oneway":false},"geometry":{"type":"LineString","coordinates":[[125.0206336,11.2833831],[125.0202724,11.283441]]}},{"type":"Feature","properties":{"u":"10998028167","v":"10998028168","key":"0","osmid":1184269684,"name":null,"ref":null,"highway":"residential","length":16.58285670613278,"oneway":false},"geometry":{"type":"LineString","coordinates":[[125.0206336,11.2833831],[125.0206385,11.2833429],[125.0206598,11.2833081],[125.0206936,11.2832849],[125.0207212,11.2832795]]}},{"type":"Feature","properties":{"u":"10998028167","v":"10998028169","key":"0","osmid":1184269684,"name":null,"ref":null,"highway":"residential","length":20.924253267381367,"oneway":false},"geometry":{"type":"LineString","coordinates":[[125.0206336,11.2833831],[125.0206457,11.2834219],[125.0206729,11.2834524],[125.0207103,11.2834695],[125.0207517,11.2834701],[125.0207761,11.2834599]]}},{"type":"Feature","properties":{"u":"10998028168","v":"8382610936","key":"0","osmid":902515129,"name":null,"ref":null,"highway":"residential","length":50.883001389342446,"oneway":false},"geometry":{"type":"LineString","coordinates":[[125.0207212,11.2832795],[125.0206936,11.2828227]]}},{"type":"Feature","properties":{"u":"10998028168","v":"8382610950","key":"0","osmid":1184269684,"name":null,"ref":null,"highway":"residential","length":14.89480304475903,"oneway":false},"geometry":{"type":"LineString","coordinates":[[125.0207212,11.2832795],[125.0207341,11.2832771],[125.0207744,11.2832861],[125.0208074,11.2833104],[125.0208273,11.2833454]]}},{"type":"Feature","properties":{"u":"10998028168","v":"10998028167","key":"0","osmid":1184269684,"name":null,"ref":null,"highway":"residential","length":16.58285670613278,"oneway":false},"geometry":{"type":"LineString","coordinates":[[125.0207212,11.2832795],[125.0206936,11.2832849],[125.0206598,11.2833081],[125.0206385,11.2833429],[125.0206336,11.2833831]]}},{"type":"Feature","properties":{"u":"10998028169","v":"8382610954","key":"0","osmid":1184269686,"name":null,"ref":null,"highway":"residential","length":11.766953026129354,"oneway":false},"geometry":{"type":"LineString","coordinates":[[125.0207761,11.2834599],[125.0208197,11.2835567]]}},{"type":"Feature","properties":{"u":"10998028169","v":"10998028167","key":"0","osmid":1184269684,"name":null,"ref":null,"highway":"residential","length":20.924253267381367,"oneway":false},"geometry":{"type":"LineString","coordinates":[[125.0207761,11.2834599],[125.0207517,11.2834701],[125.0207103,11.2834695],[125.0206729,11.2834524],[125.0206457,11.2834219],[125.0206336,11.2833831]]}},{"type":"Feature","properties":{"u":"10998028169","v":"8382610950","key":"0","osmid":1184269684,"name":null,"ref":null,"highway":"residential","length":15.180237218648736,"oneway":false},"geometry":{"type":"LineString","coordinates":[[125.0207761,11.2834599],[125.0207897,11.2834542],[125.0208178,11.2834245],[125.0208312,11.2833862],[125.0208275,11.2833458],[125.0208273,11.2833454]]}},{"type":"Feature","properties":{"u":"10998028170","v":"8382614647","key":"0","osmid":902515130,"name":null,"ref":null,"highway":"residential","length":13.571505601359862,"oneway":false},"geometry":{"type":"LineString","coordinates":[[125.0197271,11.2814809],[125.0196045,11.2814599]]}},{"type":"Feature","properties":{"u":"10998028170","v":"8382614646","key":"0","osmid":902515130,"name":null,"ref":null,"highway":"residential","length":46.2493453014253,"oneway":false},"geometry":{"type":"LineString","coordinates":[[125.0197271,11.2814809],[125.0201463,11.2815441]]}},{"type":"Feature","properties":{"u":"10998028170","v":"10998028176","key":"0","osmid":1184269688,"name":null,"ref":null,"highway":"residential","length":99.87045103373828,"oneway":false},"geometry":{"type":"LineString","coordinates":[[125.0197271,11.2814809],[125.0197685,11.28105],[125.0198007,11.2810158],[125.0198342,11.2810171],[125.0202258,11.2810552]]}},{"type":"Feature","properties":{"u":"10998028174","v":"10998028175","key":"0","osmid":1184269689,"name":null,"ref":null,"highway":"residential","length":99.58582459339705,"oneway":false},"geometry":{"type":"LineString","coordinates":[[125.0218188,11.2811776],[125.0209057,11.2811933]]}},{"type":"Feature","properties":{"u":"10998028174","v":"10998028187","key":"0","osmid":1184269690,"name":null,"ref":null,"highway":"residential","length":44.4295678075832,"oneway":false},"geometry":{"type":"LineString","coordinates":[[125.0218188,11.2811776],[125.0218115,11.2815771]]}},{"type":"Feature","properties":{"u":"10998028174","v":"10998028180","key":"0","osmid":1184269690,"name":null,"ref":null,"highway":"residential","length":143.55781233092478,"oneway":false},"geometry":{"type":"LineString","coordinates":[[125.0218188,11.2811776],[125.021823,11.2809579],[125.0217989,11.2808343],[125.0217151,11.2807402],[125.0215857,11.2806686],[125.0214408,11.2806094],[125.0212839,11.2805831],[125.0209124,11.2806015]]}},{"type":"Feature","properties":{"u":"10998028175","v":"10998028180","key":"0","osmid":902515129,"name":null,"ref":null,"highway":"residential","length":65.80930630042639,"oneway":false},"geometry":{"type":"LineString","coordinates":[[125.0209057,11.2811933],[125.0209124,11.2806015]]}},{"type":"Feature","properties":{"u":"10998028175","v":"8382614631","key":"0","osmid":902515129,"name":null,"ref":null,"highway":"residential","length":49.107867690978054,"oneway":false},"geometry":{"type":"LineString","coordinates":[[125.0209057,11.2811933],[125.0208359,11.2816296]]}},{"type":"Feature","properties":{"u":"10998028175","v":"10998028174","key":"0","osmid":1184269689,"name":null,"ref":null,"highway":"residential","length":99.58582459339705,"oneway":false},"geometry":{"type":"LineString","coordinates":[[125.0209057,11.2811933],[125.0218188,11.2811776]]}},{"type":"Feature","properties":{"u":"10998028176","v":"8382614646","key":"0","osmid":902515131,"name":null,"ref":null,"highway":"residential","length":55.05016786815992,"oneway":false},"geometry":{"type":"LineString","coordinates":[[125.0202258,11.2810552],[125.0201463,11.2815441]]}},{"type":"Feature","properties":{"u":"10998028176","v":"10998028170","key":"0","osmid":1184269688,"name":null,"ref":null,"highway":"residential","length":99.87045103373828,"oneway":false},"geometry":{"type":"LineString","coordinates":[[125.0202258,11.2810552],[125.0198342,11.2810171],[125.0198007,11.2810158],[125.0197685,11.28105],[125.0197271,11.2814809]]}},{"type":"Feature","properties":{"u":"10998028176","v":"10998028180","key":"0","osmid":1184269690,"name":null,"ref":null,"highway":"residential","length":97.56506895710272,"oneway":false},"geometry":{"type":"LineString","coordinates":[[125.0202258,11.2810552],[125.0205074,11.2807014],[125.0206067,11.2806186],[125.0207046,11.2806212],[125.0209124,11.2806015]]}},{"type":"Feature","properties":{"u":"10998028180","v":"10998028175","key":"0","osmid":902515129,"name":null,"ref":null,"highway":"residential","length":65.80930630042639,"oneway":false},"geometry":{"type":"LineString","coordinates":[[125.0209124,11.2806015],[125.0209057,11.2811933]]}},{"type":"Feature","properties":{"u":"10998028180","v":"10998028176","key":"0","osmid":1184269690,"name":null,"ref":null,"highway":"residential","length":97.56506895710274,"oneway":false},"geometry":{"type":"LineString","coordinates":[[125.0209124,11.2806015],[125.0207046,11.2806212],[125.0206067,11.2806186],[125.0205074,11.2807014],[125.0202258,11.2810552]]}},{"type":"Feature","properties":{"u":"10998028180","v":"10998028174","key":"0","osmid":1184269690,"name":null,"ref":null,"highway":"residential","length":143.55781233092478,"oneway":false},"geometry":{"type":"LineString","coordinates":[[125.0209124,11.2806015],[125.0212839,11.2805831],[125.0214408,11.2806094],[125.0215857,11.2806686],[125.0217151,11.2807402],[125.0217989,11.2808343],[125.021823,11.2809579],[125.0218188,11.2811776]]}},{"type":"Feature","properties":{"u":"10998028187","v":"8382614634","key":"0","osmid":902515127,"name":null,"ref":null,"highway":"residential","length":29.80789143887846,"oneway":false},"geometry":{"type":"LineString","coordinates":[[125.0218115,11.2815771],[125.0215387,11.2815941]]}},{"type":"Feature","properties":{"u":"10998028187","v":"10998028174","key":"0","osmid":1184269690,"name":null,"ref":null,"highway":"residential","length":44.4295678075832,"oneway":false},"geometry":{"type":"LineString","coordinates":[[125.0218115,11.2815771],[125.0218188,11.2811776]]}},{"type":"Feature","properties":{"u":"10998028187","v":"10998028147","key":"0","osmid":902515127,"name":null,"ref":null,"highway":"residential","length":79.58580714425167,"oneway":false},"geometry":{"type":"LineString","coordinates":[[125.0218115,11.2815771],[125.0221745,11.2815573],[125.0223596,11.2815941],[125.0225028,11.2816968]]}},{"type":"Feature","properties":{"u":"10998028188","v":"2531425191","key":"0","osmid":245682713,"name":null,"ref":null,"highway":"tertiary","length":103.09170869182931,"oneway":false},"geometry":{"type":"LineString","coordinates":[[125.0164181,11.283269],[125.0172472,11.2837145]]}},{"type":"Feature","properties":{"u":"10998028188","v":"1684194260","key":"0","osmid":245682713,"name":null,"ref":null,"highway":"tertiary","length":30.68152586944813,"oneway":false},"geometry":{"type":"LineString","coordinates":[[125.0164181,11.283269],[125.0162977,11.2832043],[125.0161713,11.2831365]]}},{"type":"Feature","properties":{"u":"10998028188","v":"10998028195","key":"0","osmid":1184269691,"name":null,"ref":null,"highway":"service","length":31.41294542615423,"oneway":false},"geometry":{"type":"LineString","coordinates":[[125.0164181,11.283269],[125.0164492,11.2831582],[125.01646,11.2831161],[125.0164506,11.2830648],[125.0163929,11.2830202]]}},{"type":"Feature","properties":{"u":"10998028195","v":"8453179983","key":"0","osmid":953614007,"name":null,"ref":null,"highway":"service","length":28.678899431089338,"oneway":false},"geometry":{"type":"LineString","coordinates":[[125.0163929,11.2830202],[125.0165135,11.282791]]}},{"type":"Feature","properties":{"u":"10998028195","v":"10998028188","key":"0","osmid":1184269691,"name":null,"ref":null,"highway":"service","length":31.41294542615423,"oneway":false},"geometry":{"type":"LineString","coordinates":[[125.0163929,11.2830202],[125.0164506,11.2830648],[125.01646,11.2831161],[125.0164492,11.2831582],[125.0164181,11.283269]]}},{"type":"Feature","properties":{"u":"10998028195","v":"1684194260","key":"0","osmid":1184269691,"name":null,"ref":null,"highway":"service","length":30.451910253520364,"oneway":false},"geometry":{"type":"LineString","coordinates":[[125.0163929,11.2830202],[125.0163379,11.2830109],[125.0163004,11.2830109],[125.0162494,11.2830359],[125.0161713,11.2831365]]}},{"type":"Feature","properties":{"u":"12283538966","v":"12283538969","key":"0","osmid":1327716932,"name":null,"ref":null,"highway":"service","length":112.5821611557413,"oneway":false},"geometry":{"type":"LineString","coordinates":[[125.0684023,11.281751],[125.068181,11.2816865],[125.0678243,11.2816471],[125.0673817,11.2816461]]}},{"type":"Feature","properties":{"u":"12283538969","v":"1107290236","key":"0","osmid":337410433,"name":"Serafin Marabut Street","ref":null,"highway":"tertiary","length":11.230322649464119,"oneway":false},"geometry":{"type":"LineString","coordinates":[[125.0673817,11.2816461],[125.0673715,11.2815456]]}},{"type":"Feature","properties":{"u":"12283538969","v":"1107290096","key":"0","osmid":337410433,"name":"Serafin Marabut Street","ref":null,"highway":"tertiary","length":44.91606844593036,"oneway":false},"geometry":{"type":"LineString","coordinates":[[125.0673817,11.2816461],[125.0673905,11.2818694],[125.0674289,11.2820459]]}},{"type":"Feature","properties":{"u":"12283538969","v":"12283538966","key":"0","osmid":1327716932,"name":null,"ref":null,"highway":"service","length":112.5821611557413,"oneway":false},"geometry":{"type":"LineString","coordinates":[[125.0673817,11.2816461],[125.0678243,11.2816471],[125.068181,11.2816865],[125.0684023,11.281751]]}},{"type":"Feature","properties":{"u":"12284455398","v":"12284512644","key":"0","osmid":1327754945,"name":null,"ref":null,"highway":"footway","length":9.485877830292383,"oneway":false},"geometry":{"type":"LineString","coordinates":[[125.0695734,11.2808188],[125.0695449,11.2808994]]}},{"type":"Feature","properties":{"u":"12284455398","v":"12284512604","key":"0","osmid":1327754940,"name":null,"ref":null,"highway":"footway","length":119.78690178343028,"oneway":false},"geometry":{"type":"LineString","coordinates":[[125.0695734,11.2808188],[125.0696891,11.2808159],[125.0700029,11.2807994],[125.0701229,11.2808534],[125.0702161,11.2809198],[125.0704247,11.2809724],[125.0704857,11.2810552],[125.0704709,11.2811539]]}},{"type":"Feature","properties":{"u":"12284455398","v":"3903783670","key":"0","osmid":[387034280,1327754945],"name":"Right Wing","ref":null,"highway":["footway","steps"],"length":26.511314347022456,"oneway":false},"geometry":{"type":"LineString","coordinates":[[125.0695734,11.2808188],[125.0695811,11.2807968],[125.0696099,11.2805835]]}},{"type":"Feature","properties":{"u":"12284509545","v":"8826483207","key":"0","osmid":245997281,"name":null,"ref":null,"highway":"service","length":127.6273458233144,"oneway":false},"geometry":{"type":"LineString","coordinates":[[125.066711,11.285605],[125.0668493,11.2855939],[125.0669633,11.2855584],[125.0670531,11.2854736],[125.0671325,11.2851857],[125.0671305,11.2847118]]}},{"type":"Feature","properties":{"u":"12284509545","v":"8826483202","key":"0","osmid":245997281,"name":null,"ref":null,"highway":"service","length":43.488353334692384,"oneway":false},"geometry":{"type":"LineString","coordinates":[[125.066711,11.285605],[125.0664988,11.2856036],[125.0663122,11.2856021]]}},{"type":"Feature","properties":{"u":"12284509545","v":"2530912165","key":"0","osmid":[1327755776,1327755777,1327755778,1327755779,1327755780],"name":null,"ref":null,"highway":"footway","length":220.52174241830556,"oneway":false},"geometry":{"type":"LineString","coordinates":[[125.066711,11.285605],[125.0667708,11.2856386],[125.0668902,11.285634],[125.0670183,11.2855814],[125.0670826,11.2854927],[125.0671463,11.2853362],[125.0671632,11.2852528],[125.0671872,11.2851336],[125.067198,11.2850041],[125.0671899,11.2848857],[125.0671785,11.2847673],[125.0671879,11.2845924],[125.0672516,11.2840644],[125.0672536,11.2839604]]}},{"type":"Feature","properties":{"u":"12284512604","v":"12284455398","key":"0","osmid":1327754940,"name":null,"ref":null,"highway":"footway","length":119.78690178343028,"oneway":false},"geometry":{"type":"LineString","coordinates":[[125.0704709,11.2811539],[125.0704857,11.2810552],[125.0704247,11.2809724],[125.0702161,11.2809198],[125.0701229,11.2808534],[125.0700029,11.2807994],[125.0696891,11.2808159],[125.0695734,11.2808188]]}},{"type":"Feature","properties":{"u":"12284512625","v":"7207205231","key":"0","osmid":1327754943,"name":null,"ref":null,"highway":"service","length":29.35988801828526,"oneway":false},"geometry":{"type":"LineString","coordinates":[[125.0704656,11.2851106],[125.0705714,11.2848678]]}},{"type":"Feature","properties":{"u":"12284512626","v":"2533972626","key":"0","osmid":246351725,"name":null,"ref":null,"highway":"residential","length":15.732285897542889,"oneway":false},"geometry":{"type":"LineString","coordinates":[[125.0707566,11.2843908],[125.0708983,11.2844174]]}},{"type":"Feature","properties":{"u":"12284512626","v":"7207205231","key":"0","osmid":1327754944,"name":null,"ref":null,"highway":"service","length":56.754679406094944,"oneway":false},"geometry":{"type":"LineString","coordinates":[[125.0707566,11.2843908],[125.0705714,11.2848678]]}},{"type":"Feature","properties":{"u":"12284512626","v":"1107290323","key":"0","osmid":246351725,"name":null,"ref":null,"highway":"residential","length":70.39662572182179,"oneway":false},"geometry":{"type":"LineString","coordinates":[[125.0707566,11.2843908],[125.0705587,11.2843537],[125.070117,11.2843086]]}},{"type":"Feature","properties":{"u":"12284512644","v":"12284455398","key":"0","osmid":1327754945,"name":null,"ref":null,"highway":"footway","length":9.485877830292383,"oneway":false},"geometry":{"type":"LineString","coordinates":[[125.0695449,11.2808994],[125.0695734,11.2808188]]}},{"type":"Feature","properties":{"u":"12284512644","v":"12284512648","key":"0","osmid":[1327754946,1327754947,387034279],"name":"Left Wing","ref":null,"highway":["footway","steps"],"length":36.72705856469913,"oneway":false},"geometry":{"type":"LineString","coordinates":[[125.0695449,11.2808994],[125.069511,11.2810829],[125.0694932,11.2811629],[125.069485,11.2812243]]}},{"type":"Feature","properties":{"u":"12284512644","v":"1107290271","key":"0","osmid":[470249576,387034281,1327754946],"name":"Front Wing","ref":null,"highway":["footway","steps","service"],"length":73.28348109870518,"oneway":false},"geometry":{"type":"LineString","coordinates":[[125.0695449,11.2808994],[125.0693744,11.2808379],[125.0692487,11.2808089],[125.0690038,11.280758],[125.0688934,11.2807477]]}},{"type":"Feature","properties":{"u":"12284512648","v":"1107290349","key":"0","osmid":95489187,"name":"San Roque Street","ref":null,"highway":"residential","length":18.96190473865534,"oneway":false},"geometry":{"type":"LineString","coordinates":[[125.069485,11.2812243],[125.0696551,11.2812597]]}},{"type":"Feature","properties":{"u":"12284512648","v":"1107290425","key":"0","osmid":95489187,"name":"San Roque Street","ref":null,"highway":"residential","length":12.425944988916527,"oneway":false},"geometry":{"type":"LineString","coordinates":[[125.069485,11.2812243],[125.0693744,11.2811974]]}},{"type":"Feature","properties":{"u":"12284512648","v":"12284512644","key":"0","osmid":[1327754946,1327754947,387034279],"name":"Left Wing","ref":null,"highway":["footway","steps"],"length":36.72705856469913,"oneway":false},"geometry":{"type":"LineString","coordinates":[[125.069485,11.2812243],[125.0694932,11.2811629],[125.069511,11.2810829],[125.0695449,11.2808994]]}},{"type":"Feature","properties":{"u":"12284512664","v":"12284512665","key":"0","osmid":1327754951,"name":null,"ref":null,"highway":"footway","length":9.406531302851205,"oneway":false},"geometry":{"type":"LineString","coordinates":[[125.0691546,11.2801925],[125.069139,11.2802757]]}},{"type":"Feature","properties":{"u":"12284512665","v":"12284512664","key":"0","osmid":1327754951,"name":null,"ref":null,"highway":"footway","length":9.406531302851205,"oneway":false},"geometry":{"type":"LineString","coordinates":[[125.069139,11.2802757],[125.0691546,11.2801925]]}},{"type":"Feature","properties":{"u":"12284512665","v":"12284512666","key":"0","osmid":1327754951,"name":null,"ref":null,"highway":"footway","length":18.442428078609847,"oneway":false},"geometry":{"type":"LineString","coordinates":[[125.069139,11.2802757],[125.06911,11.2804391]]}},{"type":"Feature","properties":{"u":"12284512665","v":"12284512674","key":"0","osmid":1327754954,"name":null,"ref":null,"highway":"service","length":14.593318458911567,"oneway":false},"geometry":{"type":"LineString","coordinates":[[125.069139,11.2802757],[125.0692707,11.280299]]}},{"type":"Feature","properties":{"u":"12284512665","v":"12284512675","key":"0","osmid":1327754954,"name":null,"ref":null,"highway":"service","length":16.731614104517853,"oneway":false},"geometry":{"type":"LineString","coordinates":[[125.069139,11.2802757],[125.068988,11.280249]]}},{"type":"Feature","properties":{"u":"12284512666","v":"10038419442","key":"0","osmid":337410399,"name":"Serafin Marabut Street","ref":null,"highway":"tertiary","length":15.863106673612554,"oneway":false},"geometry":{"type":"LineString","coordinates":[[125.06911,11.2804391],[125.0689674,11.2804109]]}},{"type":"Feature","properties":{"u":"12284512666","v":"12284512665","key":"0","osmid":1327754951,"name":null,"ref":null,"highway":"footway","length":18.442428078609847,"oneway":false},"geometry":{"type":"LineString","coordinates":[[125.06911,11.2804391],[125.069139,11.2802757]]}},{"type":"Feature","properties":{"u":"12284512666","v":"1107290094","key":"0","osmid":337410399,"name":"Serafin Marabut Street","ref":null,"highway":"tertiary","length":71.48928689943857,"oneway":false},"geometry":{"type":"LineString","coordinates":[[125.06911,11.2804391],[125.0692924,11.2804751],[125.0697554,11.2805516]]}},{"type":"Feature","properties":{"u":"12284512670","v":"10038419444","key":"0","osmid":1096169236,"name":null,"ref":null,"highway":"service","length":16.06877003760916,"oneway":false},"geometry":{"type":"LineString","coordinates":[[125.0692318,11.280021],[125.0693766,11.2800478]]}},{"type":"Feature","properties":{"u":"12284512670","v":"12284512675","key":"0","osmid":1096169236,"name":null,"ref":null,"highway":"service","length":53.188331351933385,"oneway":false},"geometry":{"type":"LineString","coordinates":[[125.0692318,11.280021],[125.0690219,11.2799822],[125.068988,11.280249]]}},{"type":"Feature","properties":{"u":"12284512674","v":"12284512665","key":"0","osmid":1327754954,"name":null,"ref":null,"highway":"service","length":14.593318458911567,"oneway":false},"geometry":{"type":"LineString","coordinates":[[125.0692707,11.280299],[125.069139,11.2802757]]}},{"type":"Feature","properties":{"u":"12284512675","v":"10038419442","key":"0","osmid":1096169236,"name":null,"ref":null,"highway":"service","length":18.142094765593715,"oneway":false},"geometry":{"type":"LineString","coordinates":[[125.068988,11.280249],[125.0689674,11.2804109]]}},{"type":"Feature","properties":{"u":"12284512675","v":"12284512665","key":"0","osmid":1327754954,"name":null,"ref":null,"highway":"service","length":16.731614104517853,"oneway":false},"geometry":{"type":"LineString","coordinates":[[125.068988,11.280249],[125.069139,11.2802757]]}},{"type":"Feature","properties":{"u":"12284512675","v":"12284512670","key":"0","osmid":1096169236,"name":null,"ref":null,"highway":"service","length":53.188331351933385,"oneway":false},"geometry":{"type":"LineString","coordinates":[[125.068988,11.280249],[125.0690219,11.2799822],[125.0692318,11.280021]]}},{"type":"Feature","properties":{"u":"12284512686","v":"1107290044","key":"0","osmid":95489176,"name":null,"ref":null,"highway":"residential","length":61.35788983070684,"oneway":false},"geometry":{"type":"LineString","coordinates":[[125.0701558,11.2800997],[125.070127,11.2802747],[125.0700745,11.2805528],[125.0700446,11.2806397]]}},{"type":"Feature","properties":{"u":"12284512686","v":"1107290409","key":"0","osmid":[245955562,1327754955],"name":"San Roque Street","ref":null,"highway":["residential","path"],"length":238.6209623924646,"oneway":false},"geometry":{"type":"LineString","coordinates":[[125.0701558,11.2800997],[125.0703447,11.280215],[125.0706641,11.2804996],[125.0709256,11.2808086],[125.0711319,11.2811639],[125.0712141,11.2813601],[125.0710522,11.2813957],[125.0707271,11.2814133]]}},{"type":"Feature","properties":{"u":"12284535613","v":"2526489314","key":"0","osmid":[245454687,1327757943],"name":null,"ref":null,"highway":["residential","path"],"length":570.9658203954932,"oneway":false},"geometry":{"type":"LineString","coordinates":[[125.1047999,11.2935006],[125.1048133,11.293356],[125.104659,11.2930114],[125.1041535,11.2920316],[125.1039992,11.291929],[125.1039898,11.2917699],[125.1037337,11.2912859],[125.1034482,11.2908068],[125.1032901,11.2905616],[125.1029242,11.2905018],[125.102355,11.2904613],[125.1018374,11.2903338],[125.1015061,11.2902483]]}},{"type":"Feature","properties":{"u":"12456143673","v":"6911608297","key":"0","osmid":738148854,"name":null,"ref":null,"highway":"residential","length":56.24733150803845,"oneway":false},"geometry":{"type":"LineString","coordinates":[[125.0727028,11.2946635],[125.072903,11.2949893],[125.072966,11.2950985]]}},{"type":"Feature","properties":{"u":"12843549157","v":"12843549158","key":"0","osmid":1387440881,"name":null,"ref":null,"highway":"service","length":19.630248505466785,"oneway":false},"geometry":{"type":"LineString","coordinates":[[124.998984,11.2724537],[124.9988063,11.2724255]]}},{"type":"Feature","properties":{"u":"12843549158","v":"12843549157","key":"0","osmid":1387440881,"name":null,"ref":null,"highway":"service","length":19.630248505466785,"oneway":false},"geometry":{"type":"LineString","coordinates":[[124.9988063,11.2724255],[124.998984,11.2724537]]}},{"type":"Feature","properties":{"u":"12843549158","v":"8324004030","key":"0","osmid":895493014,"name":null,"ref":null,"highway":"unclassified","length":299.05048335813274,"oneway":false},"geometry":{"type":"LineString","coordinates":[[124.9988063,11.2724255],[124.9988271,11.2721473],[124.9988593,11.272025],[124.9989907,11.2716633],[124.9991932,11.2713792],[124.9993837,11.271149],[124.9994735,11.2710162],[124.9996278,11.2706795],[125.0000167,11.2700587]]}},{"type":"Feature","properties":{"u":"12843549158","v":"2523654509","key":"0","osmid":895493014,"name":null,"ref":null,"highway":"unclassified","length":255.6201705805865,"oneway":false},"geometry":{"type":"LineString","coordinates":[[124.9988063,11.2724255],[124.9987829,11.2727365],[124.9987453,11.2730574],[124.99874,11.2734678],[124.998697,11.2739031],[124.9986105,11.2743003],[124.998579,11.2744424],[124.9985432,11.2747047]]}},{"type":"Feature","properties":{"u":"12843549183","v":"2523654572","key":"0","osmid":1387440888,"name":null,"ref":null,"highway":"footway","length":45.15563900739808,"oneway":false},"geometry":{"type":"LineString","coordinates":[[124.9993059,11.2745121],[124.9992912,11.2746252],[124.9991651,11.2746147],[124.9991477,11.2747422],[124.9991341,11.2747792]]}},{"type":"Feature","properties":{"u":"12971289954","v":"12971289959","key":"0","osmid":1411603876,"name":null,"ref":null,"highway":"service","length":115.19449378756046,"oneway":false},"geometry":{"type":"LineString","coordinates":[[125.1398215,11.3332387],[125.1395935,11.3331572],[125.1393494,11.333048],[125.139273,11.3329678],[125.1391456,11.3327245],[125.1390785,11.3325878]]}},{"type":"Feature","properties":{"u":"12971289959","v":"12971289954","key":"0","osmid":1411603876,"name":null,"ref":null,"highway":"service","length":115.19449378756045,"oneway":false},"geometry":{"type":"LineString","coordinates":[[125.1390785,11.3325878],[125.1391456,11.3327245],[125.139273,11.3329678],[125.1393494,11.333048],[125.1395935,11.3331572],[125.1398215,11.3332387]]}},{"type":"Feature","properties":{"u":"12971289959","v":"2526403317","key":"0","osmid":[245442594,1411603877],"name":null,"ref":null,"highway":["service","path"],"length":1133.8936242299098,"oneway":false},"geometry":{"type":"LineString","coordinates":[[125.1390785,11.3325878],[125.1390651,11.3326601],[125.1390758,11.3328403],[125.1390865,11.333048],[125.1390087,11.333218],[125.1387431,11.3336648],[125.1383154,11.3339847],[125.1379572,11.3342112],[125.1373694,11.3346862],[125.1366307,11.3349354],[125.13646,11.3351107],[125.1363488,11.3353443],[125.1364441,11.336088],[125.1363924,11.336275],[125.1362693,11.3365125],[125.1355624,11.3369564],[125.1351891,11.3372562],[125.13507,11.3375288],[125.1350541,11.338144],[125.1348396,11.3389306],[125.1346649,11.339207],[125.1337435,11.3399975],[125.1334655,11.3401571]]}},{"type":"Feature","properties":{"u":"12971289959","v":"2526403265","key":"0","osmid":1411603877,"name":null,"ref":null,"highway":"service","length":174.62322937156944,"oneway":false},"geometry":{"type":"LineString","coordinates":[[125.1390785,11.3325878],[125.1391196,11.3324525],[125.1392452,11.3321678],[125.1393333,11.3319499],[125.1393682,11.3318067],[125.1395345,11.3315043],[125.1396626,11.331131]]}},{"type":"Feature","properties":{"u":"12971308294","v":"5078007573","key":"0","osmid":245442593,"name":null,"ref":null,"highway":"secondary","length":757.0199422149647,"oneway":false},"geometry":{"type":"LineString","coordinates":[[125.1437806,11.3023757],[125.1441862,11.3028104],[125.1448881,11.3038138],[125.145028,11.3039031],[125.1453495,11.3040491],[125.145843,11.3043464],[125.1465967,11.304754],[125.1471439,11.3050092],[125.1474524,11.3050434],[125.1478547,11.3050486],[125.1485279,11.3050933],[125.1486164,11.3051249],[125.149405,11.305601],[125.1495216,11.3056482]]}},{"type":"Feature","properties":{"u":"12971308294","v":"5078007573","key":"1","osmid":894889447,"name":null,"ref":null,"highway":"residential","length":827.1820402833546,"oneway":false},"geometry":{"type":"LineString","coordinates":[[125.1437806,11.3023757],[125.1438622,11.3022685],[125.1438864,11.3022619],[125.14394,11.3022672],[125.1439977,11.3022961],[125.1443584,11.3025552],[125.1448278,11.3029511],[125.1453535,11.3034232],[125.145831,11.3038966],[125.1463795,11.3042201],[125.1472203,11.3044634],[125.1480223,11.3045542],[125.1494633,11.3046528],[125.1495331,11.3046659],[125.1495552,11.3047034],[125.1495216,11.3056482]]}},{"type":"Feature","properties":{"u":"12971308294","v":"4953819045","key":"0","osmid":[245442593,245454889],"name":null,"ref":null,"highway":"secondary","length":1379.4273556476444,"oneway":false},"geometry":{"type":"LineString","coordinates":[[125.1437806,11.3023757],[125.1433488,11.3019129],[125.1430238,11.3016504],[125.1418562,11.301078],[125.1415695,11.3010127],[125.1407143,11.3008269],[125.1400332,11.3006411],[125.1397106,11.3004754],[125.1379696,11.3000184],[125.1348663,11.2993606],[125.1335602,11.299089],[125.1321897,11.2987471],[125.1318772,11.2986971]]}},{"type":"Feature","properties":{"u":"12971310207","v":"278505664","key":"0","osmid":245446871,"name":"Basey-Marabut Road","ref":"670","highway":"primary","length":883.0454430491026,"oneway":false},"geometry":{"type":"LineString","coordinates":[[125.1199762,11.2906979],[125.1276657,11.2882072]]}},{"type":"Feature","properties":{"u":"12971310207","v":"278505664","key":"1","osmid":[894868892,900642005],"name":null,"ref":null,"highway":"residential","length":903.0567906805912,"oneway":false},"geometry":{"type":"LineString","coordinates":[[125.1199762,11.2906979],[125.1201046,11.2905457],[125.1215356,11.2897039],[125.1221111,11.289362],[125.1231464,11.2890094],[125.1236078,11.2888569],[125.124265,11.2886122],[125.1245235,11.2885307],[125.1251833,11.2883742],[125.1265874,11.2882229],[125.1272419,11.2881559],[125.1274793,11.2881532],[125.1276657,11.2882072]]}},{"type":"Feature","properties":{"u":"12971310207","v":"2526433935","key":"0","osmid":245446871,"name":"Basey-Marabut Road","ref":"670","highway":"primary","length":69.25773277083347,"oneway":false},"geometry":{"type":"LineString","coordinates":[[125.1199762,11.2906979],[125.119786,11.2907595],[125.1196213,11.2908908],[125.119488,11.2910656]]}},{"type":"Feature","properties":{"u":"12971426443","v":"2524491266","key":"0","osmid":245214943,"name":"Butalid Street","ref":null,"highway":"residential","length":38.167795339897594,"oneway":false},"geometry":{"type":"LineString","coordinates":[[125.1466617,11.2783848],[125.1467922,11.2787033]]}},{"type":"Feature","properties":{"u":"12971426443","v":"4953817655","key":"0","osmid":1411619748,"name":null,"ref":null,"highway":"residential","length":56.72474177742374,"oneway":false},"geometry":{"type":"LineString","coordinates":[[125.1466617,11.2783848],[125.1471555,11.2782244]]}},{"type":"Feature","properties":{"u":"12971426443","v":"2524491261","key":"0","osmid":245214943,"name":"Butalid Street","ref":null,"highway":"residential","length":38.38927795642395,"oneway":false},"geometry":{"type":"LineString","coordinates":[[125.1466617,11.2783848],[125.1466094,11.2782186],[125.1465529,11.2780565]]}},{"type":"Feature","properties":{"u":"12971428039","v":"12971428060","key":"0","osmid":1411621561,"name":null,"ref":null,"highway":"residential","length":81.45696708964172,"oneway":false},"geometry":{"type":"LineString","coordinates":[[125.1582791,11.2664805],[125.1587015,11.2660524],[125.1588155,11.2659735]]}},{"type":"Feature","properties":{"u":"12971428040","v":"12971428042","key":"0","osmid":1411621562,"name":null,"ref":null,"highway":"residential","length":75.23538087351719,"oneway":false},"geometry":{"type":"LineString","coordinates":[[125.1593614,11.2654329],[125.1589342,11.2658486],[125.1588585,11.2658928]]}},{"type":"Feature","properties":{"u":"12971428042","v":"12971428040","key":"0","osmid":1411621562,"name":null,"ref":null,"highway":"residential","length":75.23538087351719,"oneway":false},"geometry":{"type":"LineString","coordinates":[[125.1588585,11.2658928],[125.1589342,11.2658486],[125.1593614,11.2654329]]}},{"type":"Feature","properties":{"u":"12971428042","v":"12971428060","key":"0","osmid":1411621568,"name":null,"ref":null,"highway":"residential","length":10.620046398843547,"oneway":false},"geometry":{"type":"LineString","coordinates":[[125.1588585,11.2658928],[125.1588598,11.2659104],[125.1588249,11.2659485],[125.1588155,11.2659735]]}},{"type":"Feature","properties":{"u":"12971428042","v":"12971428065","key":"0","osmid":1411621568,"name":null,"ref":null,"highway":"residential","length":48.32505777993457,"oneway":false},"geometry":{"type":"LineString","coordinates":[[125.1588585,11.2658928],[125.1588571,11.2658736],[125.1587753,11.2656776],[125.15874,11.265477]]}},{"type":"Feature","properties":{"u":"12971428043","v":"12971428044","key":"0","osmid":1411621563,"name":null,"ref":null,"highway":"residential","length":90.42305604782422,"oneway":false},"geometry":{"type":"LineString","coordinates":[[125.1595183,11.2655816],[125.1589195,11.2661441]]}},{"type":"Feature","properties":{"u":"12971428044","v":"12971428043","key":"0","osmid":1411621563,"name":null,"ref":null,"highway":"residential","length":90.42305604782422,"oneway":false},"geometry":{"type":"LineString","coordinates":[[125.1589195,11.2661441],[125.1595183,11.2655816]]}},{"type":"Feature","properties":{"u":"12971428044","v":"12971428057","key":"0","osmid":1411621568,"name":null,"ref":null,"highway":"residential","length":22.741204696412424,"oneway":false},"geometry":{"type":"LineString","coordinates":[[125.1589195,11.2661441],[125.159014,11.2662721],[125.1590341,11.2663142]]}},{"type":"Feature","properties":{"u":"12971428044","v":"12971428060","key":"0","osmid":1411621568,"name":null,"ref":null,"highway":"residential","length":22.3153825165911,"oneway":false},"geometry":{"type":"LineString","coordinates":[[125.1589195,11.2661441],[125.1588343,11.2660288],[125.1588155,11.2659735]]}},{"type":"Feature","properties":{"u":"12971428045","v":"12971428057","key":"0","osmid":1411621564,"name":null,"ref":null,"highway":"residential","length":91.78788537395789,"oneway":false},"geometry":{"type":"LineString","coordinates":[[125.1596484,11.2657499],[125.1590341,11.2663142]]}},{"type":"Feature","properties":{"u":"12971428046","v":"12971428047","key":"0","osmid":1411621565,"name":null,"ref":null,"highway":"residential","length":50.24932464240785,"oneway":false},"geometry":{"type":"LineString","coordinates":[[125.1591647,11.2667106],[125.1587512,11.26691]]}},{"type":"Feature","properties":{"u":"12971428046","v":"12971428048","key":"0","osmid":1411621568,"name":null,"ref":null,"highway":"residential","length":22.080555951604712,"oneway":false},"geometry":{"type":"LineString","coordinates":[[125.1591647,11.2667106],[125.1591723,11.2667245],[125.159276,11.2668764]]}},{"type":"Feature","properties":{"u":"12971428046","v":"12971428057","key":"0","osmid":1411621568,"name":null,"ref":null,"highway":"residential","length":46.57042672229403,"oneway":false},"geometry":{"type":"LineString","coordinates":[[125.1591647,11.2667106],[125.1591133,11.2666154],[125.1590502,11.2663839],[125.1590341,11.2663142]]}},{"type":"Feature","properties":{"u":"12971428047","v":"12971428046","key":"0","osmid":1411621565,"name":null,"ref":null,"highway":"residential","length":50.24932464240785,"oneway":false},"geometry":{"type":"LineString","coordinates":[[125.1587512,11.26691],[125.1591647,11.2667106]]}},{"type":"Feature","properties":{"u":"12971428048","v":"12971428052","key":"0","osmid":1411621568,"name":null,"ref":null,"highway":"residential","length":7.786169700442252,"oneway":false},"geometry":{"type":"LineString","coordinates":[[125.159276,11.2668764],[125.1593157,11.2669346]]}},{"type":"Feature","properties":{"u":"12971428048","v":"12971428050","key":"0","osmid":1411621566,"name":null,"ref":null,"highway":"residential","length":51.445220897830445,"oneway":false},"geometry":{"type":"LineString","coordinates":[[125.159276,11.2668764],[125.1592125,11.2669415],[125.1588678,11.2670981]]}},{"type":"Feature","properties":{"u":"12971428048","v":"12971428046","key":"0","osmid":1411621568,"name":null,"ref":null,"highway":"residential","length":22.080555951604712,"oneway":false},"geometry":{"type":"LineString","coordinates":[[125.159276,11.2668764],[125.1591723,11.2667245],[125.1591647,11.2667106]]}},{"type":"Feature","properties":{"u":"12971428050","v":"12971428048","key":"0","osmid":1411621566,"name":null,"ref":null,"highway":"residential","length":51.445220897830445,"oneway":false},"geometry":{"type":"LineString","coordinates":[[125.1588678,11.2670981],[125.1592125,11.2669415],[125.159276,11.2668764]]}},{"type":"Feature","properties":{"u":"12971428051","v":"12971428052","key":"0","osmid":1411621567,"name":null,"ref":null,"highway":"residential","length":38.76127007068248,"oneway":false},"geometry":{"type":"LineString","coordinates":[[125.1596135,11.2667443],[125.1593157,11.2669346]]}},{"type":"Feature","properties":{"u":"12971428052","v":"12971428051","key":"0","osmid":1411621567,"name":null,"ref":null,"highway":"residential","length":38.76127007068248,"oneway":false},"geometry":{"type":"LineString","coordinates":[[125.1593157,11.2669346],[125.1596135,11.2667443]]}},{"type":"Feature","properties":{"u":"12971428052","v":"12971428053","key":"0","osmid":1411621568,"name":null,"ref":null,"highway":"residential","length":11.308298743715854,"oneway":false},"geometry":{"type":"LineString","coordinates":[[125.1593157,11.2669346],[125.1593734,11.2670191]]}},{"type":"Feature","properties":{"u":"12971428052","v":"12971428048","key":"0","osmid":1411621568,"name":null,"ref":null,"highway":"residential","length":7.786169700442252,"oneway":false},"geometry":{"type":"LineString","coordinates":[[125.1593157,11.2669346],[125.159276,11.2668764]]}},{"type":"Feature","properties":{"u":"12971428053","v":"12971428052","key":"0","osmid":1411621568,"name":null,"ref":null,"highway":"residential","length":11.308298743715854,"oneway":false},"geometry":{"type":"LineString","coordinates":[[125.1593734,11.2670191],[125.1593157,11.2669346]]}},{"type":"Feature","properties":{"u":"12971428057","v":"12971428045","key":"0","osmid":1411621564,"name":null,"ref":null,"highway":"residential","length":91.78788537395789,"oneway":false},"geometry":{"type":"LineString","coordinates":[[125.1590341,11.2663142],[125.1596484,11.2657499]]}},{"type":"Feature","properties":{"u":"12971428057","v":"12971428046","key":"0","osmid":1411621568,"name":null,"ref":null,"highway":"residential","length":46.57042672229403,"oneway":false},"geometry":{"type":"LineString","coordinates":[[125.1590341,11.2663142],[125.1590502,11.2663839],[125.1591133,11.2666154],[125.1591647,11.2667106]]}},{"type":"Feature","properties":{"u":"12971428057","v":"12971428044","key":"0","osmid":1411621568,"name":null,"ref":null,"highway":"residential","length":22.741204696412424,"oneway":false},"geometry":{"type":"LineString","coordinates":[[125.1590341,11.2663142],[125.159014,11.2662721],[125.1589195,11.2661441]]}},{"type":"Feature","properties":{"u":"12971428060","v":"12971428039","key":"0","osmid":1411621561,"name":null,"ref":null,"highway":"residential","length":81.45696708964172,"oneway":false},"geometry":{"type":"LineString","coordinates":[[125.1588155,11.2659735],[125.1587015,11.2660524],[125.1582791,11.2664805]]}},{"type":"Feature","properties":{"u":"12971428060","v":"12971428044","key":"0","osmid":1411621568,"name":null,"ref":null,"highway":"residential","length":22.3153825165911,"oneway":false},"geometry":{"type":"LineString","coordinates":[[125.1588155,11.2659735],[125.1588343,11.2660288],[125.1589195,11.2661441]]}},{"type":"Feature","properties":{"u":"12971428060","v":"12971428042","key":"0","osmid":1411621568,"name":null,"ref":null,"highway":"residential","length":10.620046398843549,"oneway":false},"geometry":{"type":"LineString","coordinates":[[125.1588155,11.2659735],[125.1588249,11.2659485],[125.1588598,11.2659104],[125.1588585,11.2658928]]}},{"type":"Feature","properties":{"u":"12971428065","v":"8444283992","key":"0","osmid":245374028,"name":"Basey-Marabut Road","ref":"670","highway":"primary","length":784.3793352707848,"oneway":false},"geometry":{"type":"LineString","coordinates":[[125.15874,11.265477],[125.1550977,11.2675913],[125.1545195,11.2680119],[125.1543335,11.2681782],[125.1542111,11.2683706],[125.1535911,11.2699833]]}},{"type":"Feature","properties":{"u":"12971428065","v":"2524491255","key":"0","osmid":245374028,"name":"Basey-Marabut Road","ref":"670","highway":"primary","length":124.19995234547207,"oneway":false},"geometry":{"type":"LineString","coordinates":[[125.15874,11.265477],[125.1590211,11.2653138],[125.1594227,11.2650539],[125.1596828,11.264853]]}},{"type":"Feature","properties":{"u":"12971428065","v":"12971428042","key":"0","osmid":1411621568,"name":null,"ref":null,"highway":"residential","length":48.32505777993457,"oneway":false},"geometry":{"type":"LineString","coordinates":[[125.15874,11.265477],[125.1587753,11.2656776],[125.1588571,11.2658736],[125.1588585,11.2658928]]}},{"type":"Feature","properties":{"u":"13955982837","v":"1170097794","key":"0","osmid":387040461,"name":null,"ref":null,"highway":"tertiary","length":571.594766430797,"oneway":false},"geometry":{"type":"LineString","coordinates":[[125.0604308,11.2788562],[125.0604951,11.2788049],[125.0607741,11.2786945],[125.060935,11.2786642],[125.0613984,11.2786359],[125.0614862,11.2786399],[125.0615291,11.2786451],[125.0617652,11.2786517],[125.0625443,11.2786155],[125.0630352,11.2785813],[125.0631398,11.2785879],[125.0632699,11.2786392],[125.0633289,11.2786484],[125.0634228,11.2786326],[125.0636937,11.2785892],[125.0639847,11.2785932],[125.0641268,11.2786037],[125.0642127,11.2786353],[125.0645828,11.2788707],[125.0647008,11.2789075],[125.0648215,11.2789272],[125.0651143,11.2788847],[125.0652869,11.2788628],[125.0653982,11.2788878],[125.0654975,11.2789522]]}},{"type":"Feature","properties":{"u":"13955982886","v":"8382562394","key":"0","osmid":902515087,"name":null,"ref":null,"highway":"residential","length":6.77049186975943,"oneway":false},"geometry":{"type":"LineString","coordinates":[[125.030139,11.279574],[125.0301994,11.2795881]]}},{"type":"Feature","properties":{"u":"13955982886","v":"8382562393","key":"0","osmid":902515087,"name":null,"ref":null,"highway":"residential","length":29.684706273753985,"oneway":false},"geometry":{"type":"LineString","coordinates":[[125.030139,11.279574],[125.0298722,11.279521]]}},{"type":"Feature","properties":{"u":"13955982886","v":"8382562401","key":"0","osmid":902515088,"name":null,"ref":null,"highway":"residential","length":83.88770120296408,"oneway":false},"geometry":{"type":"LineString","coordinates":[[125.030139,11.279574],[125.0301404,11.2796367],[125.030182,11.2803272]]}},{"type":"Feature","properties":{"u":"13955982887","v":"10784071965","key":"0","osmid":902515104,"name":null,"ref":null,"highway":"residential","length":5.830901172899392,"oneway":false},"geometry":{"type":"LineString","coordinates":[[125.0299563,11.2804773],[125.0299378,11.2804281]]}},{"type":"Feature","properties":{"u":"13955982887","v":"8382614538","key":"0","osmid":902515104,"name":null,"ref":null,"highway":"residential","length":15.276329307117422,"oneway":false},"geometry":{"type":"LineString","coordinates":[[125.0299563,11.2804773],[125.0299902,11.2806106]]}},{"type":"Feature","properties":{"u":"13955982887","v":"8382614541","key":"0","osmid":1531240315,"name":null,"ref":null,"highway":"residential","length":84.6945171837557,"oneway":false},"geometry":{"type":"LineString","coordinates":[[125.0299563,11.2804773],[125.030068,11.28051],[125.0303263,11.2806403],[125.0306635,11.2807888]]}},{"type":"Feature","properties":{"u":"13956012152","v":"4848526403","key":"0","osmid":245349099,"name":null,"ref":null,"highway":"unclassified","length":2810.7609270369126,"oneway":false},"geometry":{"type":"LineString","coordinates":[[125.1509044,11.3820154],[125.1511458,11.3822231],[125.1512182,11.3823256],[125.1513308,11.3824006],[125.1516232,11.382586],[125.1520362,11.3829817],[125.1523541,11.3832052],[125.152511,11.3833577],[125.1526102,11.3833998],[125.1529013,11.3833866],[125.1529817,11.3833945],[125.1530796,11.3834537],[125.1534095,11.3837363],[125.1536617,11.3838757],[125.1537032,11.3839572],[125.1538011,11.3843096],[125.153836,11.3846501],[125.1538065,11.3848013],[125.153769,11.3848828],[125.1537797,11.3849459],[125.1539205,11.3850182],[125.154174,11.3852075],[125.1543228,11.385548],[125.1544288,11.3862146],[125.154418,11.3868588],[125.1544449,11.3870718],[125.1544395,11.3872151],[125.1543993,11.3874563],[125.1543,11.3878685],[125.154237,11.3879921],[125.1542531,11.3881183],[125.1542129,11.3882839],[125.1541203,11.3884824],[125.1539835,11.3886481],[125.1537542,11.3888374],[125.153663,11.3889544],[125.1536442,11.389124],[125.1535007,11.3896736],[125.1534766,11.3898524],[125.1534444,11.3900561],[125.1532573,11.3902014],[125.1530877,11.3904505],[125.1528409,11.3910579],[125.1525327,11.3915205],[125.1521937,11.3920414],[125.1520151,11.3926027],[125.151644,11.3933572],[125.1515025,11.3937359],[125.1513724,11.3942802],[125.1512504,11.3947127],[125.1513496,11.3950835],[125.151245,11.3954595],[125.150899,11.3959722],[125.1505329,11.3963495],[125.1501721,11.3965112],[125.1494465,11.3970151],[125.149354,11.3972343],[125.1493353,11.397534],[125.1493045,11.398003],[125.1491625,11.3985149],[125.1491946,11.3990179],[125.1494649,11.3995792],[125.1496664,11.3998172],[125.1497168,11.4000103],[125.1496344,11.4005357],[125.1494832,11.4008275],[125.1494962,11.4011467],[125.1494211,11.4012702],[125.1494318,11.4014885],[125.1494533,11.4016725],[125.1493044,11.4019985],[125.1491569,11.4022286],[125.1491287,11.4025152],[125.1491559,11.402797],[125.1493697,11.4032701],[125.1494233,11.4034634]]}},{"type":"Feature","properties":{"u":"13956012152","v":"8434496188","key":"0","osmid":908359206,"name":null,"ref":null,"highway":"unclassified","length":948.6927975223543,"oneway":false},"geometry":{"type":"LineString","coordinates":[[125.1509044,11.3820154],[125.1508963,11.3820706],[125.1508266,11.3824387],[125.15073,11.3827674],[125.1505825,11.3831013],[125.1504672,11.3832933],[125.1502606,11.3834931],[125.1500139,11.3836693],[125.1479351,11.3846843],[125.1471814,11.3850077],[125.1465002,11.3851418],[125.1459852,11.3853022],[125.1453468,11.3856072],[125.1441935,11.3861778],[125.1439051,11.3863527]]}},{"type":"Feature","properties":{"u":"13956012152","v":"4848524521","key":"0","osmid":1531240042,"name":null,"ref":null,"highway":"unclassified","length":781.4616475921245,"oneway":false},"geometry":{"type":"LineString","coordinates":[[125.1509044,11.3820154],[125.1509044,11.3818444],[125.1508614,11.381667],[125.1507447,11.3814146],[125.1505422,11.3810214],[125.150266,11.3804508],[125.1500836,11.3800985],[125.1498878,11.3796804],[125.1498047,11.3792939],[125.1496477,11.3782749],[125.1496048,11.3779476],[125.1495525,11.3775084],[125.1495606,11.3771639],[125.14957,11.3765658],[125.1495887,11.3760241],[125.1496171,11.3752369]]}},{"type":"Feature","properties":{"u":"13956012165","v":"8434438863","key":"0","osmid":908350594,"name":null,"ref":null,"highway":"residential","length":59.373062484354364,"oneway":false},"geometry":{"type":"LineString","coordinates":[[125.1497836,11.3747264],[125.1498824,11.3744871],[125.149981,11.3742288]]}},{"type":"Feature","properties":{"u":"13956012165","v":"4848524521","key":"0","osmid":908350594,"name":null,"ref":null,"highway":"residential","length":59.60918931771951,"oneway":false},"geometry":{"type":"LineString","coordinates":[[125.1497836,11.3747264],[125.1497,11.3749644],[125.1496171,11.3752369]]}},{"type":"Feature","properties":{"u":"13956012165","v":"13956012171","key":"0","osmid":1531240043,"name":null,"ref":null,"highway":"residential","length":133.42303683104956,"oneway":false},"geometry":{"type":"LineString","coordinates":[[125.1497836,11.3747264],[125.1497644,11.3746239],[125.149751,11.3745555],[125.1497295,11.374474],[125.1496786,11.3744293],[125.149641,11.3743964],[125.1496343,11.3743714],[125.1498906,11.3736123]]}},{"type":"Feature","properties":{"u":"13956012171","v":"4848524501","key":"0","osmid":492882504,"name":null,"ref":null,"highway":"residential","length":6.892080687561567,"oneway":false},"geometry":{"type":"LineString","coordinates":[[125.1498906,11.3736123],[125.1498703,11.3735536]]}},{"type":"Feature","properties":{"u":"13956012171","v":"8434438863","key":"0","osmid":492882504,"name":null,"ref":null,"highway":"residential","length":70.47327531464681,"oneway":false},"geometry":{"type":"LineString","coordinates":[[125.1498906,11.3736123],[125.1499683,11.3738376],[125.1499951,11.3739533],[125.1499951,11.3740638],[125.1499951,11.3741768],[125.149981,11.3742288]]}},{"type":"Feature","properties":{"u":"13956012171","v":"13956012165","key":"0","osmid":1531240043,"name":null,"ref":null,"highway":"residential","length":133.4230368310496,"oneway":false},"geometry":{"type":"LineString","coordinates":[[125.1498906,11.3736123],[125.1496343,11.3743714],[125.149641,11.3743964],[125.1496786,11.3744293],[125.1497295,11.374474],[125.149751,11.3745555],[125.1497644,11.3746239],[125.1497836,11.3747264]]}}]}